ID	QUESTION	ANSWER	CHOICES	gpt-4o	mistral-large-latest	llama-v3p1-405b-instruct	gemini-1.5-pro	claude-3-5-sonnet-20240620	gpt-4o-mini	gpt-3.5-turbo	gemini-1.0-pro	llama-v3p1-70b-instruct	llama-v3p1-8b-instruct
1	भावप्रकाशननिघण्टौ प्रथमं कस्य वर्गस्य उल्लेखः अस्ति? 	हरीत्क्यादि	हरीत्क्यादि / आमलक्यादि / हरिद्रादि / गुडूच्यादि	हरीत्क्यादि	हरीत्क्यादि	हरीत्क्यादि	"**हरीत्क्यादि**  

भावप्रकाशे रस-गुण-वीर्य-विपाक-प्रभावेषु वर्गीकरणम् अस्ति हरीतक्यादिः रसवर्गः प्रथमः उल्लिखितः"	भावप्रकाशननिघण्टौ प्रथमं हरीतक्यादिवर्गस्य उल्लेखः अस्ति	भावप्रकाशननिघण्टौ प्रथमं हरियुक्त वर्गस्य उल्लेखः अस्ति	भावप्रकाशनिघण्टुस्य प्रथमं वर्गं हरीतवर्गः उल्लेख्यः अस्ति इ	हरीत्क्यादि	हरीत्क्यादि	हरीत्क्यादि
2	अमृतपानसमये भगवतः इन्द्रस्य मुखात् पृथिव्याम् बिन्दुः पतित्वा किं द्रव्यम् उत्पन्नम् आसीत्? 	अभया	गुडूची / अभया / आमलकी / अमृतवल्ली	अमृतवल्ली	अमृतवल्ली	गुडूची	**गुडूची**  इन्द्रस्य मुखात् पतितः बिन्दुः **अमृतत्वात्** गुडूचीम् उत्पादितवान्	गुडूची	अमृतवल्ली	अमृतपानसमये इन्द्रस्य मुखात् पृथिव्याम् बिन्दुः पतित्वा अमृत	अमृतवल्ली	अमृतपानसमये भगवतः इन्द्रस्य मुखात् पृथिव्याम् बिन्दुः पतित्वा अमृतवल्ली द्रव्यम् उत्पन्नम् आसीत्	अमृतपानसमये भगवतः इन्द्रस्य मुखात् पृथिव्याम् बिन्दुः पतित्वा गुडूची उत्पन्नम् आसीत्
4	हरीतक्याः कति प्रकाराः उक्ताः?	७	३ / ५ / ७ / २	७	३	७	**सप्त**  वाल्मीकि रामायणे हरीतक्याः सप्त प्रकाराः वर्णिताः	सप्त (७)	हरीतक्याः द्वौ प्रकारौ उक्ताः	हरीतक्याः त्रयः प्रकाराः उक्ताः अस्ति तेषां मध्ये एकः प्रकारः प्र	पाँच	हरीतक्याः सप्त प्रकाराः उक्ताः	उत्तरम् - ३
5	कः प्रकारः हरीतक्याः सर्वत्र उपलभ्यते? 	रोहिणी	विजया / चेतकी / अभया / रोहिणी	अभया	चेतकी	विजया	**अभया**	अभया	विजया	हरीतकी एक प्रकारः फलं अस्ति एतस्मिन् प्रकारे अनेक गुणाः सन्ति यथ	विजया	अभया	विजया
6	हरीतक्यां कति रसाः वर्तन्ते? 	५	३ / ४ / ५ / ६	५	६	६	षण्ण  रामायणं षड्रससम्पन्नम् इति श्रूयते	षट्	हारीतक्यां पञ्च रसाः वर्तन्ते	हरीतक्यां षड्रसाः वर्तन्ते ते च स्वादु, कटु, तीक्ष्ण, लघु, उष	षड् रसाः	हरीतक्यां पञ्च रसाः वर्तन्ते	६
7	उत्तमहरीतक्याः भारः कियान् भवेत्?	२ कर्षः	१ कर्षः / २ कर्षः / ३ कर्षः / १ तोलः	१ तोलः	१ तोलः	उत्तमहरीतक्याः भारः २ कर्षः भवेत्	१ तोलः	१ कर्षः	उत्तमहरीतक्याः भारः १ कर्षः भवेत्	उत्तमहरीतक्याः भारः एक तोलः अस्ति	१ तोलः	उत्तमहरीतक्याः भारः १ कर्षः भवेत्	उत्तमहरीतक्याः भारः १ कर्षः भवेत्
9	विभीतकस्य पर्यायः कः अस्ति? 	सर्वे	कलिदूमः / भूतवासः / कलियुगालयः / सर्वे	सर्वे	कलिदूमः	विभीतकस्य पर्यायः कलिदूमः / भूतवासः / कलियुगालयः / सर्वे	"**सर्वे** | **एते सर्वे शब्दाः ""विभीतक""स्य पर्यायाः सन्ति**"	"बहेडा (विभीतक) वृक्षस्य पर्यायवाचि-शब्दाः भवन्ति:

कलिदूमः
भूतवासः
कलियुग"	सर्वे	कलिदूमः	सर्वे	कलिदूमः	विभीतकस्य पर्यायः कलिदूमः अस्ति
10	आमलक्याः पर्यायः कः अस्ति? 	सर्वे	वयस्या / वृष्या / जातीफलरसः / सर्वे	जातीफलरसः	वृष्या	वयस्या	"**सर्वे** 

आमलक्यः पर्यायाः वयस्याः, वृक्षाः, जातीफलरसाः च"	जातीफलरसः	जातीफलरसः	आमलक्याः एकस्मिन् वर्णे पर्यायः वृष्या इति	सर्वे	वयस्या	वृष्या
12	"एतत् कस्य विषये उक्तम् अस्ति - ""हरीतकिसमं ......रक्तपित्तप्रमेहघ्नं परं वृष्यं रसायनम्। """	आमलकी	विभीतकः / आमलकी / गुडूची / अभया	अभया	विभीतकः	अभया	"**अभया** 

एतत् अभयायाः विषये उक्तम् अस्ति यत् सा हरीतकीसमम् रक्तपित्तप्रमेहघ्नं परं वृष्यं रसायनम् अस्ति"	अभया	एतत् आमलकी विषये उक्तम् अस्ति	"""हरीतकिसमं विभीतकः"" इति वाक्ये उक्तमस्ति हरीतकिः विभीतकं इत्यस"	"#### हरितकी:

हरीतकिसमं  रक्तपित्तप्रमेहघ्नं परं वृष्यं रसायनम् 

(भावप्रकाश: पूर्व खंड: ४६/११०)

हरितकी रक्तपित्त, प्रमेह"	अभया	विभीतकः
13	वरा कस्य पर्यायः अस्ति? 	त्रिफला	हरिद्रा / गुडूची / आमलकी / त्रिफला	गुडूची	गुडूची	आमलकी	**आमलकी**	हरिद्रा	वरा पर्यायः हरिद्रा अस्ति	हरिद्रा एव गुडूचि, आमलकी च त्रिफलायाः पर्यायः अस्ति त्रिफला त	हरिद्रा	वरा इति हरिद्रा अस्ति	वरा किंवा त्रिफला
14	शुण्ठीः कस्य पर्यायः अस्ति? 	सर्वे	विश्वा / महौषधः / श्रृंगवेरः / सर्वे	श्रृंगवेरः	श्रृंगवेरः	शुण्ठीः महौषधः पर्यायः अस्ति	"**श्रृंगवेरः** 

श्रृंगवेरः इति शब्दः शृंगं भेदयित्वा वेरं गच्छतीति अर्थे"	श्रृंगवेरः	महौषधः	शुण्ठीः महौषधः अस्ति	"सर्वे 
 शुण्ठी इति नाम चत्वारि पदार्थानि सूचयति विश्वा, महौषधः, श्रृंगवेरः च शुण्ठी पर्यायाः सन्ति"	शुण्ठीः कस्य पर्यायः अस्ति?  विश्वा / महौषधः / श्रृंगवेरः / सर्वे इति प्रश्नस्य उत्तरम् सर्वे इति अस्ति	विश्वा
15	पिप्पली कस्य पर्यायः अस्ति?	सर्वे	कणा / वैदेही / तीक्ष्णतण्डुला / सर्वे	सर्वे	कणा	कणा	"**सर्वे**

एतेषां त्रयाणां पदानां अर्थः पिप्पली इति भवति |"	पिप्पली शब्दस्य पर्यायः सर्वे एते भवन्ति कणा, वैदेही, तीक्ष्णतण्डुला इत्येते त्	तीक्ष्णतण्डुला	"पिप्पली वृक्षस्य पर्यायः अस्ति ""कणा"" इदम् पर्यायम्"	"सर्वे 

पिप्पली = कणा = वैदेही = तीक्ष्णतण्डुला
सर्वे नामानि एकार्थ-बोधकाः  कुल-भेदेन एकस्मै द्रव्य-विशेषाय प्रयुक्"	पिप्पली कणा अस्ति	वैदेही
16	पिप्पली कस्य पर्यायः अस्ति? 	सर्वे	मागधी / कृष्णा / चपला / सर्वे	सर्वे	कृष्णा	पिप्पली कस्य पर्यायः अस्ति?  मागधी / कृष्णा / चपला / सर्वे	सर्वे	मागधी	पिप्पली कस्य पर्यायः अस्ति? - मागधी	पिप्पलीः मागधी इत्येव पर्यायः अस्ति	"सर्वे! 

पिप्पली मागधी, कृष्णा, चपलानाम् सर्वेषां पर्यायः अस्ति"	मागधी	मागधी
17	मरीचः कस्य पर्यायः अस्ति? 	सर्वे	कृष्णः / धर्मपतनः / वेल्लजः / सर्वे	वेल्लजः	मरीचः कृष्णः अस्ति	मरीचः कृष्णः धर्मपतनः वेल्लजः सर्वे पर्यायपदानि सन्ति	**मृगः** | मृगपर्यायत्वेन प्रसिद्धः मारीचः	वेल्लजः	मरीचः धर्मपतनस्य पर्यायः अस्ति	मरीचः रावणस्य पुत्रः अस्ति	मरीचः _वेल्लजः_ पर्यायः अस्ति	मरीचः कस्य पर्यायः अस्ति?  सर्वे	वेल्लजः
18	मरीचःकस्य पर्यायः नास्ति? 	कृष्णा	कृष्णा / ऊषणः / कृष्णः / वेल्लजः	कृष्णा	कृष्णा	मरीचःकस्य पर्यायः नास्ति?  कृष्णा	"**ऊषणः** 

मरीचः रावणस्य मातामहः पुलस्त्यऋषेः पुत्रः आसीत्  ऊषणः तु सूर्यदेवस्य पर्यायः अस्ति"	"वेल्लजः

मरीच-शब्दस्य पर्यायाः सन्ति कृष्णा, ऊषणः, कृष्णः इति परन्तु ""वेल"	मरीचः ऊषणः इति पर्यायः अस्ति	मरीचः ऊषणः	सत्यम् कृष्णः मरीचः पर्यायः नास्ति	मरीचःकस्य पर्यायः ऊषणः	कृष्णा
19	व्योषः कस्य पर्यायः अस्ति? 	सर्वे	त्रिकटु / त्रयूषणः / कटुत्रिकः / सर्वे	सर्वे	सर्वे	सर्वे	"**सर्वे** | 

**कथम्?** एतेषु सर्वे पदेषु व्योषस्य पर्यायत्वम् अस्ति |"	सर्वे	व्योषः त्रिकटु इति पर्यायः अस्ति	त्रिकटु एव व्योषः पर्यायः अस्ति	सर्वे	सर्वे	व्योषः कस्य पर्यायः अस्ति? त्रिकटु
20	चटकाशिरः कस्य पर्यायः अस्ति? 	पिप्लीमूलः	शुण्ठी / काकानासा / पिप्लीमूलः / भल्लातकः	काकानासा	काकानासा	पिप्लीमूलः	भल्लातकः	शुण्ठी	चटकाशिरः काकानासा इत्यस्य पर्यायः अस्ति	चटकाशिरः शुण्ठ्याः पर्यायः अस्ति	शुण्ठी	चटकाशिरः कस्य पर्यायः अस्ति?  शुण्ठी	पिप्लीमूलः
27	अजमोदा कस्य पर्यायः अस्ति? 	सर्वे	खराश्वः / मायूरः / ब्रह्मकुशा / सर्वे	मायूरः	ब्रह्मकुशा	अजमोदा ब्रह्मकुशा कस्य पर्यायः अस्ति	खराश्वः	"उत्तरम्: सर्वे

अजमोदा शब्दः खराश्वः, मायूरः, तथा ब्रह्मकुशा - एतेषां त्रयाण"	अजमोदा: ब्रह्मकुशस्य पर्यायः अस्ति	अजमोदा शब्दस्य पर्यायः मायूरः अस्ति	"खराश्वः 
अजमोदा  शब्दस्य पर्यायः  खराश्वः  अस्ति, किम्बा शोभनः मृगः"	अजमोदा कस्य पर्यायः अस्ति?  खराश्वः	अजमोदा कस्य पर्यायः ब्रह्मकुशा अस्ति
29	कुस्तुम्बरू कस्य पर्यायः अस्ति? 	धान्यकः	धान्यकः / जीरकः / यवानी / अजमोदा	धान्यकः	जीरकः	अजमोदा	अजमोदा	धान्यकः	कुस्तुम्बरूः जीरकस्य पर्यायः अस्ति	"कुस्तुम्बरू शब्दस्य पर्यायः ""अजमोदा"" इति अस्ति"	अजमोदा	अजमोदा	धान्यकः
30	मेथिका कस्य पर्यायः अस्ति? 	सर्वे	बहुपत्रिका / बहुबीजा / बहुपर्णी / सर्वे	बहुपर्णी	बहुपत्रिका	बहुपत्रिका	"**बहुबीजा** 

मेथिका वृक्षे बहुबीजानि भवन्ति"	बहुपत्रिका	मेथिका बहुपर्णी अस्ति	"मेथिका शब्दस्य पर्यायः ""बहुपर्णी"" अस्ति एतस्मिन् पर्णिका अनेकप"	"'बहुपर्णी' इति पदं 'मेथिका' पर्यायः अस्ति 

मूलतः 'बहुपर्णी' शब्दस्य अर्थः 'बहूनि पर्णानि यस्याः' अस्ति मेथिकायाः वनस्पतौ"	बहुपत्रिका	बहुपत्रिका
31	मेथिका अधस्तनेषु कस्य पर्यायः अस्ति?	सर्वे	ज्योतिः / पीतबीजः / मुनिच्छदा / सर्वे	सर्वे	पीतबीजः	मेथिका अधस्तनेषु सर्वे पर्यायः अस्ति	पीतबीजः	पीतबीजः	ज्योतिः	"अधस्तनेषु ""पर्यायः"" शब्दस्य पर्यायः ""सर्वे"" इति अस्ति इत्यस"	सर्वे	मेथिका अधस्तनेषु मुनिच्छदा पर्यायः अस्ति	मेथिका अधस्तनेषु मुनिच्छदा पर्यायः अस्ति
32	पशुमेहनकारिका अनेन शोषणस्य पर्यायः कः अस्ति?  	चन्द्रशूरः	मेथिका / जीरकम् / चन्द्रशूरः / अजमोदा	चन्द्रशूरः	मेथिका	अजमोदा	**अजमोदा**	मेथिका	मेथिका	मेथिका	चन्द्रशूरः	चन्द्रशूरः	मेथिका
33	हींगी अधस्तनेषु कस्य पर्यायः कः न अस्ति?	न कश्चन	सहस्रवेधि / रामठ / वाहलीक / न कश्चन	रामठ	सहस्रवेधि	न कश्चन	"**न कश्चन** |

**कथम्?**  सर्वे  - सहस्रवेधि, रामठ, वाहलीक -  हींगी अधस्तनेषु पर्यायाः सन्ति |"	न कश्चन	वाहलीक	"अस्ति अस्य पर्यायः ""न कश्चन"" इति"	"नास्ति, सहिष्णुः

कारणम्:

हींगी एकः पदार्थः एषु कतिपयेभ्यः नास्ति, सहिष्णुः च तेषु अन्यतमः अस्ति"	हींगी अधस्तनेषु सहस्रवेधि पर्यायः न अस्ति	सहस्रवेधि
36	चोपचीनीवर्णनं भावप्रकाशस्य कस्मिन वर्गे कृतम् अस्ति?	हरीतक्यादिवर्गः	कर्पूरादिवर्गः / गुडूच्यादिवर्गः / हरीतक्यादिवर्गः / पुष्पवर्गः	कर्पूरादिवर्गः	कर्पूरादिवर्गः	कर्पूरादिवर्गः	कर्पूरादिवर्गः	हरीतक्यादिवर्गः	चोपचीनीवर्णनं भावप्रकाशस्य गुडूच्यादिवर्गे कृतम् अस्ति	भावप्रकाशस्य पुष्पवर्गे चोपचीनीवर्णनं कृतमस्ति यदि अन्य वर	"करपुर-आदि-वर्गः  
अस्मिन् वर्गे कर्पूरादीनां चोपचीन्यादीनां च क्रिया विस्तरेण विवेचिताः तत् संस्कृतव्याकरणदृष्ट्या प्रमाणं नास्ति"	हरीतक्यादिवर्गः	चोपचीनीवर्णनं भावप्रकाशस्य हरीतक्यादिवर्गे कृतम् अस्ति
37	वायविडङ्ग अधस्तनेषु कस्य पर्यायः  अस्ति?	सर्वेषाम्	कृमिघ्नस्य / चित्रतण्डुलस्य / जन्तुनाशनस्य / सर्वेषाम्	सर्वेषाम्	सर्वेषाम्	वायविडङ्ग अधस्तनेषु सर्वेषाम् पर्यायः  अस्ति	सर्वेषाम्  वायविडङ्गं कृमिघ्नं, चित्रतण्डुलम्, जन्तुनाशनं च भवति	"सर्वेषाम्

वायविडङ्गः कृमिघ्नस्य, चित्रतण्डुलस्य, जन्तुनाशनस्य च पर्यायः"	कृमिघ्नस्य	वायविडङ्ग अधस्तनेषु कृमिघ्नस्य पर्यायः अस्ति	सर्वेषाम्	सर्वेषाम्	वायविडङ्ग अधस्तनेषु कस्य पर्यायः  कृमिघ्नस्य अस्ति
38	त्वगाक्षिरी अधस्तनेषु कस्य पर्यायः अस्ति?	वंशलोचनस्य	वंशलोचनस्य / वायविहङ्गस्य / द्वीपांतर बचा / लवङ्गस्य	वंशलोचनस्य	वंशलोचनस्य	वंशलोचनस्य	**वायुविहङ्गस्य**  गृध्रः त्वगाक्षिः, अधस्तनेषु च वायौ विहरति	लवङ्गस्य	त्वगाक्षिरी इत्यस्य पर्यायः वायविहङ्गस्य अस्ति	वंशलोचनस्य	**तुगाक्षिरी**, वंशलोचनस्य पर्यायः अस्ति	वायविहङ्गस्य	वंशलोचनस्य पर्यायः त्वगाक्षिरी अस्ति
39	क्लोतंक अनेन शोषणस्य पर्यायः कः अस्ति?	यष्टिमधु	हरिद्रा / यष्टिमधु / मधुक / सारिवा	सारिवा	यष्टिमधु	यष्टिमधु	**यष्टिमधु**	यष्टिमधु	हरिद्रा	हरिद्रा	हरिद्रा	क्लोतंक अनेन शोषणस्य पर्यायः हरिद्रा अस्ति	क्लोतंक अनेन शोषणस्य पर्यायः हरिद्रा अस्ति
40	आरग्वधः अधस्तनेषु कस्य पर्यायः न अस्ति?	कर्णिकारस्य	शम्पाकस्य / व्याधिधातस्य / रोचनस्य / कर्णिकारस्य	रोचनस्य	रोचनस्य	व्याधिधातस्य	"**कर्णिकारस्य** | 

आरग्वधः शम्पाक, व्याधिधात, रोचना इत्येतेषां पर्यायः अस्ति कर्णिकारः तु अन्यस्य वृक्षस्य नाम अस्ति"	"रोचनस्य

आरग्वधस्य पर्यायाः सन्ति शम्पाकः, व्याधिधातः, कर्णिकारः इत्यादयः रो"	आरग्वधः कर्णिकारस्य पर्यायः न अस्ति	शम्पाकस्य	"सही उत्तर है: व्याधिधातस्य 

* आरग्वधः अर्जुन वृक्ष का पर्यायवाची है
* शम्पाकः चंपक वृक्ष का पर्यायवाची है
* रोचनः और कर्णिकारः दोनों"	आरग्वधः अधस्तनेषु व्याधिधातस्य पर्यायः न अस्ति	आरग्वधः अधस्तनेषु कस्य पर्यायः अस्ति शम्पाकः
41	कुटकी अधस्तनेषु कस्य पर्यायः अस्ति?	सर्वेषाम्	कृष्णभेदायाः / करम्भरायाः / शुक्लादन्याः / सर्वेषाम्	कृष्णभेदायाः	कृष्णभेदायाः	कुटकी अधस्तनेषु सर्वेषाम् पर्यायः अस्ति		सर्वेषाम्	कृष्णभेदायाः	कुटकी अधस्तनेषु करम्भरायाः पर्यायः अस्ति	"अधस्तनेषु कुटकीपर्यायः सर्वानाम् एव विद्यते 

## व्याख्या

**कृष्णभेदा:** चरुकी, भद्रसारस, कृष्णकुटकी, शतपुष्पा

**करम्बरा:** व"	कृष्णभेदायाः	कृष्णभेदायाः
42	मत्स्यपित्ता अधस्तनेषु कस्य पर्यायः अस्ति?	कुटक्याः	कुटक्याः / मधुयष्ट्याः / आरग्वधस्य / मण्डूक्याः	आरग्वधस्य	आरग्वधस्य	मण्डूक्याः	**मधुयष्ट्याः** | मत्स्यः मधुयष्ट्या आकृष्यन्ते	आरग्वधस्य	मत्स्यपित्ता कुटक्याः पर्यायः अस्ति	मत्स्यपित्ता आरग्वधस्य पर्यायः अस्ति	आरग्वधस्य	आरग्वधस्य	मद्यस्य पर्यायः कुटक्याः
43	किराततिक्तः एतेषु कस्य पर्यायः अस्ति?	काण्डतिक्तायाः	कटुरोहिण्याः / तिक्तायाः/ कटुकायाः / काण्डतिक्तायाः	कटुरोहिण्याः	कटुकायाः	कटुरोहिण्याः	"**काण्डतिक्तायाः**

काण्डतिक्तः इति पदं कषाय-रसस्य पर्यायः अस्ति"	तिक्तायाः	किराततिक्तः तिक्तायाः पर्यायः अस्ति	किराततिक्तः एतेषु कस्य पर्यायः अस्ति? तिक्तायाः	"सत्यम्! 

प्रत्येकस्य पर्यायस्य अर्थः मिलति ""किराततिक्तः"" इति"	किराततिक्तः एतेषु कटुकायाः पर्यायः अस्ति	किराततिक्तः एतेषु कस्य पर्यायः अस्ति? कटुकायाः
44	विषपुष्पकः एतेषु कस्य पर्यायः अस्ति?	मदनफलस्य	मदनफलस्य / अर्कस्य / लाङगल्याः / करवीरस्य	करवीरस्य	अर्कस्य	करवीरस्य	**पुष्पकः**	करवीरस्य	विषपुष्पकः करवीरस्य पर्यायः अस्ति	मदनफलस्य् एव विषपुष्पकः पर्यायः अस्ति विषपुष्पकः एव मद	अर्कस्य	विषपुष्पकः अर्कस्य पर्यायः अस्ति	विषपुष्पकः अर्कस्य पर्यायः अस्ति
45	मदनफलम् एतेषु कस्य पर्यायः अस्ति?	सर्वेषाम्	छर्दनस्य / नटस्य / शल्यकस्य / सर्वेषाम्	छर्दनस्य	नटस्य	छर्दनस्य	"**मदनफलम्** शल्यकस्य पर्यायः अस्ति 

**कथम्?**  मदनफलं इति शल्यकस्य फलस्य नाम"	"सर्वेषाम्

मदनफलम् एतेषां त्रयाणामपि पर्यायः अस्ति मदनफलं नाम एकं वनस्पतिजात"	मदनफलम् छर्दनस्य पर्यायः अस्ति	मदनफलम् नटस्य पर्यायः अस्ति नटः मदनफलानि अपि निरूपयति	सर्वेषाम्	छर्दनस्य	मदनफलम् एतेषु पर्यायः छर्दनस्य अस्ति
46	रास्ना एतेषु कस्य पर्यायः न अस्ति?	रामसेनकस्य	युक्तरसायाः / एलापर्ण्याः / श्रेयस्याः / रामसेनकस्य	श्रेयस्याः	श्रेयस्याः	एलापर्ण्याः	"रामसेनकस्य 

**कथम्?** रामसेनकः लक्ष्मणस्य पर्यायः अस्ति, न तु रावणस्य"	श्रेयस्याः	रामसेनकस्य	रास्ना शब्दस्य पर्यायः रामसेनकस्य इति रामसेनकः अयम् जनः र	एतेषां पर्यायानां रास्ना नास्ति एला, पर्णी, श्रेयसी, रामसेनकश्च पृथक्-पृथक् औषधीय वनस्पतयः सन्ति	एलापर्ण्याः	"रास्ना एतेषु कस्य पर्यायः न अस्ति? युक्तरसायाः / एलापर्ण्याः / श्रेयस्याः / रामसेनकस्य

उत्तरम्: रास्ना = युक"
48	पारावतपदी एतेषु कस्य पर्या्यः अस्ति?	मालकाङ्गन्याः	मालकाङ्गन्याः / रास्नायाः / गुडुच्याः / ब्रह्म्याः	रास्नायाः	गुडुच्याः	मालकाङ्गन्याः	रावण्याः	गुडुच्याः	पारावतपदी ब्रह्म्याः पर्या्यः अस्ति	"मालकाङ्गन्याः - राज्ञ्याः
रास्नायाः - कुण्डलीयाः
गुडुच्याः - उ"	"पारावतपदी एक पर्याय है:

* **मालकाङ्गन्याः**"	मालकाङ्गन्याः	पारावतपदी एतेषु ब्रह्म्याः पर्या्यः अस्ति
49	चोकः कस्य द्रव्यस्य मूलं कथ्यते?	सत्यानाश्याः	शालपर्ण्याः / कुटजस्य / सत्यानाश्याः / वचायाः	कुटजस्य	सत्यानाश्याः	वचायाः	शालपर्णानाम्	कुटजस्य	चोकः कुटजस्य द्रव्यस्य मूलं कथ्यते	चोकः वचायाः द्रव्यस्य मूलं कथ्यते	चोकः द्रव्यस्य वचायाः मूलं कथ्यते	कुटजस्य	शालपर्ण्याः
51	ब्राह्मणयष्टिका एतेषु कस्य पर्यायः अस्ति?	भारङ्ग्याः	यष्टीमधुनः/ धातक्याः / भारङ्ग्याः / कायफलस्य	धातक्याः	यष्टीमधुनः	यष्टीमधुनः	**धातक्याः**	धातक्याः	ब्राह्मणयष्टिका यष्टीमधुनः इत्यस्मिन् पर्यायः अस्ति	"""यष्टीमधुनः"" एव ब्राह्मणयष्टिका एतेषु पर्यायः अस्ति"	धातक्याः	ब्राह्मणयष्टिका एतेषु धातक्याः पर्यायः अस्ति	ब्राह्मणयष्टिका एतेषु पर्यायः कायफलस्य अस्ति
52	कट्फलः एतेषु कस्य पर्यायः न अस्ति?	अङ्गारवल्ल्याः	कैटेर्यस्य / अङ्गारवल्ल्याः / श्रीपर्णिकायाः / भद्रवत्याः	कैटेर्यस्य	अङ्गारवल्ल्याः	अङ्गारवल्ल्याः	"**भद्रवत्याः**

भद्रवत्याः इति पदं दुर्गायाः पर्यायः अस्ति, कट्फलस्य न"	"श्रीपर्णिकायाः

कट्फलः शब्दः कैटेर्यस्य, अङ्गारवल्ल्याः, भद्रवत्याः च पर्"	कट्फलः कैटेर्यस्य पर्यायः न अस्ति	कट्फलः अङ्गारवल्ल्याः एव पर्यायः नास्ति	श्रीपर्णिकायाः	कैटेर्यस्य	कट्फलः एतेषु कस्य पर्यायः न अस्ति? कैटेर्यस्य
53	धातकी एतेषु कस्य पर्यायः न अस्ति?	भद्रायाः	ताम्रपुष्प्याः / कुन्जरायाः / भद्रायाः / ब्रह्मिज्वालायाः	भद्रायाः	ब्रह्मिज्वालायाः	धातकी एतेषु कुन्जरायाः पर्यायः न अस्ति	"**कुन्जरायाः** 

धातकी इति शब्दः ताम्रपुष्प्याः, भद्रायाः, ब्रह्मिज्वालायाः च पर्यायः अस्ति कुन्जरायाः गजस्य पर्यायः अस्त"	ताम्रपुष्प्याः	ताम्रपुष्प्याः	ताम्रपुष्प्याः धातकी एतेषु पर्यायः नास्ति	ताम्रपुष्प्याः	कुन्जरायाः	धातकी = ताम्रपुष्प्याः
54	भावप्रकाशानुसारं मण्डूकपर्णी एतेषु कस्य पर्यायः अस्ति?	क च ख	मण्डूक्याः / ब्रह्म्याः / मञ्जिष्ठा / क च ख	ब्रह्म्याः	मण्डूकपर्णी	मण्डूकपर्णी ब्रह्म्याः पर्यायः अस्ति	मञ्जिष्ठा	ब्रह्म्याः	मण्डूकपर्णी इत्यस्य पर्यायः मण्डूक्यः अस्ति	मण्डूकपर्णी एतेषु मञ्जिष्ठायाः पर्यायः अस्ति एषा एका प्रमुखा	ब्रह्म्याः	मण्डूकपर्णी इत्यस्य पर्यायः ब्रह्मी अस्ति	मण्डूकपर्णी = ब्रह्म्या
55	मञ्जिष्ठा एतेषु कस्य पर्यायः नास्ति?	भद्रवत्याः	मण्डूकपर्ण्याः / योजनवल्ल्याः / रक्तयष्टिकायाः / भद्रवत्याः	मण्डूकपर्ण्याः	भद्रवत्याः	मण्डूकपर्ण्याः	"**योजनवल्ल्याः** 

मञ्जिष्ठा रक्तवर्णा भवति, योजनवल्ली तु श्वेता"	भद्रवत्याः	मण्डूकपर्ण्याः	मञ्जिष्ठा एतेषु योजनवल्ल्याः पर्यायः नास्ति योजनवल्ल्याः	रक्तयष्टिकायाः	रक्तयष्टिकायाः	मण्डूकपर्ण्याः पर्यायः मञ्जिष्ठा
56	विशेषाद्वयङ्गनाशनः एतेषु कस्य कर्म अस्ति?	अलक्तकस्य	अलक्तकस्य / शाल्मल्याः / मधुयष्ट्याः / नीमस्य	नीमस्य	नीमस्य	विशेषाद्वयङ्गनाशनः एतेषु अलक्तकस्य कर्म अस्ति	शाल्मल्याः  रावणेन सीतां हरणशीलां शाल्मलीं वृक्षराजानं कर्तुं शप्तः आसीत्	मधुयष्ट्याः	विशेषाद्वयङ्गनाशनः अलक्तकस्य कर्म अस्ति	शाल्मल्याः एतेषु कर्म अस्ति शाल्मल्याः एकः पुराण वृक्षः अस्त	"नीमस्य 

(नीमः - विशेषार्थे द्वितीया)"	अलक्तकस्य	अलक्तकस्य कर्म अस्ति विशेषाद्वयङ्गनाशनम्
57	पलङ्कषा एतेषु कस्य पर्यायः अस्ति?	लाक्षायाः	मण्डूकपर्ण्याः / लाक्षायाः / गुगुलस्य / बह्म्याः	लाक्षायाः	लाक्षायाः	लाक्षायाः	**लाक्षायाः** | लाक्षायाः निर्मितं पलङ्कषम् इति रामायणे वर्णितं अस्ति	लाक्षायाः	पलङ्कषा इत्यस्य पर्यायः लाक्षायाः अस्ति	मण्डूकपर्ण्याः एतेषु पर्यायः अस्ति ते पुष्पितपुटाः अस्ति	ब्राह्मी	पलङ्कषा एतेषु लाक्षायाः पर्यायः अस्ति	पलङ्कषा एतेषु पर्यायः मण्डूकपर्ण्याः अस्ति
58	हरिद्रा एतेषु कस्य पर्यायः नास्ति?	भद्रायाः	निशाऽऽख्यायाः / योषितप्रियायाः / हटविलासन्याः / भद्रायाः	हटविलासन्याः	निशाऽऽख्यायाः	हरिद्रा एतेषु भद्रायाः पर्यायः नास्ति	"**हटविलासन्याः** 

हरिद्रा रङ्गस्य कारणात् निशा, योषितप्रिया, भद्रा इति पर्यायपदानि भवन्ति"	भद्रायाः	हरिद्रा इत्यस्य पर्यायः निशाऽऽख्यायाः नास्ति	हरिद्रा योषितप्रियायाः पर्यायः अस्ति योषितप्रिया रामायणे एका प्र	निशाऽऽख्यायाः	योषितप्रियायाः	"हरिद्रा एतेषु कस्य पर्यायः नास्ति? निशाऽऽख्यायाः / योषितप्रियायाः / हटविलासन्याः / भद्रायाः

उत्तरम्: हरिद"
59	हरिद्रा एतेषु कस्य पर्यायः अस्ति?	सर्वेषाम्	काच्चन्याः / पीतायाः / वरवर्णिन्याः / सर्वेषाम्	पीतायाः	पीतायाः	सर्वेषाम्	वरवर्णिन्याः	"सर्वेषाम्

हरिद्रा शब्दस्य एते सर्वे पर्यायाः सन्ति काञ्चनी, पीता, वरवर्णिन"	हरिद्रा पीतायाः पर्यायः अस्ति	हरिद्रा एतेषु सर्वेषाम् पर्यायः अस्ति	सर्वेषाम्	पीतायाः	हरिद्रा एतेषु कस्य पर्यायः अस्ति? वरवर्णिन्याः
60	कर्पूरहरिद्रयोः गन्धः केन तुल्यः अस्ति?	आम्रेण	आम्रेण / कर्पूरेण / एलया / रसोनेन	कर्पूरेण	रसोनेन	कर्पूरेण	एलया	कर्पूरेण	कर्पूरहरिद्रयोः गन्धः आम्रेण तुल्यः अस्ति	कर्पूरहरिद्रयोः गन्धः एलया तुल्यः अस्ति विशेषतः कर्पूरहर	कर्पूरेण !	कर्पूरहरिद्रयोः गन्धः कर्पूरेण तुल्यः अस्ति	कर्पूरहरिद्रयोः गन्धः कर्पूरेण तुल्यः अस्ति
61	सुरभीदारु एतेषु कस्य पर्यायः अस्ति?	कर्पूूरहरिद्रायाः	दारूहल्द्याः / हरिद्रायाः / कर्पूरहरिद्रायाः / तेजोहवायाः	दारूहल्द्याः	हरिद्रायाः	दारूहल्द्याः	दारूहल्द्याः	हरिद्रायाः	सुरभीदारु इत्यस्मिन् पर्यायः कर्पूरहरिद्रायाः अस्ति	सुरभीदारु एतेषु तेजोहवायाः पर्यायः अस्ति तेजोहवा इति संस्क	सुरभीदारु, तेजोहवा इत्येतयोः द्वयोः पदयोः पर्यायः अस्ति	दारूहल्द्याः	सुरभीदारु एतेषु पर्यायः हरिद्रा अस्ति
62	कुष्ठवातस्त्रनाशनः एतेषु कस्य गुणः अस्ति?	अरण्यहरिद्रायाः	कर्पूरहरिद्रायाः / हरिद्रायाः / अरण्यहरिद्रायाः / दारूहल्द्याः	दारूहल्द्याः	अरण्यहरिद्रायाः	दारूहल्द्याः	"**हरिद्रायाः** 

हरिद्रायाः रक्तशोधकत्वात् कुष्ठवातनाशनं भवति"	"हरिद्रायाः

कुष्ठवातस्त्रनाशनः इति गुणः हरिद्रायाः अस्ति हरिद्रा सामान्यतया त"	कर्पूरहरिद्रायाः गुणः अस्ति	कुष्ठवातस्त्रनाशनः कर्पूरहरिद्रायाः गुणः अस्ति	कर्पूरहरिद्रायाः	कर्पूरहरिद्रायाः	"कुष्ठवातस्त्रनाशनः एतेषु कस्य गुणः अस्ति? कर्पूरहरिद्रायाः

कर्पूरहरिद्रायाः गुणः अस्ति"
63	दारूहल्दी एतेषु कस्य पर्यायः अस्ति?	सर्वेषाम्	पर्जन्यायाः / कटङ्कटेर्याः / पचम्पचायाः / सर्वेषाम्	कटङ्कटेर्याः	पर्जन्यायाः	दारूहल्दी एतेषु सर्वेषाम् पर्यायः अस्ति	"**सर्वेषाम्** | 

दारूहल्दी इति शब्दः पर्जन्याः, कटङ्कटेर्याः, पचम्पचायाः च  पर्यायः अस्ति |"	कटङ्कटेर्याः	दारूहल्दी इत्यस्मिन् कटङ्कटेर्याः पर्यायः अस्ति	दारूहल्दी एतेषु सर्वेषाम् पर्यायः अस्ति दारूहल्दी एकः अन्य	सर्वेषाम्	पर्जन्यायाः	दारूहल्दी पर्यायः पचम्पचा अस्ति
64	निशागुणा किन्तु नेत्र कर्णास्यरोगानुत अत्र कस्य विषये उक्तम् अस्ति?	अरण्यहरिद्रायाः	हरिद्रायाः / दारूहरिद्रायाः / अरण्यहरिद्रायाः / कर्पूरहरिद्रायाः	दारूहरिद्रायाः	हरिद्रायाः	हरिद्रायाः	"**हरिद्रायाः**

**कथम्?** निशागुणः हरिद्रायाः नेत्ररोगेषु प्रयोगः"	अरण्यहरिद्रायाः	दारूहरिद्रायाः	निशागुणा किन्तु नेत्र कर्णास्यरोगानुत अरण्यहरिद्रायाः विषये उक्त	अरण्यहरिद्रायाः	अत्र हरिद्रायाः विषये उक्तम् अस्ति	अरण्यहरिद्रायाः
65	...... तत् नेत्रयोः परं हितम्। कस्य विषये उक्तम् अस्ति?	गृञ्जनस्य	मुद्गस्य / रसांजनस्य / गृञ्जनस्य / आमलकस्य	रसांजनस्य	आमलकस्य	आमलकस्य	"**आमलकस्य**  

नेत्ररोगेषु आमलकस्य विशेषोपयोगः"	रसांजनस्य	आमलकस्य	नेत्रयोः परं हितं मुद्गस्य उक्तमस्ति आमलकस्य नेत्रयोः हितं नास	"**गृञ्जनस्य**

(वात्स्यायनस्य कामसूत्रम्, तृतीयः पटलः, २१ तमः श्लोकः)
## The answer is गृञ्जनस्य

Vatsyayana's Kamasutra, 3rd Patala"	रसांजनस्य	मुद्गस्य
66	तार्थ्यशैलः, रसगर्भः, तार्क्ष्यजः च कस्य पर्यायाः सन्ति?	रसाञ्जनस्य	रसांजनस्य / हरिद्रायाः / शिलाजीतः / मुक्ताशुक्त्याः	शिलाजीतः	सीतायाः	हरिद्रायाः	"**रामायणस्य**

रामायणं तार्थ्यशैलः, रसगर्भः, तार्क्ष्यजः च वर्तते यतः वाल्मीकिना रचितम्"	गरुडस्य	तार्थ्यशैलः, रसगर्भः, तार्क्ष्यजः च शिलाजीतस्य पर्यायाः सन्ति	रसांजनस्य पर्यायाः सन्ति	रसांजनस्य	तार्थ्यशैलः, रसगर्भः, तार्क्ष्यजः च हरिद्रायाः पर्यायाः सन्ति	तार्थ्यशैलः, रसगर्भः, तार्क्ष्यजः च पर्यायाः मुक्ताशुक्त्यः
67	बाकुची अधोलिखितेषु कस्य पर्यायः अस्ति?	सर्वेषाम्	सोमराज्याः / कालमेष्याः / शशिलेखायाः / सर्वेषाम्	कालमेष्याः	सोमराज्याः	बाकुची इति कालमेष्याः पर्यायः अस्ति	**सर्वेषाम्** | बाकुची एषाम् त्रयाणाम् अपि पर्यायः अस्ति |	सर्वेषाम्	शशिलेखायाः	सर्वेषाम् सही	सर्वेषाम्	बाकुची अधोलिखितेषु कालमेष्याः पर्यायः अस्ति	बाकुची अधोलिखितेषु कस्य पर्यायः अस्ति? - शशिलेखायाः
68	बाकुची अधोलिखितेषु कस्य पर्यायः नास्ति?	भद्रवत्याः	पूतिफल्याः / कालमेष्याः / भद्रवत्याः / अवल्गुजस्य	कालमेष्याः	कालमेष्याः	अवल्गुजस्य	"**भद्रवत्याः** 

बाकुची रावणस्य माता आसीत् तस्याः नाम क्रूरतायाः दुष्टतायाश्च पर्यायः अस्ति"	"बाकुच्याः पर्यायेषु ""भद्रवत्याः"" पर्यायः न भवति"	कालमेष्याः	भद्रवत्याः - इमानि शब्दानि अन्येन शब्देन पर्यायाः न भवन्ति	"कालमेष्याः

सही उत्तर है"	अवल्गुजस्य	"अधोलिखितेषु कस्य पर्यायः नास्ति? पूतिफल्याः / कालमेष्याः / भद्रवत्याः / अवल्गुजस्य

उत्तरम्: कालमेष्याः"
69	मेषलोचनः अधोलिखितेषु कस्य पर्यायः अस्ति?	चक्रमद्रस्य	कुष्ठस्य/ चक्रमर्दस्य / कासमर्दस्य / मेषश्रृङ्ग्याः	कासमर्दस्य	कुष्ठस्य	मेषलोचनः चक्रमर्दस्य पर्यायः अस्ति	"**चक्रमर्दस्य**

चक्रं नाम सुदर्शनं विष्णोः, तस्य आर्दनं येन कृतं स चक्रमर्दः अर्थात् विष्णुः मेघनादः अपि इन्द्रस्य आर्दनं कृत"	मेषश्रृङ्ग्याः	कुष्ठस्य	मेषलोचनः कासमर्दस्य पर्यायः अस्ति धूमकेतुर्ब्राह्मणकुटुम्ब	कुष्ठस्य	मेषलोचनः मेषश्रृङ्ग्याः पर्यायः अस्ति	मेषलोचनः कुष्ठस्य पर्यायः अस्ति
70	चक्रमर्दः अधोलिखितेषु कस्य पर्यायः अस्ति?	सर्वेषाम्	प्रपुन्नाटस्य / द्रद्रुघ्नस्य / एडगजस्य / सर्वेषाम्	एडगजस्य	प्रपुन्नाटस्य	सर्वेषाम्	द्रौपद्याः पुत्रस्य	"सर्वेषाम्

चक्रमर्दः एतेषां त्रयाणाम् अपि पर्यायवाची शब्दः अस्ति प्रपुन्ना"	चक्रमर्दः प्रपुन्नाटस्य पर्यायः अस्ति	चक्रमर्दः प्रपुन्नाटस्य पर्यायः अस्ति चक्रमर्दः अर्जुनस्य एकम्	"**सर्वेषाम्**

चक्रमर्दः एकः शब्दः यः प्रपुण्नाटस्य, द्रद्रुघ्नस्य, तथा एडगजस्य, सर्वेषाम् पर्यायः अस्ति 

चक्रमर्दस्य अर्थो भ"	चक्रमर्दः अधोलिखितेषु द्रद्रुघ्नस्य पर्यायः अस्ति	चक्रमर्दः = सर्वेषाम्
71	अतिविषा अधोलिखितेषु कस्य पर्यायः न अस्ति?	सोमराज्याः	विश्वायाः / शुक्लकंदायाः / घुणवल्लभायाः / सोमराज्याः	सोमराज्याः	विश्वायाः	सोमराज्याः	"**घुणवल्लभायाः** 

घुणवल्लभा इति नाम रामचरितमानसे सीतायाः नास्ति"	विश्वायाः	"अतिविषस्य पर्यायः ""सोमराज्यः"" अस्ति"	"अतिविषा अधःलिखितेषु शब्देषु अत्र द्रव्याणि उपन्यस्यन्ते ""व"	शुक्लकंदायाः	अतिविषा घुणवल्लभायाः पर्यायः न अस्ति	"अतिविषा अधोलिखितेषु कस्य पर्यायः न अस्ति? विश्वायाः / शुक्लकंदायाः / घुणवल्लभायाः / सोमराज्याः

उत्तरम्: विश"
72	अतिविषा अधोलिखितेषु कस्य पर्यायः अस्ति?	सर्वेषाम्	श्रृंग्याः / अरुणयाः / भङ्गुरायाः / सर्वेषाम्	श्रृंग्याः	सर्वेषाम्	अतिविषा भङ्गुरायाः पर्यायः अस्ति	"**भङ्गुरायाः** 

भङ्गुरा अतिविषा सर्पिणी नाम अस्ति"	श्रृङ्ग्याः	अतिविषस्य पर्यायः श्रृंग्याः अस्ति	श्रृंग्याः अरुणयाः भङ्गुरायाः च अतिविषा पर्यायाः अस्ति तस	अतिविषा अस्ति: भङ्गुरायाः	अतिविषा अधोलिखितेषु श्रृंग्याः पर्यायः अस्ति	"अतिविषा अधोलिखितेषु कस्य पर्यायः अस्ति? श्रृंग्याः

अतिविषा = श्रृंग्याः"
73	भावप्रकाशेन लोध्रस्य कति प्रकाराः उक्ताः?	२	२ / ३ / ४ / १	२	२	४	"**चत्वारः**  

भावप्रकाशे चत्वारः लोढ़्रप्रकाराः वर्णिताः"	२	भावप्रकाशेन लोध्रस्य त्रिप्रकाराः उक्ताः	भावप्रकाशे लोध्रस्य त्रयः प्रकाराः उक्ताः ह्यासन्ति अतः उत्तरः	चार	४	२
74	स्थूलवल्कलः अधोलिखितेषु कस्य पर्यायः अस्ति?	लोध्रस्य	अर्जुनस्य / खदिरस्य / लोध्रस्य / पीपलस्य	लोध्रस्य	खदिरस्य	लोध्रस्य	**खदिरस्य**  खदिरस्य स्थूला एव वल्कलः भवति	लोध्रस्य	खदिरस्य	स्थूलवल्कलः अर्जुनस्य पर्यायः अस्ति अर्जुनवृक्षः उत्तरे	स्थूलवल्कलस्य पर्यायः अस्ति: खदिरः	खदिरस्य	अर्जुनस्य
