ID	QUESTION	ANSWER	CHOICES	gpt-4o	llama-v3p1-405b-instruct	gpt-4o-mini	llama-v3p1-8b-instruct
1001	तृणधान्यम् कस्य पर्यायः अस्ति	क्षुद्रधान्यम्; क्षुद्रधान्यस्य	क्षुद्रधान्यम् / धान्यम् / शाकम् / व्रीहिधान्यम्	क्षुद्रधान्यम्	धान्यम्	धान्यम्	क्षुद्रधान्यम्
1002	कृष्णतण्डुलः कस्य पर्यायः अस्ति ? 	शालामुखः	कृष्णः / जतुमुखः / व्रीहि / शालामुखः	जतुमुखः	जतुमुखः	व्रीहि	व्रीहि
1003	वनमुद्गः कस्य पर्यायः ? 	मकुष्ठकः	मुद्गः / माषः / क्षुद्रधान्यम् / मकुष्ठकः	मकुष्ठकः	माषः	माषः	मुद्गः
1004	शालिधान्यस्य प्रकाराः के सन्ति	रक्तशालिः + कलमः + पाण्डुकः + शकुनाहृतः + सुगन्धकः + कर्दमकः + महाशालिः + दूषकः + पुष्पाण्डकः + पुण्डरीकः + महिषमस्तकः + दीर्घशूकः + काञ्चनकः + हायनः + लोध्रपुष्पक; रक्तशालिः कर्दमकः दूषकः; शालिधान्यस्य प्रकाराः रक्तशालिः दीर्घशूकः सुगन्धकश्च सन्ति		शालिनिधान्यशर्करा, तण्डुलाः, सत्तू	शालिधान्यस्य प्रकाराः त्रिविधाः सन्ति - शालिः, व्रीहिः, यवः च	दौभाषेयः, ज्वाल, बिल्व, राग, सामी, लब्धक, दारु, काकतुण्डिका	अष्टधान्यानि
1005	धान्यस्य कति प्रकाराः उक्ताः	पञ्च		दश प्रकाराः	षट्	पञ्च	अष्टधान्यानि
1006	धान्यस्य के प्रकाराः उक्ताः	शालिधान्यम् + व्रीहिधान्यम् + शूकधान्यम् + शिम्बिधान्यम् + क्षुद्रधान्यम्; धान्यस्य प्रकाराः शालि व्रीहि शूक शिम्बी क्षुद्र; धान्यस्य प्रकाराः शालिधान्यं व्रीहिधान्यं शूकधान्यं शिम्बीधान्यं क्षुद्रधान्यम्		षट्	द्विविधाः  शूकधान्यं, शमीधान्यम्	अनेकाः	अर्थवाद, शाक, मुद्ग, माष, जीरक, माष, शाल्मली, शाल्मली, शाल्मली, शाल्मली, शाल्मली, शाल्मली, शाल्मली, शाल्मली, श
1007	शालामुखः कस्य प्रकारः अस्ति? 	व्रीहिधान्यम्	शालिधान्यम् / व्रीहिधान्यम् / शूकधान्यम् / शिम्बिधान्यम्	शूकधान्यम्	शूकधान्यम्	शालिधान्यम्	शालिधान्यम्
1008	मुद्गस्य कति भेदाः उक्ताः? 	पञ्च		चत्वारः	पञ्च	त्रयः	अष्टभेदाः
1009	दग्धमृत्-जात-शाली शाली च अनयोः को भेदः?	शालिः स्निग्धा अस्ति, दग्धमृज्जातशालिः रूक्षा		कृषितन्त्रे	"दग्धमृत्-जात-शाली शाली च अनयोः भेदः - 

दग्धमृत्-जात-शाली - दग्धमृत्-जात-शाली शाली विशेषः, यस्य"	दग्धमृत्-जात-शाली अपेक्षया शाली भिन्नाः	दग्धमृत्-जात-शाली शाली च अनयोः भेदः दग्धमृत्-जात-शाली शाली च अनयोः भेदः दग्धमृत्-जात-शाली शाली
1010	शालिधान्यस्य कः प्रकारः श्रेष्ठः ? 	रक्तशालिः		शालि	शुकधान्यम्	शालिमुद्धकः	श्वेतशाली
1011	व्रीहिषु कः श्रेष्ठः?	कृष्णव्रीहिः		शालि:	शालिः	सर्वश्रेष्ठः	श्वेतव्रीहि
1012	वार्षिकस्य व्रीहेः वर्णः कः? 	शुक्लः		श्यामः	श्वेतः	कृष्णः	कृष्णः
1013	व्रीहेः विपाकः कः ? 	मधुर; मधुरः	अम्ल / कटु / मधुर / उष्ण	मधुर	मधुर	मधुर	अम्ल
1014	सर्षपस्य प्रभावः कः? 	रक्षोहर; रक्षोहरः	अलक्ष्मीहर / मंगलकर  / रक्षोहर / ग्रहहर	अलक्ष्मीहर	सर्षपस्य प्रभावः रक्षोहर	मंगलकर	मंगलकर
1015	दधेः वीर्यगुणः कः?	उष्णः		शीतः	शीतलम्	शीतलः	दधि
1016	कः रसः हरितक्याम् नास्ति ? 	लवणः		लावणः	लवणः	क्षीरा	तिक्त
1017	लौहधातोः कति दोषाः उक्ता? 	७; सप्त		सप्त	षट्	त्रयः	अष्ट
1018	हरीतक्याः रसाः कतिपयः ? 	पञ्च		षट्	षड्रसात्मकः	द्वौ	अम्ल, लवण, कषाय, तिक्त, कटु
1019	धान्यकस्य रसाः कतिपयः 	द्वौ		तिक्तकटुकाम्लमधुराः	मधुरः, कटुः, तिक्तः च	षड्‌ रसाः	अष्टाः
1020	अधोलिखितेषु नारिकेरः कस्य कृतान्नस्य घटकः अस्ति? 	नारिकेरक्षीरी	नारिकेरक्षीरी / ओदन / क्षीरिका / पायस	पायस	पायस	नारिकेरक्षीरी	नारिकेरक्षीरी
1021	सुधौतः तण्डुलः इति कस्य कृतान्नस्य घटकः स्यात्? 	ओदन; ओदनस्य	ओदन / दालि / सूप / पोलिका	ओदन	ओदन	ओदन	ओदन
1022	क्षीरिकायाः घटकाः के? 	अर्धपक्वं शुद्धं दुग्धम् + घृताक्ततण्डुलम्; अर्धपक्वं शुद्धं दुग्धम्; घृताक्ततण्डुलम्	अर्धपक्वं शुद्धं दुग्धम् / घृताक्ततण्डुलम् / क्षीरम्	क्षीरम्	क्षीरिकायाः घटकाः अर्धपक्वं शुद्धं दुग्धम्	क्षीरम्	अर्धपक्वं शुद्धं दुग्धम् / घृताक्ततण्डुलम् / क्षीरम्
1023	अङ्गारभृष्टचणकः केन संस्कारेण उत्पद्यते? 	अङ्गारभर्जनम्; अङ्गारभर्जनेन	पाचनम् / भर्जनम् / शुष्कभर्जनम् / अङ्गारभर्जनम्	अङ्गारभर्जनम्	अङ्गारभर्जनम्	अङ्गारभर्जनम्	अङ्गारभृष्टचणकः पाचनम्
1024	चणकसूपः कस्य कृतान्नम् अस्ति	चणकः; चणकस्य	चणकः / मुद्गः / दालिः / शिम्बिधान्यम्	चणकः	चणकः	चणकः	मुद्गम्
1025	यवेषु केन संस्कारेण धाना उत्पद्यते?	भर्जनेन; भृष्ट्या		भेदनम्	मार्दवीकरणेन	पाचनस्य संस्कारेण	जलसंस्कारेण
1026	केन संस्कारेण चणकः बल्यः भवति ? 	आर्द्रभर्जनम्; आर्द्रभर्जनेन	आर्द्रभर्जनम् / शुष्कभर्जनम् / स्वेदनम् / पेषणम्	स्वेदनम्	आर्द्रभर्जनम्	आर्द्रभर्जनम्	आर्द्रभर्जनम्
1027	पोलिकायाः उत्पत्तौ के के संस्काराः? 	पाचनम् + वेल्लनम्	पाचनम् / वेल्लनम् / चिपिटीकरणम्	वेल्लनम्	चिपिटीकरणम्	पाचनम्	पाचनम्
1028	केन संस्कारेण मुद्गवटकाः त्रिदोषशामकाः भवन्ति ? 	तक्र-मज्जन-संस्कारः; तक्रमज्जनसंस्कारेण	तलन-संस्कारः / वटकीकरण-संस्कारः / घृत-तलन-संस्कारः / तक्र-मज्जन-संस्कारः	तक्र-मज्जन-संस्कारः	तलन-संस्कारेण	वटकीकरण-संस्कारः	तलन-संस्कारः
1029	पोलिकायाः अनुपानं किम् ? 	लप्सिका	लप्सिका / घृतम् / दुग्धम् / शर्करा	दुग्धम्	दुग्धम्	घृतम्	दुग्धम्
1030	अलीकमत्स्यस्य अनुखादनं किम् ? 	वृन्ताक-भटित्र ; वास्तुक-शाक; वास्तुकं वृन्ताकभटित्रं च; वास्तुकः वृन्ताकभटित्रम्		अयोग्यम्	विषमज्वरः	कुप्यति	अन्नम्
1031	महागोधूमस्य उत्पत्तिः कुतः अस्ति? 	पश्चाद्देशे; पश्चात्देशः	पश्चात्-देशः / उत्तरदेशः / मध्यदेशः / दक्षिणदेशः	उत्तरदेशः	उत्तरदेशः	उत्तरदेशः	उत्तरदेशः
1032	मध्यदेशः इति उत्पत्तिस्थानम् कस्य गोधूमस्य?	मधूली; मधूल्याः		गोधूमस्य	मध्यदेशः इति उत्पत्तिस्थानम् गोधूमस्य नाना (नानात्वात्)	गोधूमस्य गृहेण	मध्यदेशः इति उत्पत्तिस्थानम् गोधूमस्य
1033	चणकसक्तूनाम् अभ्यवहरणकालः कः? 	ग्रीष्मः	वसन्तः / वर्षा / हेमन्तः / ग्रीष्मः	ग्रीष्मः	वर्षा	वसन्तः	वसन्तः
1034	अधोलिखितेषु कः सक्तूनाम् अभ्यवहरणकालः न अस्ति	निशा ; भुक्त	निशा / प्रातः / भुक्त / मध्याह्ने	प्रातः	प्रातः	निशा	अधोलिखितेषु सक्तूनाम् अभ्यवहरणकालः न अस्ति मध्याह्ने
1035	केषाम् पक्षिणां मांसं लघुतमं स्यात् 	धान्यस्य अंकुरान् चरतां पक्षिणाम्	जले निवसतां पक्षिणाम् / धान्यस्य अंकुरान् चरतां पक्षिणाम् / विष्किरपक्षिणाम् / बिलेशयपक्षिणाम्	विष्किरपक्षिणाम्	मयूरस्य	विष्किरपक्षिणाम्	विष्किरपक्षिणाम्
1036	वर्चसि शाल्याः किं कर्म? 	बद्धवर्चस् + अल्पवर्चस्; १+२	बद्धवर्चस् / अल्पवर्चस् / विरेचन / १+२	बद्धवर्चस्	विरेचनम्	बद्धवर्चस्	विरेचन
1037	गोधूमस्य कानि कर्माणि दृश्यन्ते 	सर्वाणि	 सन्धानम् / जीवनम् / बृंहणम् / सर्वाणि	सर्वाणि	सर्वाणि	सर्वाणि	बृंहणम्
1038	शिम्बिधान्येषु किं स्तन्यकरम् अस्ति? 	निष्पाव + माष; १+३	 निष्पाव / मुद्ग / माष / १+३	माष	माष	मुद्ग	माष
1039	रक्तधातवे चणकस्य किं कर्म? 	रक्तविकारापह	रक्तहर / रक्तविकारापह / रक्तप्रकोपक / रक्तदुष्टीकर	रक्तप्रकोपक	रक्तप्रकोपक	रक्तविकारापह	रक्तहर
1040	विशेषेण चक्षुष्यं घृतं कतम्? 	गव्य; गव्यम्	 माहिष / आविक / गव्य / आज	गव्य	आविकम्	गव्य	आविक
1041	पथ्यायाः केन भेदेन संग्रहणं कर्म दृश्यते ?	स्विन्ना पथ्या; स्विन्नापथ्या	 पथ्या / भृष्ट-पथ्या / स्विन्ना पथ्या / चर्विता पथ्या	चर्विता पथ्या	स्विन्ना पथ्या	पथ्या	पथ्यायाः भृष्ट-पथ्या भेदेन संग्रहणं कर्म दृश्यते
1042	मंगल्यको ……. स्यान्मंगल्या च मसूरिका । 	मसूरः	 मुद्गः / मकुष्ठः / माषः / मसूरः	माषः	माषः	मसूरः	मुद्गः
1043	पर्पटास्ते सदा …….. परमरोचकाः। 	अङ्गारभृष्टाः	 भृष्टाः / अङ्गारभृष्टाः / पाचिताः / तलिताः	भृष्टाः	भृष्टाः	पाचिताः	पाचिताः
1044	माषः …….। 	अनिलापहः	 अनिलापहः / त्रिदोषकारकः / पित्तहरः / कफघ्नः	त्रिदोषकारकः	त्रिदोषकारकः	त्रिदोषकारकः	पित्तहरः
1045	भावप्रकाशः हीरकस्य वर्णनं कस्मिन् वर्गे कृतवान्? 	धातूपधातुरसोपरसरत्नोपरत्नविषोपविषवर्गः ; धात्वादिवर्गः; धातुवर्गे		रसायवर्गे	रत्नवर्गे	औषधि वर्गे	अष्टाङ्गहृदये
1046	रसाञ्जनं कस्मिन् वर्गे वर्णितम्? 	हरीतक्यादिवर्गः		रसवर्गे	रसाञ्जनं कषायवर्गे वर्णितम्	औषधि	अष्टाङ्गहृदये
1047	सर्षपस्य वर्णनं कस्मिन् वर्गे स्यात्? 	धान्यवर्गः		हरितवर्गः	कटुवर्गे	कान्तारकवर्गे	अरिष्ट वर्गे स्यात्
1048	श्यामः मुद्गः कस्मात् लघुः ? 	श्वेतात्; रक्त; हरित	हरित / पीतक / श्वेत / रक्त	हरित	श्वेतमुद्गः लघुः	हरित	पीतक
1049	हरितः मुद्गः कस्मात् गुरुः? 	श्यामात्; श्याम	पीतक / श्याम / श्वेत / रक्त	श्याम	पीतक	श्वेत	पीतक
1050	किॅ वाक्यं योग्यम् अस्ति? 	नवगोधूमः भद्रतरः पुराणगोधूमात्	पुराणतिलः भद्रतरः नवतिलात् / नवगोधूमः भद्रतरः पुराणगोधूमात् / पुराणयवः भद्रतरः नवयवात् / पुराणमाषः भद्रतरः नवमाषात्	पुराणमाषः भद्रतरः नवमाषात्	पुराणतिलः भद्रतरः नवतिलात्	पुराणगोधूमः भद्रतरः नवगोधूमात्	पुराणतिलः भद्रतरः नवतिलात्
1051	कः चणकः कुष्ठव्याधिं वर्धते? 	शुष्कभृष्ट; शुष्कभृष्टः	स्विन्न / शुष्कभृष्ट / आर्द्रभृष्ट / अपक्व	शुष्कभृष्ट	आर्द्रभृष्ट	स्विन्न	आर्द्रभृष्ट
1052	त्रिपुटसेवनात् का व्याधि जायते ? 	खञ्जत्वम् + पङ्गुत्वम्; २+३	ज्वरः / खञ्जत्वम् / पङ्गुत्वम् / २+३	ज्वरः	खञ्जत्वम् पङ्गुत्वम् च	२+३	खञ्जत्वम्
1053	सर्षपसेवनेन का व्याधि वर्धते ? 	रक्तपित्तम्	रक्तपित्तम् / ज्वरः / अम्लपित्तम् / कृमिः	अम्लपित्तम्	अम्लपित्तम्	रक्तपित्तम्	अम्लपित्तम्
1054	अधोलिखितेषु कः शाकः सर्वज्वरहर्ता अस्ति? 	गुडूची	पटोलपत्रम्  / गुडूची  / कासमर्द  / गोजिह्वा	गुडूची	गुडूची	गुडूची	गुडूची
1055	पिनाक-अभ्रक-सेवनात् कः रोगः जायते ? 	महाकुष्ठः	मधुमेहः / ग्रन्थिः / महाकुष्ठः / मृत्युः	मृत्युः	महाकुष्ठः	महाकुष्ठः	मृत्युः
1056	कफदोषे सर्षपस्य किं कर्म? 	कफघ्नम्; कफहरः; कफापहम्		शोषणम्	शोषणम्	सर्षपस्य शीतलपाचनं	सर्षपस्य प्रशमनं कर्म
1057	स्विन्नचणकविषये किं वाक्यं योग्यम्? 	स्विन्नचणकः पित्तं हन्ति ; स्विन्नचणकः कफं हन्ति	स्विन्नचणकः पित्तं हन्ति। / स्विन्नचणकः पित्तं वर्धयति। / स्विन्नचणकः कफं हन्ति।	स्विन्नचणकः पित्तं हन्ति	स्विन्नचणकः पित्तं वर्धयति	स्विन्नचणकः पित्तं वर्धयति	स्विन्नचणकः पित्तं हन्ति
1058	संस्वेदजाः शाकाः कान् दोषान् प्रकोपयन्ति ? 	त्रिदोषम्	वातः / पित्तम् / कफः / त्रिदोषम्	त्रिदोषम्	पित्तम्	पित्तम्	वातः
1059	शूकः कस्य भागः न वर्तते? 	दीर्घगोधूमः; दीर्घगोधूमस्य	शालिः / यवः / गोधूमः / दीर्घगोधूमः	गोधूमः	दीर्घगोधूमः	शालिः	शूकः गोधूमः
1060	तुषः कस्य भागः नास्ति? 	निस्तुषचणकः; निस्तुष चणक; निस्तुषचणक; निस्तुष चणकस्य	भृष्टयव / भृष्टचणक / शालि /निस्तुष चणक।	निस्तुष चणक	निस्तुष चणक	निस्तुष चणक	भृष्टचणक
1061	कः शाकः अपक्वः शुष्कः च उभयथापि सेवनं निषिद्धं न अस्ति ? 	मूलक		यवादः	पर्पटः	नान्हिका	अर्का
1062	हरीतक्याः केन द्रव्येण सह मिश्रणं पित्तशमनं करोति?	शर्करा	शर्करा / लवण / मधु / घृत	शर्करा	मधु	मधु	मधु
1063	चूर्णकल्पनार्थे का शस्ता ? 	चेतकी	चेतकी / अभया / पूतना / विजया	चेतकी	चेतकी	अभया	विजया
1064	कुण्डलिनीनाम कृतान्ने अम्लदधेः परिमाणं किम् अस्ति? 	अर्धप्रस्थ; अर्धप्रस्थम्; अर्धप्रस्थः	अर्धप्रस्थ / द्विप्रस्थ / प्रस्थ / अर्धशराव	अर्धशराव	अर्धप्रस्थ	द्विप्रस्थ	अर्धप्रस्थ
1065	निम्बुफलपानके निम्बुफलापेक्षया शर्करोदकस्य परिमाणं किम्? 	षड्भाग; षड्भागम्	एकभाग / द्विभाग / षड्भाग / अष्टभाग	षड्भाग	द्विभाग	द्विभाग	षड्भाग
1066	कः कः अभयां न खादेत्?	बलवर्जितः ; गर्भवतीनारी ; पित्ताधिकः ; विमुक्तरक्तः ; रूक्षः ; कृशः ; लंघनकर्शितः ; अध्वातिखिन्नः; गर्भिणी; अध्वातिखिन्नो बलवर्जितश्च रूक्षः कृशो लङ्घनकर्शितश्च पित्ताधिको गर्भवती च नारी विमुक्तरक्तस्त्वभयां न खादेत्		रोगीः	गर्भिणी	कब्जः	अग्निः
1067	मधु-अभययोः संयोगः कस्मिन् ऋतौ शस्तः? 	वसन्तः; वसन्तऋतौ; वसन्ते		वसन्त-ऋतुः	वर्षायां ऋतौ	ग्रीष्मऋतौ	शिशिर-रत्नोत्सवे
1068	अम्लवर्जितः इति कस्य द्रव्यस्य वर्णनं स्यात्?	रसोनम्	रसोन / हरीतकी / आमलकी / गुडूची	हरीतकी	गुडूची	आमलकी	अम्लवर्जितः इति कस्य द्रव्यस्य वर्णनं स्यात्? गुडूची
1069	रसोनस्य कः भागः तिक्तरसप्रधानः? 	पत्रम्	पत्रम् / मूलम् / बीजम् / नालः	मूलम्	पत्रम्	पत्रम्	बीजम्
1	भावप्रकाशननिघण्टौ प्रथमं कस्य वर्गस्य उल्लेखः अस्ति? 	हरीतक्यादि; हरीतक्यादिवर्गस्य		गुडूच्यादिवर्गस्य	हरितवर्गस्य	अभिषृष्टवर्गस्य	अष्टाङ्गहृदयस्य
2	अमृतपानसमये भगवतः इन्द्रस्य मुखात् पृथिव्यां बिन्दुः पतित्वा किं द्रव्यम् उत्पन्नम् आसीत्? 	अभया	गुडूची / अभया / आमलकी / अमृतवल्ली	गुडूची	गुडूची	अभया	अमृतवल्ली
4	हरीतक्याः कति प्रकाराः उक्ताः?	७; सप्त		सप्त प्रकाराः	सप्त	त्रयः	अष्टाः
5	हरीतक्याः कः प्रकारः सर्वत्र उपलभ्यते? 	रोहिणी	विजया / चेतकी / अभया / रोहिणी	अभया	विजया	विजया	विजया
6	हरीतक्यां कति रसाः वर्तन्ते? 	५; पञ्च		षट्	षड्रसा	त्रिः रसाः	अष्ट
7	उत्तमहरीतक्याः भारः कियान् भवेत्?	२ कर्षः		एकम् तोलकम्	एकमासकम्	द्विगुणं	उत्तमहरीतक्याः भारः शीतलीकरणेन भवेत्
9	बिभीतकस्य पर्यायः कः अस्ति? 	सर्वे	कलिद्रुमः / भूतवासः / कलियुगालयः / सर्वे	सर्वे	सर्वे	कलिद्रुमः	कलिद्रुमः
10	आमलक्याः पर्यायः कः अस्ति? 	सर्वे	वयस्या / वृष्या / जातीफलरसम् / सर्वे	सर्वे	सर्वे	जातीफलरसम्	वृष्या
12	हरीतकीसमं ......रक्तपित्तप्रमेहघ्नं परं वृष्यं रसायनम्।  - एतत् कस्य विषये उक्तम् अस्ति?	आमलक्याः		आमलकी	आमलकस्य	आहारविहारस्य	अश्वगंधा
13	वरा कस्य पर्यायः अस्ति? 	त्रिफलायाः		इक्षुमूलम्	उत्तमा	वृत्तिः	वात
14	शुण्ठी कस्य पर्यायः अस्ति? 	सर्वेषाम्	विश्वायाः / महौषधस्य / श्रृङ्गवेरस्य / सर्वेषाम्	श्रृङ्गवेरस्य	विश्वायाः	महौषधस्य	विश्वायाः
15	पिप्पली कस्य पर्यायः अस्ति?	सर्वेषाम्	कणायाः / वैदेह्याः / तीक्ष्णतण्डुलायाः / सर्वेषाम्	सर्वेषाम्	सर्वेषाम्	सर्वेषाम्	कणायाः
16	पिप्पली कस्य पर्यायः अस्ति? 	सर्वेषाम्	मागध्याः / कृष्णायाः / चपलायाः / सर्वेषाम्	मागध्याः	सर्वेषाम्	मागध्याः	मागध्याः
17	मरीचः कस्य पर्यायः अस्ति? 	सर्वेषाम्	कृष्णस्य / धर्मपतनस्य / वेल्लजस्य / सर्वेषाम्	कृष्णस्य	मरीचः वेल्लजस्य पर्यायः अस्ति	कृष्णस्य	वेल्लजस्य
18	मरीचः कस्य पर्यायः नास्ति? 	कृष्णायाः; कृष्णस्य	कृष्णायाः / ऊषणस्या / कृष्णस्य / वेल्लजस्य	वेल्लजस्य	कृष्णायाः	कृष्णायाः	कृष्णायाः
19	व्योषः कस्य पर्यायः अस्ति? 	सर्वेषाम्	त्रिकटोः / त्र्यूषणस्य / कटुत्रिकस्य / सर्वेषाम्	सर्वेषाम्	सर्वेषाम्	त्रिकटोः	कटुत्रिकस्य
20	चटकाशिरः कस्य पर्यायः अस्ति? 	पिप्पलीमूलस्य	शुण्ठ्याः / काकानासायाः / पिप्पलीमूलस्य / भल्लातकस्य	काकानासायाः	पिप्पलीमूलस्य	शुण्ठ्याः	पिप्पलीमूलस्य
27	अजमोदा कस्य पर्यायः अस्ति? 	सर्वेषाम्	खराश्वस्य / मायूरस्य / ब्रह्मकुशायाः / सर्वेषाम्	खराश्वस्य	सर्वेषाम्	खराश्वस्य	ब्रह्मकुशायाः
29	कुस्तुम्बरू कस्य पर्यायः अस्ति? 	धान्यकस्य		धन्यवादः	कुस्तुम्बरू अजमोदायाः पर्यायः अस्ति	कुष्ठक	अमृत
30	मेथिका कस्य पर्यायः अस्ति? 	सर्वेषाम्	बहुपत्रिकायाः / बहुबीजायाः / बहुपर्ण्याः / सर्वेषाम्	बहुपत्रिकायाः	बहुपत्रिकायाः	बहुपत्रिकायाः	बहुपत्रिकायाः
31	मेथिका अधोदत्तेषु कस्य पर्यायः अस्ति? 	सर्वेषाम्	ज्योतेः / पीतबीजस्य / मुनिच्छदायाः / सर्वेषाम्	पीतबीजस्य	सर्वेषाम्	ज्योतेः	मुनिच्छदायः
32	पशुमेहनकारिका अनेन शोषणस्य पर्यायः कः अस्ति?  अधोलिखितेषु	चन्द्रशूरः	मेथिका / जीरकम् / चन्द्रशूरः / अजमोदा	चन्द्रशूरः	मेथिका	जीरकम्	अधोलिखितेषु मेथिका
33	अधोलिखितेषु हिङ्गुः इति कस्य पर्यायः न अस्ति? 	न कस्यचन	सहस्रवेधेः / रामठस्य / बाल्हीकस्य / न कस्यचन	रामठस्य	रामठस्य	न कस्यचन	बाल्हीकस्य
36	द्वीपान्तरवचायाः वर्णनं भावप्रकाशस्य कस्मिन् वर्गे कृतम् अस्ति?	हरीतक्यादिवर्गे		नवनीतद्वारसिंहवर्गे	मिश्रवर्गे	आहारविज्ञानम्	अष्टाङ्गहृदये
37	विडङ्गः अधस्तनेषु कस्य पर्यायः  अस्ति?	सर्वेषाम्	कृमिघ्नस्य / चित्रतण्डुलस्य / जन्तुनाशनस्य / सर्वेषाम्	सर्वेषाम्	सर्वेषाम्	कृमिघ्नस्य	कृमिघ्नस्य
38	तुगाक्षीरी अधस्तनेषु कस्य पर्यायः अस्ति?	वंशलोचनस्य	वंशलोचनस्य / विडंगस्य / द्वीपांतर वचा / लवङ्गस्य	वंशलोचनस्य	वंशलोचनस्य	विडंगस्य	वंशलोचनस्य
39	क्लीतकस्य पर्यायः अधस्तनेषु कः अस्ति?	यष्टिमधु	हरिद्रा / यष्टिमधु / मधूक / सारिवा	मधूक	मधूक	हरिद्रा	हरिद्रा
40	आरग्वधः अधस्तनेषु कस्य पर्यायः न अस्ति?	रोचनस्य	शम्पाकस्य / व्याधिघातस्य / रोचनस्य / कर्णिकारस्य	कर्णिकारस्य	व्याधिघातस्य	शम्पाकस्य	व्याधिघातस्य
41	कुटकी अधस्तनेषु कस्य पर्यायः अस्ति?	सर्वेषाम्	कृष्णभेदायाः / कटम्भरायाः / शकुलादन्याः / सर्वेषाम्	कृष्णभेदायाः	सर्वेषाम्	कृष्णभेदायाः	कटम्भरायाः
42	मत्स्यपित्ता अधस्तनेषु कस्य पर्यायः अस्ति?	कुटक्याः	कुटक्याः / मधुयष्ट्याः / आरग्वधस्य / मण्डूक्याः	आरग्वधस्य	मण्डूक्याः	कुटक्याः	कुटक्याः
43	किराततिक्तः एतेषु कस्य पर्यायः अस्ति?	काण्डतिक्तायाः	कटुरोहिण्याः / तिक्तायाः/ कटुकायाः / काण्डतिक्तायाः	काण्डतिक्तायाः	कटुरोहिण्याः	तिक्तायाः	कटुकायाः
44	विषपुष्पकः एतेषु कस्य पर्यायः अस्ति?	मदनफलस्य	मदनफलस्य / अर्कस्य / लाङगल्याः / करवीरस्य	करवीरस्य	करवीरस्य	करवीरस्य	मदनफलस्य
45	मदनफलम् एतेषु कस्य पर्यायः अस्ति?	सर्वेषाम्	छर्दनस्य / नटस्य / शल्यकस्य / सर्वेषाम्	छर्दनस्य	सर्वेषाम्	छर्दनस्य	शल्यकस्य
46	रास्ना एतेषु कस्य पर्यायः न अस्ति?	रामसेनकस्य	युक्तरसायाः / एलापर्ण्याः / श्रेयस्याः / रामसेनकस्य	रामसेनकस्य	एलापर्ण्याः	श्रेयस्याः	श्रेयस्याः
48	पारावतपदी एतेषु कस्य पर्यायः अस्ति?	मालकाङ्गन्याः	मालकाङ्गन्याः / रास्नायाः / गुडुच्याः / ब्राह्म्याः	रास्नायाः	मालकाङ्गन्याः	मालकाङ्गन्याः	मालकाङ्गन्याः
49	चोकः कस्य द्रव्यस्य मूलं कथ्यते?	सत्यानाश्याः		कमलस्य	अग्निमन्थस्य	तुलस्याः	अम्लस्य
51	ब्राह्मणयष्टिका एतेषु कस्य पर्यायः अस्ति?	भारङ्ग्याः	यष्टीमधुनः/ धातक्याः / भारङ्ग्याः / कायफलस्य	यष्टीमधुनः	धातक्याः	यष्टीमधुः	कायफलस्य
52	कट्फलः एतेषु कस्य पर्यायः न अस्ति?	अङ्गारवल्ल्याः	कैटर्यस्य/ अङ्गारवल्ल्याः / श्रीपर्णिकायाः / भद्रवत्याः	भद्रवत्याः	भद्रवत्याः	कैटर्यस्य	कट्फलः कैटर्यस्य पर्यायः अस्ति
53	धातकी एतेषु कस्य पर्यायः न अस्ति?	भद्रायाः	ताम्रपुष्प्याः / कुन्जरायाः / भद्रायाः / वह्निज्वालायाः	कुन्जरायाः	कुन्जरायाः	कुन्जरायाः	कुन्जरायाः
54	भावप्रकाशानुसारं मण्डूकपर्णी एतेषु कस्य पर्यायः अस्ति?	मञ्जिष्ठा; मञ्जिष्ठायाः	मण्डूक्याः / ब्रह्म्याः / मञ्जिष्ठा	मण्डूक्याः	ब्रह्म्याः	मण्डूक्याः	मण्डूकपर्णी
55	मञ्जिष्ठा एतेषु कस्य पर्यायः नास्ति?	भद्रवत्याः	मण्डूकपर्ण्याः / योजनवल्ल्याः / रक्तयष्टिकायाः / भद्रवत्याः	भद्रवत्याः	भद्रवत्याः	मण्डूकपर्ण्याः	मण्डूकपर्ण्याः
56	विशेषाद्वयङ्गनाशनः एतेषु कस्य कर्म अस्ति?	अलक्तकस्य	अलक्तकस्य / शाल्मल्याः / मधुयष्ट्याः / नीमस्य	शाल्मल्याः	अलक्तकस्य	नीमस्य	अलक्तकस्य
57	पलङ्कषा एतेषु कस्य पर्यायः अस्ति?	लाक्षायाः	मण्डूकपर्ण्याः / लाक्षायाः / गुगुलस्य / बह्म्याः	लाक्षायाः	लाक्षायाः	लाक्षायाः	मण्डूकपर्ण्याः
58	हरिद्रा एतेषु कस्य पर्यायः नास्ति?	भद्रायाः	निशायाः / योषितप्रियायाः / हटविलासन्याः / भद्रायाः	हटविलासन्याः	निशायाः	निशायाः	हरिद्रायाः पर्यायः नास्ति
59	हरिद्रा एतेषु कस्य पर्यायः अस्ति?	सर्वेषाम्	काच्चन्याः / पीतायाः / वरवर्णिन्याः / सर्वेषाम्	पीतायाः	सर्वेषाम्	पीतायाः	हरिद्रायाः पर्यायः पीतायाः
60	कर्पूरहरिद्रयोः गन्धः केन तुल्यः अस्ति?	आम्रेण; आम्रगन्धिः		चन्दनस्य	मधुकरेण	चन्दनम्	गन्धेन सुगन्धिनः
61	सुरभीदारु एतेषु कस्य पर्यायः अस्ति?	कर्पूरहरिद्रायाः	दारूहरिद्रायाः / हरिद्रायाः / कर्पूरहरिद्रायाः / तेजोहवायाः	दारूहरिद्रायाः	दारूहरिद्रायाः	दारूहरिद्रायाः	हरिद्रायाः
62	कुष्ठवातास्त्रनाशनः एतेषु कस्य गुणः अस्ति?	अरण्यहरिद्रायाः	कर्पूरहरिद्रायाः / हरिद्रायाः / अरण्यहरिद्रायाः / दारूहरिद्रायाः	दारूहरिद्रायाः	दारूहरिद्रायाः	हरिद्रायाः	कर्पूरहरिद्रायाः
63	दारूहरिद्रा एतेषु कस्य पर्यायः अस्ति?	सर्वेषाम्	पर्जन्यायाः / कटङ्कटेर्याः / पचम्पचायाः / सर्वेषाम्	कटङ्कटेर्याः	सर्वेषाम्	कटङ्कटेर्याः	पचम्पचायाः
64	निशागुणा किन्तु नेत्र कर्णास्यरोगनुत् अत्र कस्य विषये उक्तम् अस्ति?	अरण्यहरिद्रायाः	हरिद्रायाः / दारूहरिद्रायाः / अरण्यहरिद्रायाः / कर्पूरहरिद्रायाः	हरिद्रायाः	दारूहरिद्रायाः	दारूहरिद्रायाः	अरण्यहरिद्रायाः
65	...... तत् नेत्रयोः परं हितम्। कस्य विषये उक्तम् अस्ति?	रसाञ्जनस्य	मुद्गस्य / रसाञ्जनस्य / गृञ्जनस्य / आमलकस्य	रसाञ्जनस्य	आमलकस्य	आमलकस्य	आमलकस्य
66	तार्क्ष्यशैलं, रसगर्भः, तार्क्ष्यजं च कस्य पर्यायाः सन्ति?	रसाञ्जनस्य	रसाञ्जनस्य / हरिद्रायाः / शिलाजीतः / मुक्ताशुक्त्याः	शिलाजीतः	शिलाजीतः	शिलाजीतः	शिलाजीतः
67	बाकुची अधोलिखितेषु कस्य पर्यायः अस्ति?	सर्वेषाम्	सोमराज्याः / कालमेष्याः / शशिलेखायाः / सर्वेषाम्	कालमेष्याः	सर्वेषाम्	कालमेष्याः	सोमराज्याः
68	बाकुची अधोलिखितेषु कस्य पर्यायः नास्ति?	भद्रवत्याः	पूतिफल्याः / कालमेष्याः / भद्रवत्याः / अवल्गुजस्य	कालमेष्याः	अवल्गुजस्य	भद्रवत्याः	अवल्गुजस्य
69	मेषलोचनः अधोलिखितेषु कस्य पर्यायः अस्ति?	चक्रमर्दस्य	कुष्ठस्य/ चक्रमर्दस्य / कासमर्दस्य / मेषश्रृङ्ग्याः	मेषश्रृङ्ग्याः	मेषश्रृङ्ग्याः	कुष्ठस्य	मेषलोचनः कुष्ठस्य पर्यायः अस्ति
70	चक्रमर्दः अधोलिखितेषु कस्य पर्यायः अस्ति?	सर्वेषाम्	प्रपुन्नाटस्य / द्रद्रुघ्नस्य / एडगजस्य / सर्वेषाम्	प्रपुन्नाटस्य	सर्वेषाम्	द्रद्रुघ्नस्य	प्रपुन्नाटस्य
71	अतिविषा अधोलिखितेषु कस्य पर्यायः न अस्ति?	सोमराज्याः	विश्वायाः / शुक्लकन्दायाः / घुणवल्लभायाः / सोमराज्याः	सोमराज्याः	सोमराज्याः	सोमराज्याः	अतिविषा
72	अतिविषा अधोलिखितेषु कस्य पर्यायः अस्ति?	सर्वेषाम्	श्रृंग्याः / अरुणयाः / भङ्गुरायाः / सर्वेषाम्	श्रृंग्याः	सर्वेषाम्	अरुणयाः	अतिविषा अधोलिखितेषु कस्य पर्यायः अस्ति? श्रृंग्याः
73	भावप्रकाशेन लोध्रस्य कति प्रकाराः उक्ताः?	२; द्वौ		द्वौ प्रकारौ	चत्वारः	अस्मिन विषये त्रयः प्रकाराः उक्ताः	चतुरः
74	स्थूलवल्कलः अधोलिखितेषु कस्य पर्यायः अस्ति?	लोध्रस्य	अर्जुनस्य / खदिरस्य / लोध्रस्य / पीपलस्य	लोध्रस्य	लोध्रस्य	अर्जुनस्य	अर्जुनस्य
75	जीर्णपत्रं, बृहत्पत्रं, क्रमुकं, लाक्षाप्रसादनं च कस्य पर्यायाः सन्ति?	पट्टिका-लोध्रस्य; पट्टिकालोध्रस्य		तमालपत्रस्य	कटुकी	ऋषभस्य	अस्थिमध्ये
76	लशुनं अधस्तनेषु कस्य पर्यायः अस्ति?	सर्वेषाम्	उग्रगन्धस्य / महौषधस्य / म्लेच्छकन्दस्य / सर्वेषाम्	म्लेच्छकन्दस्य	सर्वेषाम्	उग्रगन्धस्य	म्लेच्छकन्दस्य
77	लशुने कः रसः न अस्ति?	अम्लः; आम्लः		कटुरसः	मधुरः	कषायः	तिक्त
81	पलाण्डुः निम्नेषु कस्य पर्यायः अस्ति?	यवनेष्टस्य	यवनेष्टस्य / अरिष्टस्य / उग्रगन्धस्य / रसोनकस्य	उग्रगन्धस्य	रसोनकस्य	यवनेष्टस्य	अरिष्टस्य
82	पलाण्डुः निम्नेषु कस्य पर्यायः अस्ति?	सर्वेषाम्	मुखदूषकस्य / दुर्गन्धस्य / यवनेष्टस्य / सर्वेषाम्	दुर्गन्धस्य	सर्वेषाम्	मुखदूषकस्य	मुखदूषकस्य
83	अरूष्करः निम्नेषु कस्य पर्यायः अस्ति?	भल्लातकस्य	चित्रकस्य / भल्लातकस्य / दन्त्याः / मञ्जिष्ठायाः	चित्रकस्य	दन्त्याः	चित्रकस्य	अरूष्करः चित्रकस्य पर्यायः अस्ति
84	अग्निमुखी, क्षीरवृक्षः, शोफकृत् कस्य पर्यायाः सन्ति?	भल्लातकस्य; भल्लातकः		अरिष्टस्य	अग्निमुखी, क्षीरवृक्षः, शोफकृत् एरंडस्य पर्यायाः सन्ति |	पञ्चकर्मस्य	अग्निमुखी = पिप्पली, क्षीरवृक्षः = पलाश, शोफकृत् = कासाः
85	भल्लातकस्य कः भागः केश्यः (केशेभ्यः हितकरः) अस्ति?	वृन्तम्		बीजः	तैलम्	पत्त्राणि	अम्लः
86	मोहमदवाग्वह्निवर्धिनी निम्नेषु कस्य गुणः अस्ति?	भङ्गायाः	मद्यस्य / भङ्गायाः / आफूकस्य / धत्तूरस्य	मद्यस्य	मद्यस्य	धत्तूरस्य	मद्यस्य
87	आफूकस्य वर्णनं कस्य ग्रन्थे लभ्यते?	वाग्भट्टस्य ; भावप्रकाशस्य	वाग्भट्टस्य / शारंगधरस्य / भावप्रकाशस्य	भावप्रकाशस्य	वाग्भट्टस्य	शारंगधरस्य	वाग्भट्टस्य
88	खाखसस्य कस्मात् भागात् आफूकः निष्पद्यते? 	फलस्य क्षीरात्		बीजः	मूलभागात्	क्षेत्रात्	पक्वान्नात्
90	शीतशिवः एतेषु कस्य पर्यायः अस्ति?	सैन्धवस्य	धत्तूरस्य / सैन्धवस्य / भङ्गायाः/ अहिफेनस्य	धत्तूरस्य	अहिफेनस्य	धत्तूरस्य	शीतशिवः एतेषु कस्य पर्यायः अस्ति? अहिफेनस्य
91	भावप्रकाशः सैन्धवस्य वर्णनं कस्मिन् वर्गे कृतवान्?	हरीतक्यादौ;  हारीतक्यादिवर्गे		लवणवर्गे	लवणवर्गे	सिद्धान्तवर्गे	अष्टाङ्गहृदये
94	उर्ध्वाधः कफवातानुलोमनं कस्य लवणस्य गुणः अस्ति?	बिडस्य	सैन्धवस्य / सामुद्रस्य / बिडस्य / सौवर्चलस्य	सैन्धवस्य	सैन्धवस्य	सैन्धवस्य	सैन्धवस्य
95	कः पाशुलवणम् उच्यते?	औद्भिद्लवणम्	सामुद्रलवणम् / औद्भिद्लवणम् / बिडः / सौवर्चलः	बिडः	बिडः	सौवर्चलः	सामुद्रलवणम्
96	भावप्रकाशे कति प्रकाराणां लवणानां वर्णनं कृतम् अस्ति?	६; षट्		शट्	पञ्च	द्वि प्रकाराणां लवणानां वर्णनं कृतम् अस्ति	अष्टोत्तरशतशास्त्रे
97	धातुद्रावकः कः क्षारः अस्ति?	टङ्कणः		क्षारः	यवक्षारः	कर्दमः	शुद्धलवणः
98	भावप्रकाशे कति क्षारसमूहानां वर्णनं कृतम्?	सर्वेषाम्	क्षारद्वयस्य / क्षारत्रयस्य / क्षाराष्टकस्य / सर्वेषाम्	क्षाराष्टकस्य	क्षाराष्टकस्य	क्षमात्रयस्य	क्षाराष्टकस्य
101	चन्द्रसंज्ञ एतेषु कस्य पर्यायः अस्ति?	कर्पूरस्य	कर्पूरस्य / मिश्र्याः / लवणस्य / पूतिकायाः	कर्पूरस्य	कर्पूरस्य	कर्पूरस्य	मिश्र्याः
102	कस्तूरी एतेषु कस्य पर्यायः अस्ति?	सर्वेषाम्	वेदमुख्यायाः / मृगमदस्य / सहस्रभिदः / सर्वेषाम्	मृगमदस्य	मृगमदस्य	मृगमदस्य	मृगमदस्य
103	कस्तूर्याः कति प्रकाराः उक्ताः?	३; षट्		षट्	चत्वारः	त्रीणि	कस्तूर्याणां पञ्च प्रकाराणि विद्यन्ते
105	भद्रश्री कस्य पर्यायः अस्ति?	चन्दनस्य	हरिद्रायाः / एलायाः / चन्दनस्य / कुङ्कुमस्य	चन्दनस्य	हरिद्रायाः	हरिद्रायाः	हरिद्रायाः
106	कालीयकं कीदृशं चन्दनम् अस्ति?	पीतम्		चन्दनविशेषः	गुरु	गन्धयुक्तम्	कालीयकं सुगंधितं चन्दनम् अस्ति
107	पट्टरञ्जकः कस्य पर्यायः अस्ति?	पतङ्गस्य		हरिद्रा	मञ्जिष्ठा	कफपित्तशामकः	पट्टिका
108	किं चन्दनं श्रेष्ठं भवति?	मलयगिरि; मलयजचंदनम्; मलयजम्		श्वेतचन्दनम्	मलयचंदनम्	गन्धः	अरिष्टं
109	अगुरूः कस्य पर्यायः अस्ति?	सर्वेषााम्	प्रवरस्य / राजार्हस्य / कृमिजग्धस्य / सर्वेषाम्	राजार्हस्य	अगुरूः राजार्हस्य पर्यायः अस्ति	राजार्हस्य	कृमिजग्धस्य
110	कस्य वर्णस्य अगुरूः श्रेष्ठः अस्ति?	श्वेतः	श्वेतः / रक्तः / कृष्णः / पीतः	कृष्णः	कृष्णः	श्वेतः	श्वेतः
111	इन्द्रदारूः कस्य पर्यायः अस्ति?	देवदारूः; देवदारोः	देवदारूः / दारूहरिद्रा / रोहितकः / मञ्जिष्ठा	दारूहरिद्रा	देवदारूः	देवदारूः	देवदारूः
112	देवदारू एतेषु कस्य पर्यायः न अस्ति?	सुरभि दारूः; सुरभिदारूः	मस्तदारूः / दारूभद्रः / दारूः / सुरभि दारूः	सुरभि दारूः	दारूः	सुरभि दारूः	दारूभद्रः
115	गुग्गुलुः कस्य पर्यायः न अस्ति?	कृमिजग्धस्य	जटायोः / महिषाक्षस्य / पलन्कषस्य / कृमिजग्धस्य	कृमिजग्धस्य	महिषाक्षस्य	जटायोः	जटायः
116	गुग्गुलुसेवनेन सह किम् अहितकरं नास्ति?	दुग्धम्	दुग्धम् / मद्यं / अम्लपदार्थः / मैथुनम्	दुग्धम्	मद्यं	मद्यं	अम्लपदार्थः
120	लवङ्गः निम्नलिखितेषु कस्य पर्यायः अस्ति?	श्रीफलस्य	देवकुसुमस्य / श्रीप्रसूनकस्य / श्रीसंज्ञस्य / श्रीफलस्य	श्रीफलस्य	लवङ्गः देवकुसुमस्य पर्यायः अस्ति	श्रीफलस्य	श्रीफलस्य
121	एला निम्नलिखितेषु कस्य पर्यायः अस्ति?	सर्वासाम्	बृहदेलायाः / भद्वैलायाः / स्थूलैलायाः / सर्वासाम्	सर्वासाम्	सर्वासाम्	सर्वासाम्	स्थूलैला
122	एला निम्नलिखितेषु कस्य पर्यायः नास्ति?	भद्रश्रियः	बहुलायाः / पृथ्विकायाः / भद्रश्रियः / निष्कुट्याः	बहुलायाः	पृथ्विकायाः	निष्कुट्याः	पृथ्विकायाः
123	सूक्ष्म-एला निम्नलिखितेषु कस्य पर्यायः नास्ति?	पृथ्वीकायाः	उपकुन्चिकायाः / तुत्थायाः / द्राविड्यः / पृथ्वीकायाः	तुत्थायाः	पृथ्वीकायाः	द्राविड्यः	पृथ्वीकायाः
124	दारूसिता निम्नलिखितेषु कस्य पर्यायः?	त्वक्	देवदारु / त्वक् / दारूहरिद्रा / तेजपत्र	दारूहरिद्रा	दारूहरिद्रा	देवदारु	दारूसिता का पर्याय देवदारु है
125	नागकेशरः निम्नलिखितेषु कस्य पर्यायः नास्ति?	नागफलस्य	चाम्पेयस्य / नागपुष्पस्य / नागफलस्य / काञ्चनाह्वयस्य	नागफलस्य	नागफलस्य	काञ्चनाह्वयस्य	नागकेशरः नागपुष्पस्य पर्यायः नास्ति
127	क्व उत्पन्नः केशरः उत्तमः मन्यते?	काश्मीरे; काश्मीरदेशे; कश्मीरे; कश्मीरदेशे		काश्मीरे कोशातकिः उत्तमः मन्यते	काश्मीरे	जम्मू	काश्मीरे
128	गोरोचनः निम्नलिखितेषु कस्य पर्यायः अस्ति?	वन्द्यायाः	वन्द्यायाः / काश्मीरस्य / वाहीकस्य / चाम्पेयस्य	काश्मीरस्य	गोरोचनः चाम्पेयस्य पर्यायः अस्ति	वाहीकस्य	वाहीकस्य
130	जटामांसी निम्नेषु कस्य पर्यायः अस्ति?	सर्वेषाम्	भूतजटायाः / तपस्विन्याः / पारसीकस्य / सर्वेषाम्	भूतजटायाः	सर्वेषाम्	भूतजटायाः	भूतजटायाः
131	गुन्द्रा निम्नेषु कस्य पर्यायः अस्ति?	मुस्तायाः	गुजायाः / मुस्तायाः / गोरोचनायाः / कुङ्कुमस्य	मुस्तायाः	गोरोचनायाः	गुजायाः	गोरोचनायाः
132	कर्पूरः निम्नेषु कस्य पर्यायः अस्ति?	सर्वेषाम्	वेधमुख्यस्य / द्राविडस्य / कल्पकस्य / सर्वेषाम्	द्राविडस्य	सर्वेषाम्	वेधमुख्यस्य	वेधमुख्यस्य
133	षड्ग्रन्था निम्नेषु कस्य पर्यायः अस्ति?	शठ्याः	शठ्याः / एलायाः / अतिविषायाः / रसोनस्य	अतिविषायाः	एलायाः	रसोना	अतिविषायाः
134	पत्राढ्यं धात्रीपत्रं च कस्य पर्यायौ स्तः?	तालीसपत्रस्य; तालीसम्; तालीसस्य		तुलसीकस्य	आमलकस्य	अद्रकस्य	अमलकं, पुनर्नवम्
135	इन्द्रेण वानराणां प्रति कृतामृतवर्षायाः बिन्दवः पृथ्व्यां पतनतः कस्य द्रव्यस्य उत्पत्तिः मता अस्ति?	गुडूच्याः	गुडूच्याः / लशुनस्य / आमलक्याः / शतावर्याः	गुडूच्याः	आमलक्याः	आमलक्याः	गुडूच्या
136	मधुपर्णी निम्नेषु कस्य पर्यायः अस्ति?	अमृतायाः	दालचिन्याः / अमृतायाः / एलायाः / तेजपत्रस्य	तेजपत्रस्य	मधुपर्णी तेजपत्रस्य पर्यायः अस्ति	तेजपत्रस्य	दालचिन्याः
137	गुडूची निम्नेषु कस्य पर्यायः नास्ति?	कश्चिन्न	अमृतवल्लर्याः / छिन्नरुहायाः / सोमवल्ल्याः / कश्चिन्न	कश्चिन्न	कश्चिन्न	कश्चिन्न	अमृतवल्लर्याः
138	गुडूची निम्नेषु कस्य पर्यायः अस्ति?	सर्वेषाम्	वत्सादन्याः / तन्त्रिकायाः / चक्रलक्षणिकायाः / सर्वेषाम्	वत्सादन्याः	सर्वेषाम्	सर्वेषाम्	गुडूची तन्त्रिकायाः पर्यायः अस्ति
139	ताम्बूलस्य वर्णनं भावप्रकाशे कस्मिन् वर्गे लभ्यते?	गुडूच्यादौ	हरिद्रादौ / गुडूच्यादौ / रसोनादौ / सर्वत्र	गुडूच्यादौ	हरिद्रादौ	सर्वत्र	हरिद्रादौ
140	श्रीफलः कस्य पर्यायः अस्ति?	बिल्वस्य	धत्तूरस्य / बिल्वस्य / भङ्गायाः / लवङ्गस्य	धत्तूरस्य	बिल्वस्य	बिल्वस्य	बिल्वस्य
141	गम्भारी कस्य पर्यायः नास्ति?	सोमवल्ल्याः	सोमवल्ल्याः / मधुपर्णिकायाः / पीतरोहिण्याः / काश्मर्याः	सुमधुपर्णिकायाः	मधुपर्णिकायाः	सोमवल्ली	गम्भारी कस्य पर्यायः नास्ति सोमवल्ल्याः
142	गणिकारीका कस्य पर्यायः अस्ति?	अग्निमन्थस्य		आरग्वधः	गणिकारीका पर्यायः वेश्या अस्ति	वेश्या	अष्टांग
143	बृहत्पञ्चमूलस्य वर्णनं भावप्रकाशस्य कस्मिन् प्रकरणे कृतम्?	गुडूच्यादिवर्गे		प्रथमखण्डे	हरितक्यादिवर्गे	आरोग्यप्रकरणे	अष्टाङ्गहृदये
146	गोक्षुरः कस्य पर्यायः नास्ति?	दुःस्पर्शायाः	पलङ्कषायाः / श्वदंष्ट्रायाः / इक्षुगन्धिकायाः / दुःस्पर्शायाः	इक्षुगन्धिकायाः	इक्षुगन्धिकायाः	पलङ्कषायाः	इक्षुगन्धिकायाः
147	दशमूलस्य वर्णनं भावप्रकाशे कुत्र अस्ति?	गुडूच्यादिवर्गे; चतुर्थः अध्यायः; चतुर्थः अध्यायः ४९ श्लोकः; चतुर्थाध्यायः; चतुर्थे; चतुर्थेऽध्याये		पूर्वभागे	दशमूलस्य वर्णनं भावप्रकाशे हरितक्यादिवर्गे अस्ति	भावप्रकाशस्य दशमूलविवरणं तस्मिन् तृतीयभागे अस्ति	अष्टांगहृदये
151	भावप्रकाशे शुक्लं रक्तं चेत्येतौ कस्य भेदौ उक्तौ?	एरण्डस्य ; स्नुह्याः	एरण्डस्य / स्नुह्याः / अर्कस्य / १-२	अर्कस्य	एरण्डस्य	एरण्डस्य, स्नुह्याः	एरण्डस्य
153	भक्षितं विषवन्मतम् कस्य विषये उक्तम्?	करवीरस्य	अर्कस्य / स्नूह्याः / कलिहार्याः / करवीरस्य	अर्कस्य	करवीरस्य	करवीरस्य	कलिहार्याः
154	मातुलपुत्रकः कस्य फलं कथ्यते?	धत्तूरस्य		नारङ्गफलम्	मातुलपुत्रकः आमलकफलस्य फलं कथ्यते |	पित्तस्य	मातुलपुत्रकः पितृपक्षे पितृभक्त्या फलं कथ्यते
155	हिङ्गुनिर्यासः कस्य पर्यायः अस्ति?	निम्बस्य		हिङ्गु	हिङ्गुनिर्यासः असafcasya पर्यायः अस्ति	आमोदार्थम्	पित्ते
156	निम्बः एतेषु कस्य पर्यायः अस्ति?	सर्वेषाम्	पारिभद्रस्य / पिचुमर्दस्य / अरिष्टस्य / सर्वेषाम्	अरिष्टस्य	सर्वेषाम्	सर्वेषाम्	निम्बः सर्वेषाम्
157	विषमुष्टिकः केशमुष्टिकः च कस्य पर्यायौ स्तः?	महानिम्बस्य		कडुलसस्य	इन्द्रवल्ली	सर्वगुण-परिवर्तकः	अम्लपित्तस्य
159	गण्डारिः एतेषु कस्य पर्यायः अस्ति?	काञ्चनारस्य	काञ्चनारस्य / पारिभद्रस्य / गुग्गुलस्य / मधुयष्ट्याः	पारिभद्रस्य	काञ्चनारस्य	गुग्गुलस्य	गण्डारिः काञ्चनारस्य पर्यायः अस्ति
160	भावप्रकाशेन शिग्रोः कति भेदाः उक्ताः?	३; षट्		त्रयः	चत्वारः	द्विविधानि	अष्टादश
162	भावप्रकाशानुसारं विष्णुक्रान्ता एतेषु कस्य पर्यायः अस्ति?	अपराजितायाः	शङ्खपुष्प्याः / अपराजितायाः / ब्राह्म्याः / गुडूच्याः	अपराजितायाः	अपराजितायाः	ब्राह्म्याः	अपराजितायाः
163	कुटजः एतेषु कस्य पर्यायः नास्ति?	सिन्दुवारस्य	गिरिमल्लिकायाः / कालिङ्गस्य / सिन्दुवारस्य / पाण्डुरद्रुमस्य	कालिङ्गस्य	सिन्दुवारस्य	गिरिमल्लिकायाः	कुटजः
165	आत्मगुप्ता मर्कटी दुःस्पर्शा च कस्य पर्यायाः सन्ति?	कपिकच्छोः		हरिद्राया:	कपिकच्छु	मार्जारस्य	अरिष्टा
166	तत् बीजं वातशमनं स्मृतं वाजीकरणं परम्। कस्य विषये उक्तम्? 	कपिकच्छोः		अश्वगन्धानां	माषबीजस्य	वातदोषस्य	अस्थि विषये
167	मूषकसर्पयोः विषनाशकं द्रव्यं किम्?	अड्कोटः; अङ्कोटः; अङ्कोटकः		सर्पगन्धा	अग्निमन्थः	गौटिकम्	अमलक
169	पुत्रदाऽवश्यम् (अवश्यं पुत्रं ददाति) इति किं द्रव्यम् अस्ति?	लक्ष्मणा		न	पुत्रजीवकम्	आम्लबिजम्	अश्वगन्धा
170	लक्ष्मणायाः गन्धः केन समम् अस्ति?	बस्तगन्धेन; वस्तगन्धः		लक्ष्मणायाः गन्धः वेणुमूलगन्धेन समम् अस्ति	नाना	गंधकृत्	श्री गणेशाय नमः
173	कः त्रिवृत् हीनगुणवत् अस्ति? 	कृष्णः		कासीसः	अम्लः	कर्काटिकः	अरिष्ट
174	प्लीहशत्रुः निम्नलिखितेषु कस्य पर्यायः अस्ति?	शरपुंखायाः	रोहितकस्य / शरपुंखायाः / पुनर्नवायाः / गिलोयस्य	पुनर्नवायाः	पुनर्नवायाः	रोहितकस्य	प्लीहशत्रुः का है ?
175	अधःशल्यः निम्नलिखितेषु कस्य पर्यायः अस्ति?	अपामार्गस्य	त्रिवृतः / गोक्षुरस्य / अपामार्गस्य / अमलतासस्य	अपामार्गस्य	अपामार्गस्य	अपामार्गस्य	अधःशल्यः = त्रिवृतः
176	केशरञ्जनः निम्नलिखितेषु कस्य पर्यायः अस्ति?	भृङगराजस्य; भृङ्गराजस्य	अरिष्टकस्य / सातलायाः / भृङगराजस्य/ मञ्जिष्ठायाः	भृङगराजस्य	मञ्जिष्ठायाः	भृङगराजस्य	मञ्जिष्ठा
177	महौषधी निम्नलिखितेषु कस्य पर्यायः अस्ति?	मण्डूकपर्ण्याः	श्रृंगवेरस्य / मण्डूकपर्ण्याः / गिलोयस्य / आमलक्याः	गिलोयस्य	गिलोयस्य	गिलोयस्य	अमलतास्य
178	पुष्पवर्गे सर्वप्रथमं कस्य द्रव्यस्य वर्णनं कृतम् अस्ति?	कमलस्य	कमलस्य / गुलाबस्य / चमेल्याः / जूह्याः	कमलस्य	कमलस्य	कमलस्य	कमलस्य
179	तुलसी निम्नलिखितेषु कस्य पर्यायः अस्ति?	सर्वेषाम्	बहुमञ्जर्याः / अपेतराक्षस्याः / भूतघ्न्याः / सर्वेषाम्	सर्वेषाम्	सर्वेषाम्	सर्वेषाम्	अपेतराक्षस्याः
180	देवदुन्दुभिः निम्नलिखितेषु कस्य पर्यायः अस्ति?	तुलस्याः	धतूरस्य / कर्पूरस्य / तुलस्याः / पीपलस्य	धतूरस्य	धतूरस्य	धतूरस्य	देवदुन्दुभिः = धतूरस्य
184	गर्भपातनः निम्नलिखितेषु कस्य पर्यायः अस्ति?	अरिष्टकस्य	अरिष्टकस्य / लाङ्गल्याः / टङ्कणस्य / उलट्कालिकस्य	लाङ्गल्याः	लाङ्गल्याः	उलट्कालिकस्य	अरिष्टकस्य
186	मोचरसः निम्नेषु कस्य निर्यासः अस्ति?	शाल्मल्याः	शाल्मल्याः / श्ल्लक्याः / गुञ्जुलस्य / शिग्रोः	शाल्मल्याः	शाल्मल्याः	गुञ्जुलस्य	शाल्मल्याः
187	सुमेलयतु i. स्थूलवल्कलम्       1. सप्तपर्णम्  ii. बहुलवल्कलम्      2. भूर्जपत्रम्  iii. विशालत्वक्      3. कट्फलः  iv. सोमवल्कलम्        4. लोध्रम्	i-4, ii-2, iii-1, iv-3	i-1, ii-2, iii-3, iv-4 / i-2, ii-1, iii-3, iv-4 / i-4, ii-2, iii-1, iv-3	i-1, ii-2, iii-3, iv-4	i-2, ii-1, iii-3, iv-4	i-2, ii-1, iii-3, iv-4	i-2, ii-1, iii-3, iv-4
188	सुमेलयतु - i. आमाम्रफलम्      1. वातहरम् श्लेष्मशुक्रवर्धनम् ii. शुष्कामाम्र फल    2. वातहरम् पित्तप्रकोपनम्  iii. पक्वाम्रफलम्       3. वातपित्तकृत्  iv. वृक्षपक्वाम्रफलम्  4. कफवातजित्	i-3, ii-4, iii-1, iv-2	i-3, ii-1, iii-4, iv-2 / i-1, ii-2, iii-3, iv-4 / i-1, ii-3, iii-4, iv-2 / i-3, ii-4, iii-1, iv-2	i-1, ii-2, iii-3, iv-4	i-1, ii-2, iii-3, iv-4	i-1, ii-2, iii-4, iv-3	i-1, ii-2, iii-4, iv-2
190	आम्रावर्तः कस्मात् भागात् भवति?	आम्ररसात्	आम्ररसात् / आम्रत्वचः / आम्रफलात् / आम्रपुष्पात्	आम्ररसात्	आम्रफलात्	आम्रफलात्	आम्रफलात्
192	अशुमतीफलं निम्नेषु कस्य पर्यायः अस्ति?	कदल्याः	कदल्याः / आम्रस्य / नारिकेलस्य / कालिन्दसस्य	कदल्याः	कदल्याः	कदल्याः	कदल्याः
193	सुमेलयतु - i. कण्टकारीफलम्           1. कदलीफलम्  ii. अंशुमतीफलम्       2. त्रपुसः  iii. अतिबृहत् फलम्    3. नारिकेलः iv. स्कन्धफलम्         4. कट्फलः	i-2, ii-1, iii-4, iv-3	i-2, ii-1, iii-4, iv-3 / i-1, ii-2, iii-3, iv-4 / i-1, ii-3, iii-4, iv-2 / i-3, ii-4, iii-2, iv-1	i-3, ii-4, iii-2, iv-1	i-1, ii-2, iii-3, iv-4	i-1, ii-3, iii-4, iv-2	i-1, ii-2, iii-3, iv-4
194	दशाङ्गुलं निम्नेषु कस्य पर्यायः अस्ति?	खर्बूजस्य	कदलीफलस्य / पनसस्य / कालिन्दसस्य / खर्बूजस्य	खर्बूजस्य	कदलीफलस्य	खर्बूजस्य	कदलीफलस्य
195	किं फलं शुष्कम् एव श्रेष्ठम् अस्ति?	सर्वेषाम्	द्राक्षायाः / बिल्वस्य / हरितक्याः / सर्वेषाम्	सर्वेषाम्	हरितक्याः	द्राक्षायाः	द्राक्षायाः
196	पुष्पफलं तथा दधिफलं कस्य पर्यायौ स्तः?	कपित्थफलस्य; कपित्थस्य		मोचीकस्य	दाडिमस्य	पुष्टिः	अमृतफलं
201	द्राक्षायाः आकारः कः अस्ति?	गोस्तनसमः	गोमुखसमः / गोस्तनसमः / गोखुरसदृशः  / गवां वर्णेन समानम्	गोमुखसमः	गोस्तनसमः	गोमुखसमः	गोमुखसमः
202	खर्जूरः अधस्तनेषु कस्य पर्यायः अस्ति?	सर्वेषाम्	स्वल्पखर्जूरस्य / पिण्डखर्जूरस्य / स्रोतःखर्जूरस्य / सर्वेषाम्	स्वल्पखर्जूरस्य	सर्वेषाम्	स्वल्पखर्जूरस्य	स्वल्पखर्जूरस्य
203	सुलेमानी कस्य पर्यायः अस्ति?	पिण्डखर्जूरस्य		शिलाजतु:	रौप्यम्	मधु	अमृत
204	नेत्रोपमफलं कस्य पर्यायः अस्ति?	वातदस्य; वातादः		आमलकी	अमलकम्	पलांबूण्डि	अमलतास्य
205	मुष्टिप्रमाणं बदरं च कस्य फलस्य नामनी इति? 	सेवस्य; सेवम्		कपित्थम्	इक्षोः	बदरी फलस्य	अमृतफलस्य
209	किं फलं शुष्कम् अधिकगुणकरम् अस्ति?	सर्वे	बिल्वः / द्राक्षाः / हरीतकी / सर्वे	द्राक्षाः	हरीतकी	हरीतकी	बिल्वः
210	कपिप्रियः, दधिफलम्, दन्तराठः च कस्य पर्यायाः सन्ति?	कपित्थस्य		अनारस्य	दाडिमस्य	गुदुच्चीः	अमृतारिष्ट, शहदफलम्, दन्तपुष्पम्
211	त्वक्सुगन्धः मुखप्रियश्च कस्य पर्यायौ स्तः?	नारङ्गिकायाः		दालचिनी	दालचिनी	चन्दनम्	तैल
212	भावप्रकाशः स्वादानुसारं दाडिमस्य फलानि  कतिविधानि उक्तवान्?	३; षट्		षट्	त्रिविधानि	त्रिविधानि	दश
213	पयःप्रसादी अधस्तनेषु कस्य पर्यायः अस्ति?	कतकस्य	द्राक्षायाः / परूषकस्य / कतकस्य/ शहतूतस्य	कतकस्य	द्राक्षायाः	द्राक्षायाः	कतकस्य
215	पञ्चाम्ले चतुराम्लादतिरिक्तं किं द्रव्यं भवति?	बीजपूरः; बीजपूरम्		लवणम्	आमलकम्	षड्रसः	अम्लानि
216	भावप्रकाशे कति धातवः उक्ताः?	७; सप्त		सप्तधातवः	सप्त	द्वादश	अष्टधातवः
217	अग्निदेवस्य वीर्यात् कः धातुः उत्पन्नः?	स्वर्णम्; सुवर्णम्; स्वर्णः; स्वर्णम्		सोमः	पित्तः	तेजः	लोह
218	कृत्रिमस्वर्णस्य उत्पत्तिः कस्मात् द्रव्यात् भवति?	पारदस्य वेधनात्	हिङ्गुलात् / पारदस्य वेधनात् / शिलाजतोः / स्वर्णमाक्षिकात्	पारदस्य वेधनात्	पारदस्य वेधनात्	पारदस्य वेधनात्	हिङ्गुलात्
221	ताम्रस्य उत्पत्तिः कथं भवति?	कार्तिकेयस्य वीर्येण; कार्त्तिकेयशुक्रात्		खननतो	ताम्रस्य उत्पत्तिः पित्ताधिक्यात् भवति	ताम्रस्य उत्पत्तिः माट्स्यकाण्यां धातु पदार्थानां च सङ्कर्षणात् भवति	ताम्रं प्राकृतिक रूपेण प्राप्यते
222	ताम्रस्य अनुत्कृष्टभस्मनः कति दोषाः भवन्ति?	८; अष्ट; अष्टदोषाः; अष्टौ; अष्टौ दोषाः		षट् दोषाः	द्वौ	एकः	ताम्रपात्रे अनेके दोषाः भवन्ति
223	रङ्गस्य कति भेदाः भावप्रकाशे उक्ताः?	२; द्वौ		चत्वारः	चत्वारः	षट्	षड्
224	रविप्रियः कस्य धातोः पर्यायः अस्ति? 	ताम्रस्य; ताम्रस्य		ताम्र	पित्तस्य	सूर्यस्य	सूर्य
225	केभ्यः देवतेभ्यः का धातुः उत्पद्यते सुमेलितं कुरुत -  i. शिवः 1. सुवर्णम्  ii. कार्तिकेयः 2. रजतम्  iii. वासुकिः 3. ताम्रम्  iv. अग्निदेवः 4. नागः	i-2, ii-3, iii-4, iv-1	i-2, ii-3, iii-4, iv-1 / i-2, ii-3, iii-4, iv-1 / i-1, ii-3, iii-4, iv-2 / i-3, ii-4, iii-2, iv-1	i-3, ii-4, iii-2, iv-1	i-1, ii-3, iii-4, iv-2	i-1, ii-3, iii-4, iv-2	i-3, ii-4, iii-2, iv-1
226	लौहधातोः कति दोषाः उक्ताः?	७; सप्त		अष्टौ	त्रिदोषकरः	त्रयः	अष्टदोषाः
227	लौहसेवनसमये त्याज्यः पदार्थः कः?	सर्वे	कूष्माण्डम् / तिलतैलम् / मद्य / सर्वे	सर्वे	सर्वे	मद्य	कूष्माण्डम्
228	भावप्रकाशे कति उपधातवः उक्ताः सन्ति?	७; सप्त		शोडश	षड् उपधातवः	दश	अष्टौ
229	वितुन्नकः, शिखिग्रीवः, मयूरकः च कस्य पर्यायाः सन्ति?	तुत्थस्य; तुत्थम्; तुत्थस्य		मयूरस्य	कुक्कुटस्य	कौमार्यस्य	अमृतकः, शंखकः, मयूरकः च
233	सिन्दूरः अधोलिखितेषु कस्य उपधातुः अस्ति?	नागस्य	यशदस्य / नागस्य / ताम्रस्य / ताम्रस्य	नागस्य	ताम्रस्य	ताम्रस्य	यशदस्य
234	शिलाजितोः कति भेदाः सन्ति?	४; चत्वारः		षड्	चत्वारः	त्रीणि	शिलाजितोः द्वे भेदाः सन्ति
239	कः शिलाजितु सर्वश्रेष्ठा भवति?	लौह		शिलाजितु:	कश्मीरजं शिलाजितु सर्वश्रेष्ठं भवति	तज़न्यः	अमृताशना
241	कस्य वर्णस्य पारदः रसायनकर्मणि श्रेष्ठः भवति?	रक्तः; रक्तवर्णस्य		रक्तवर्णस्य	रक्तवर्णस्य	रक्तवर्णस्य	शुक्लवर्णस्य पारदः रसायनकर्मणि श्रेष्ठः भवति
244	पारदस्य स्वाभाविकदोषाः कति?	७		अष्ट	षट्	सप्त	पञ्च
249	अधोलिखितेषु कः हिङ्गुलस्य भेदः न अस्ति?	म्लेच्छः	चर्मारः / म्लेच्छः / शुक्रतुण्डः / हंसपादः	म्लेच्छः	हंसपादः	हंसपादः	अधोलिखितेषु हिङ्गुलस्य भेदः न अस्ति - म्लेच्छः
251	गन्धकः अधोलिखितेषु कस्य पर्यायः अस्ति?	सर्वेषाम्	गन्धकपाषाणस्य / बलिनः / बलरसस्य / सर्वेषाम्	गन्धकपाषाणस्य	सर्वेषाम्	गन्धकपाषाणस्य	गन्धकपाषाणस्य
253	कः गन्धकः स्वर्णनिर्माणे उपयुज्यते?	रक्तवर्णः		हाईं	रससिन्दूरः	अभ्रकः	सुवर्णमाक्षिका
257	अधोलिखितेषु किं तथ्यं  गन्धकसन्दर्भे अयोग्यम् अस्ति?	मधुरविपाकः	कफवातहर / रसायनः / मधुरविपाकः / उष्णवीर्यः	मधुरविपाकः	मधुरविपाकः	मधुरविपाकः	कफवातहर
258	अधोलिखितेषु कः अशुद्धगन्धकस्य दोषो नास्ति?	आमवातः 	ओजनाशकः / कुष्ठः / आमवातः / विषमज्वरः	ओजनाशकः	ओजनाशकः	कुष्ठः	ओजनाशकः
259	अभ्रकम् अधोलिखितेषु कस्य पर्यायः अस्ति?	उभयस्य	गगनस्य / वज्रस्य / उभयस्य / न कस्यापि	उभयस्य	उभयस्य	वज्रस्य	अभ्रकम् अधोलिखितेषु कस्य पर्यायः अस्ति? उभयस्य
260	सुमेलयत  i. श्वेतम् अभ्रकम्       1. रसायनकर्म  ii. रक्तम् अभ्रकम्     2. रजतनिर्माणहेतु  iii. पीतम् अभ्रकम्    3. सुवर्णनिर्माणहेतु  iv. कृष्णम् अभ्रकम्   4. रोगनाशनहेतु	i-2, ii-1, iii-3, iv-4	i-2, ii-1, iii-4, iv-3 / i-2, ii-1, iii-3, iv-4 / i-1, ii-3, iii-4, iv-2 / i-3, ii-4, iii-2, iv-1	i-1, ii-3, iii-4, iv-2	i-2, ii-1, iii-4, iv-3	i-1, ii-3, iii-4, iv-2	i-2, ii-1, iii-3, iv-4
261	पिनाक-अभ्रकसेवनात् कः रोगः जायते?	महाकुष्ठः	मधुमेहः/ महाकुष्ठः / गांठिकाः / मृत्युः	मृत्युः	महाकुष्ठः	मधुमेहः	मधुमेहः
269	स्फटिका अधोलिखितेषु कस्य पर्यायः अस्ति?	सर्वेषाम्	श्वेतायाः / शुभ्रायाः / दृढरङ्गायाः / सर्वेषाम्	शुभ्रायाः	सर्वेषाम्	श्वेतायाः	श्वेतायाः
270	राजावर्तः अधोलिखितेषु कस्य पर्यायः नास्ति?	दृढरङ्गायाः	नृपावर्तस्य / दृढरङ्गायाः / रेवट्याः / आवर्तमणिसंज्ञकस्य	रेवट्याः	दृढरङ्गायाः	नृपावर्तस्य	राजावर्तः नृपावर्तस्य पर्यायः नास्ति
271	तुत्थकम् अधोलिखितेषु कस्य पर्यायः अस्ति?	खर्परस्य	खर्परस्य / खटिकायाः / वालुकायाः / गैरिकस्य	खर्परस्य	खटिकायाः	खटिकायाः	खर्परस्य
273	सौराष्ट्री अधोलिखितेषु कस्य पर्यायः?	सर्वेषाम्	मृत्तालकस्य / आढक्याः / मृत्स्नायाः / सर्वेषाम्	मृत्स्नायाः	सर्वेषाम्	मृत्स्नायाः	मृत्तालकस्य
274	क्षेत्रजा अधोलिखितेषु कस्य पर्यायः?	कृष्णमृत्तिकायाः	कर्दमस्य / शङ्खस्य / बोलस्य / कृष्णमृत्तिकायाः	कर्दमस्य	बोलस्य	कर्दमस्य	क्षारम्
280	कस्य वर्णस्य हीरकः रसायनार्थम् उपयुक्तः भवति?	ब्राह्मणवर्णस्य	ब्राह्मणवर्णस्य / क्षत्रियवर्णस्य / वैश्यवर्णस्य/ शूद्रवर्णस्य	ब्राह्मणवर्णस्य	ब्राह्मणवर्णस्य	ब्राह्मणवर्णस्य	ब्राह्मणवर्णस्य
287	शालिधान्यस्य उत्पत्तिः कस्मिन् ऋतौ भवति?	हेमन्ते; हेमन्त ऋतौ; हेमन्तः		वसन्तऋतुः	वर्षार्तौ	ग्रहणऋतौ	वर्षे
288	ब्रीहिधान्यानि कस्मिन् ऋतौ उत्पद्यन्ते?	वर्षासु; वर्षऋतौ; वर्षाकाले; वर्षासु		शरद् ऋतु	वर्षासु	ग्रीष्म ऋतौ	वर्षा ऋतौ
295	सूप्यं वैदलं च कस्य पर्यायौ स्तः?	शिम्बीधान्यस्य; शिम्बिजाः; शिम्बिधान्यस्य; शिम्बीभवाः		यूषायाः	सूप्यं वैदलं च कस्य पर्यायौ स्तः? वातस्य	सूप्यं च वैदलं च तु श्वेतपर्ण्यानाम्	अमृतं वैदलं
302	अधस्तनेषु क्षुज्जनिका कस्य पर्यायः अस्ति?	राजिकायाः	सर्षपस्य / राजिकायाः / कंगोः / चणकस्य	राजिकायाः	राजिकायाः	सर्षपस्य	सर्षपस्य
303	भावप्रकाशानुसारं कति वर्षाणां पुरातनानि धान्यानि पुराणानि इति उच्यन्ते?	>२ वर्ष	>१ वर्ष / >२ वर्ष / ५ वर्ष / १० वर्ष	>२ वर्ष	>१ वर्ष	>५ वर्ष	>५ वर्ष
304	शाकस्य कति भेदाः भवन्ति?	६; षट्		सप्त	द्विविधम्	द्वि	शाकस्य पञ्च भेदाः भवन्ति
305	निम्नलिखितान् उत्तरोत्तरं गुरूत्वस्य क्रमेण व्यवस्थापयत। नालं, पत्रं, पुष्पं, फलं, कन्दं, संस्वेदज?	पत्रं, पुष्पं, फलं, नालं, कन्दं, संस्वेदजं	पत्रं, पुष्पं, फलं, सस्वेदजं, कन्दं, नाल / पुष्पं, फलं, सस्वेदजं, नालं, कन्दं, पत्रं / पत्रं, पुष्पं, फलं, नालं, कन्दं, सस्वेदजं / पत्रं, पुष्पं, नालं, फलं, सस्वेदजं, कन्दं	पत्रं, पुष्पं, फलं, नालं, कन्दं, सस्वेदजं	पत्रं, पुष्पं, फलं, नालं, कन्दं, सस्वेदजं	पत्रं, पुष्पं, फलं, कन्दं, नालं, सस्वेदजं	पत्रं, पुष्पं, फलं, सस्वेदजं, कन्दं, नाल
306	किं शाकं दुग्धवर्धकं शुक्रजनकं च भवति?	कलम्बी		शतावरी	शतावरी	सर्पगंधा	अश्वगन्धा
307	अश्मन्तकः कस्य पर्यायः भवति?	चुक्रिकायाः		घृतेशः	अश्मन्तकः अर्जुनस्य पर्यायः भवति	द्राक्षा	अश्वगन्धा
308	अधोलिखितेषु किं शाकं सर्वज्वरहर्ता अस्ति?	गुडूची	पटोलपत्रम् / गुडूची / कासमर्दः / गोजिह्वा	गुडूची	गुडूची	गुडूची	गुडूची
309	भावप्रकाशस्य अनुसारं निन्दनीयं शाकं किम् अस्ति?	सर्षपः; सार्षपम्		परवल्लि:	पलाण्डुः	तुण्डुकम्	अर्का
311	भावप्रकाशे सर्षपस्य वर्णनं कस्मिन् वर्गे कृतम् अस्ति?	शिम्बीधान्याम्	शूकधान्याम् / शिम्बीधान्याम् / शालिधान्याम् / शाकवर्गे	शाकवर्गे	शिम्बीधान्याम्	शाकवर्गे	शाकवर्गे
314	आलुकस्य कति भेदाः सन्ति?	५; पञ्च		सप्त भेदाः	द्वादश	Triḥ	आलुकस्य चतुर्भेदाः सन्ति
315	किं शाकम् अपक्वं शुष्कं च उभयथापि ग्रहीतुं निषेधः न अस्ति?	मूलकः; मूलकम्		हरितकम्	मूलकम्	पुञ्जिका	अर्का
316	शाकस्य संदर्भे का व्याख्या निषिद्धा अस्ति?	सर्वे	व्याधितम् / अऋतुजम् / सशुष्कम् / सर्वे	सर्वे	सर्वे	सर्वे	व्याधितम्
317	मांसं निम्नेषु कस्य पर्यायः न अस्ति?	सर्वेषाम्	क्रव्यस्य / आमिषस्य / पललस्य / सर्वेषाम्	पललस्य	पललस्य	पललस्य	क्रव्यस्य
322	निम्नेषु कस्य मांसं नेत्रगुदविकारेषु नित्यं हितकरं भवति?	गुहाशयस्य	गुहाशयस्य / बिलेशयस्य / पर्णमृगस्य / प्रतुदस्य	बिलेशयस्य	पर्णमृगस्य	गुःआशयस्य	पर्णमृगस्य
323	के पक्षिणः विकीर्य भक्षयन्ति?	विष्किरः	प्रतुदः / विष्किरः / प्रसहः / विलेशयः	विष्किरः	विष्किरः	विलेशयः	विष्किरः
325	अधोलिखितेषु कः प्लवपक्षी अस्ति?	सारसः	सारसः / उलूकः / पारावतः / लावः	सारसः	लावः	सारसः	सारसः
326	केषां पक्षिणां मांसम् अत्युत्तमं स्यात्?	धान्यस्य अङ्कुरान् चरतां पक्षिणां; धान्याङ्कुरचरताम्	जले निवसतां पक्षिणां / धान्यस्य अङ्कुरान् चरतां पक्षिणां / विस्किर- पक्षिणाम् / विलेशय-पक्षिणां	जले निवसतां पक्षिणां	विस्किर- पक्षिणाम्	जले निवसतां पक्षिणां	विलेशय-पक्षिणां
327	विष्किरवर्गस्य पक्षिणां कति भेदाः सन्ति?	४; चतुर्धा; चत्वारः		षट्	विष्किरवर्गस्य पक्षिणां त्रयोदश भेदाः सन्ति	त्रि	अष्टादश
328	अधोलिखितेषु किं वाक्यं मिथ्या अस्ति?	पक्षिषु स्त्रीजातिमांसं श्रेष्ठं वर्तते	पक्षिषु स्त्रीजातिमांसं श्रेष्ठं वर्तते। / चतुष्पदेषु स्त्रीजातिजीवानां मांसं श्रेष्ठं वर्तते। / पुरुषसंज्ञकस्य शरीरस्य अधोभागस्य मांसं लघु भवति। / सर्वं मिथ्या अस्ति।	सर्वं मिथ्या अस्ति	चतुष्पदेषु स्त्रीजातिजीवानां मांसं श्रेष्ठं वर्तते	सर्वं मिथ्या अस्ति	पक्षिषु स्त्रीजातिमांसं श्रेष्ठं वर्तते
330	अधोलिखितेषु जलस्य पर्यायः कः?	सर्वे	अमृतम् / घनरसः / अर्ण / सर्वे	सर्वे	सर्वे	अमृतम्	अर्ण
332	अधोलिखितेषु कः जलस्य भेदः नास्ति?	वारि	धाराजम् / वारि / करकाभवम् / तौषारम्	तौषारम्	वारि	वारि	धाराजम्
334	आकाशे वायुना अग्निना च घनं भूत्वा कीदृशं जलं शिलाखण्डरूपेण पतति?	कारकम्; करकाजम्		श्यामलम्	हिमम्	पातालजलम्	अम्बु
336	भौमं जलं कस्मिन् समये गृह्यमाणम् उत्तमफलदं भवति?	प्रातःकाले; सूर्योदये; प्रातः		प्रातःकाले	प्रातःकाले	गृह्यते या विधिना आषाढमासे	शीतकाले
338	शीतलजलस्य पानं कस्मिन् रोगे निषिद्धम् अस्ति?	गलग्रहे	दाहे / मूर्च्छायाम् / गलग्रहे / तमकश्वासे	तमकश्वासे	तमकश्वासे	मूर्च्छायाम्	दाहे
341	जीवनं जीविनां जीवौ जगत् सर्वन्तु तन्मयम् इत्येतत् कस्मिन् सन्दर्भे लिखितम् अस्ति?	जलसन्दर्भे	रक्तसन्दर्भे / जलसन्दर्भे / प्राणसन्दर्भे / नेत्रसन्दर्भे	प्राणसन्दर्भे	प्राणसन्दर्भे	प्राणसन्दर्भे	प्राणसन्दर्भे
342	पीतस्य साधारणजलस्य पाकः कतिदिनेषु भवति?	१ प्रहरे	प्रहरे / १ प्रहरे / २ प्रहरे / ३ प्रहरे	१ प्रहरे	१ प्रहरे	१ प्रहरः	प्रहरे
344	निम्नेषु कस्य दुग्धं अश्मरीनाशकं भवति?	आविकस्य	आविकस्य / घोटक्याः / औष्ट्रस्य / हस्तिन्याः	आविकस्य	आविकस्य	आविकस्य	औष्ट्रस्य
345	नस्यं आश्च्योतनं च कर्मभ्यां किम् दुग्धं प्रयुज्यते?	स्त्री; भार्या दुग्धम्; भार्यादुग्धम्; भार्यापयः		जिह्वाग्रम्	दुग्धिका	दुग्धं क्लान्ति सिद्ध्यर्थम्	दुग्धं प्रयुज्यते गो-दुग्धं
347	निम्नेषु कस्य दुग्धं धाराशीतं उत्तमं भवति?	माहिषस्य; माहिषम्		गव्यस्य	महिष्याः	गौः	गाय का
348	यद् दुग्धं विनाऽपक्त्वैव विपक्वं जायते तत् किम्?	क्षीरशाकः	पीयूषः / किलाटः / क्षीरशाकः / मोरट्	मोरट्	पीयूषः	पीयूषः	क्षीरशाकः
349	यद् दुग्धं दध्नः संयोजनेन खण्डितम् तथा तस्मात् अंशभूतं घनभागं निष्कास्य यद् द्रववस्तु शिष्टं भवति तत् किम्?	मोरट		मधु	तक्रं	कर्षा	दध्नः
351	रात्रौ दुग्धं कुतः पातव्यम्?	सर्वे सम्यक्	पथ्यम् / दोषशामकम् / नेत्रहितकरम् / सर्वे सम्यक्	दोषशामकम्	सर्वे सम्यक्	नेत्रहितकरम्	दुग्धं पथ्यम्
354	कस्मिन् ऋतौ दध्नः सेवनं निषिद्धम्?	शरदि		ग्रीष्म-ऋतौ	वर्षासु	ग्रीष्मऋतौ	शिशिर ऋतौ
355	दध्नः उपरि स्नेहयुक्तः भागः कः?	सरः	मस्तु / पीयूषः / तक्रम् / सरः	सरः	सरः	पीयूषः	मस्तु
358	कस्मिन् ऋतौ अवस्थायां वा तक्रस्य सेवनं निषिद्धम्?	सर्वे	ग्रीष्मे / दाहे / रक्तपित्ते / सर्वे	सर्वे	सर्वे	सर्वे	ग्रीष्मे
359	चक्षुष्यं नवनीतं किम्?	दुग्धोत्थं नवनीतं; दुग्धोत्थं; दुग्धोत्थम्		आम्	आम्रफलम्	कान्तारामं	तिल
360	पुरातनं घृतं किम् उच्यते?	एकवर्षप्राचीनं; एकवर्षप्राचीनम्	एकवर्षप्राचीनं / द्विवर्षप्राचीनं / दशवर्षप्राचीनं / शतवर्षप्राचीनं	दशवर्षप्राचीनं	दशवर्षप्राचीनं	दशवर्षप्राचीनं	दशवर्षप्राचीनं
366	विशेषेण चक्षुष्यं घृतं किम्?	गव्यम्		महातीक्ष्णम्	त्रिफला घृतम्	दृष्टिप्रदर्शनम्	अष्टगुणं
367	भावप्रकाशे मूत्रवर्गे कति प्रकारकाणां सूत्राणां वर्णनं कृतम्?	२	२ / ३ / ५ / ७	५	७	द्वि	७
368	भावप्रकाशे मूत्रवर्गे कस्य मूत्रस्य वर्णनं न कृतम्?	आविकमूत्रम्	गोमूत्रम् / मनुष्यमूत्रम् / उभयोः / आविकमूत्रम्	उभयोः	आविकमूत्रम्	आविकमूत्रम्	गोमूत्रम्
370	अधोलिखितेषु किं तैलं बृंहणं लेखनं च करोति?	तिलतैलम्	सर्षपतैलम् / तिलतैलम् / राजिकातैलम् / अतसीतैलम्	तिलतैलम्	सर्षपतैलम्	तिलतैलम्	सर्षपतैलम्
372	अधोलिखितेषु कः वास्तविकस्य तैलस्य गुणः अस्ति?	सर्वे	बल्यः / चक्षुष्यः / बस्तिकर्म / सर्वे	सर्वे	सर्वे	सर्वे	सर्वे
376	मधु अधोलिखितेषु कस्य पर्यायः अस्ति?	सर्वेषाम्	वरट्याः / भृंगवान्तस्य/ पुष्परसोद्भवस्य / सर्वेषाम्	पुष्परसोद्भवस्य	सर्वेषाम्	सर्वेषाम्	पुष्परसोद्भवस्य
387	हिमं कर्तुं द्रव्यस्य मात्रा कियती आवश्यकी?	६ पल	२ पल / ४ पल / ६ पल / ८ पल	२ पल	द्रव्यस्य हिमं कर्तुं ४ पल मात्रा आवश्यकी	६ पल	६ पल
388	मन्थे द्रव्यस्य मात्रा कियती सम्यक् अस्ति?	४ पल; ४ पलैः	२ पल / ४ पल / ६ पल / ८ पल	४ पल	४ पल	६ पल	२ पल
397	स्नेहपरिपाकस्य कति प्रकाराः भवन्ति?	३; त्रयः	२ / ३ / ४ / ६	३	३	१ ४	६
401	अरिष्टनिर्माणविधौ यदि द्रवपदार्थस्य मापनं न प्रोक्तं भवेत् तर्हि कियत् स्वीकर्तव्यम्?	1 द्रोणः	1 द्रोणः / 1 तुला / अर्ध तुला / 8 पलानि	1 तुला	अर्ध तुला	1 तुला	अरिष्टनिर्माणविधौ यदि द्रवपदार्थस्य मापनं न प्रोक्तं भवेत् तर्हि कियत् स्वीकर्तव्यम्? 1 द्रोणः
405	मारणार्हे रजते कति गुणाः भवेयुः?	९; नव	५ / ७ / ९ / १२	१२	७	दश गुर्वः	९
411	महती स्नेहमात्रा का?	१ दिनं रात्रौ च पचेते;  १दिनंरात्रौचपचेते	१ दिनं रात्रौ च पचेते / १ दिवसः पच्यते / अर्धदिने पच्यते / चतस्रः घण्टाः पच्यते	१ दिवसः पच्यते	चतस्रः घण्टाः पच्यते	अर्धदिने पच्यते	अर्धदिने पच्यते
412	स्नेहस्य का मात्रा या अग्निदीपिका वीर्यवर्धिका च?	कनिष्ठा	कनिष्ठा / मध्यमा / ज्येष्ठा / कोई न	मध्यमा	मध्यमा	ज्येष्ठा	कनिष्ठा
417	विरेचनाय उत्तमाः ऋतवः के?	वसन्तः शारदः च; वसन्तःशारदःच	शिशिरः वसन्तः च / वसन्तः शारदः च / हेमन्तः वर्षा च / हेमन्तः शिशिरः च	वसन्तः शारदः च	वसन्तः शारदः च	वसन्तः शारदः च	वसन्तः शारदः च
420	षड् वर्षपर्यन्तम् बस्तिनेत्रस्य मानं कियत् स्यात्	८ अङ्गुलाः	६ अङ्गुलाः / ८ अङ्गुलाः / १० अङ्गुलाः / १२ अङ्गुलाः	८ अङ्गुलाः	६ अङ्गुलाः	अष्ट अङ्गुलाः	षड् वर्षपर्यन्तम् बस्तिनेत्रस्य मानं १२ अङ्गुलाः स्यात्
422	रेचननस्यस्य कति भेदाः?	२	२ / ३ / ४ / ५	४	द्वौ	पञ्च	५
423	नस्यकर्मणि तीक्ष्णस्य औषधस्य मापः कः?	१ शाणः	१/२ शाणः / १ शाणः / १ १/२ शाणः / २ शाणः	१ शाणः	२ शाणः	१/२ शाणः	१/२ शाणः
424	स्नेहनस्यस्य कति भेदाः?	२; द्वौ	२ / ३ / ४ / नास्ति	४	चत्वारः	४	४
427	प्रतिमर्शनस्यस्य कालः कतिवारम्?	१४	१० / १२ / १४ / २०	२०	द्वादशवारम् (१२)	द्वादशवारम्	१४
428	धूम्रपानस्य प्रकाराः कति?	६; षट्	४ / ६ / ७ / ८	८	६	सप्त	८
431	गण्डूषस्य किति प्रकाराः?	४; चत्वारः	२ / ३ / ४ / ५	४	४	पञ्च	५
434	स्वेदस्य प्रकाराः कति?	४; चतुर्धा; चत्वारः	४ / १० / १३ / १४	१४	१३	१०	१४
435	मूर्द्धतैलस्य प्रकाराः कति?	४; चतुर्धा; चत्वारः	२ / ३ / ४ / ५	४	चत्वारः	पञ्च	५
436	लेपस्य प्रकाराः कति?	३; त्रयः	२ / ३ / ४ / न अस्ति	अस्ति	चत्वारः	४	४
437	भावप्रकाशेन नेत्रचिकित्सायाः कति प्रकाराः उक्ताः?	७; सप्त	३ / ५ / ७ / ९	७	नेत्रचिकित्सायाः भावप्रकाशेन ९ प्रकाराः उक्ताः	७	७
438	सिक्तक्षालनाय नेत्रधारयोः सम्यक् दूरत्वं कियत्?	४ अङ्गुलः; चतुरङ्गुलः	२ अङ्गुलः / ४ अङ्गुलः / ६ अङ्गुलः / ३ अङ्गुलः	२ अङ्गुलः	४ अङ्गुलः	दूरत्वं ६ अङ्गुलः	२ अङ्गुलः
440	अञ्जनस्य भेदाः कति?	३; त्रयः	२ / ३ / ४ / ५	३	४	४	५
442	भावप्रकाशस्य अनुसारं भेषजभक्षणसमयाः कति उक्ताः?	५; पञ्च	३ / ५ / ७ / ११	५	७	७	३
3	हरीतक्याः पर्यायः कः ? 	सर्वे	कायस्था / हेमवती / शिवा / सर्वे	शिवा	सर्वे	हेमवती	कायस्था
8	हरीतक्याः सेवनाय अयोग्याः के?	सर्वे	बलवर्जिताः / कृशः / विमुक्तरक्तः / सर्वे	विमुक्तरक्तः	सर्वे	सर्वे	विमुक्तरक्तः
21	निम्नलिखितेषु पर्यायेषु चतुरूषणस्य घटकः कः ? 	पिप्पलीमूल; पिप्पलीमूलः	चव्यः / चित्रकः / पिप्पलीमूलः / बिभीतकः	पिप्पलीमूलः	चित्रकः	चित्रकः	चव्यः
22	अधोलिखितेषु कः गजपिप्पल्याः पर्यायः अस्ति? 	सर्वे	कपिवल्ली / कोलवल्ली / श्रेयसी / सर्वे	कपिवल्ली	सर्वे	कपिवल्ली	कपिवल्ली
23	ऊषणः कस्य पर्यायः अस्ति? 	चित्रकस्य ; मरिचः	चित्रकस्य / मरिचः / शुण्ठ्याः	शुण्ठ्याः	मरिचः	चित्रकस्य	चित्रकस्य
24	निम्नेषु कः पञ्चकोलस्य घटकः नास्ति? 	मरिचः	शुण्ठी / मरिचः / पिप्पली / पिप्पलीमूलः	मरिचः	मरिचः	पिप्पलीमूलः	पिप्पलीमूलः
25	निम्नेषु कः द्रव्यः हरीतक्यादि वर्गे वर्णितः ? 	सर्वे	त्रिफला / त्रिकटुः / पञ्चकोलः / सर्वे	त्रिफला	सर्वे	त्रिफला	त्रिफला
26	अधोलिखितेषु यवान्याः पर्यायः कः?	सर्वे	उग्रगन्धा / ब्रह्मदर्भा / अजमोदिका / सर्वे 	सर्वे	सर्वे	सर्वे	अजमोदिका
28	निम्नेषु कः जीरकस्य भेदः न अस्ति? 	यवानी	शुक्लजीरकः / उद्गारशोधनः / कालाजाजी / यवानी	उद्गारशोधनः	उद्गारशोधनः	शुक्लजीरकः	शुक्लजीरकः
34	उग्रगन्धा इति कस्य पर्यायः अस्ति?	वचायाः ; पलाण्डोः	वचायाः / पलाण्डोः / यवान्याः	पलाण्डोः	पलाण्डोः	पलाण्डोः	वचायाः
35	निम्नेषु कः वचायाः पर्यायः ? 	सर्वे	षड्ग्रन्था / शतपर्विका / क्षुद्रपत्री / सर्वे	सर्वे	सर्वे	षड्ग्रन्था	षड्ग्रन्था
47	भावप्रकाशे कस्मिन् वर्गे रास्ना वर्णिता अस्ति? 	हरीतक्यादि; हरीतक्यादिवर्गे		क्षुद्रकादिवर्गे	हरितकादिवर्गे	आहारविभागे	अष्टाङ्गहृदये
78	रसोनं सेवमाने किं हितकरं भवति?	मांसम्	दुग्धम् / गुडः / मांसम् / व्यायामः	व्यायामः	दुग्धम्	गुडः	दुग्धम्
79	रसोनसेवनेन सह किम् अहितकरम्?	गुडः	मद्यम् / अम्लरसः / मांसम् / गुडः	मद्यम्	मद्यम्	मांसम्	अम्लरसः
80	रसोनतुल्यगुणः किः द्रव्यम्?	पलाण्डुः		लशुनम्	लशुनम्	लहसुनम्	मधु
89	खाखसतिलस्य उपयुक्ताङ्गं किम्?	खसफलम्		बीजम्	बीजम्	कफवातशामकं	त्रिकं
92	शाकम्भरीयः इति कस्य पर्यायः?	रोमक-लवणः		शरीरम्	देवी दुर्गायाः	दुर्गा	शाकम्भरीयः इति कस्य पर्यायः = शाल्मली
93	लवणोदधिसम्भवः इति कस्य पर्यायः?	सामुद्रलवणम्; सामुद्रलवणस्य		सैन्धवः	समुद्रजः	सामुद्रोदधिः	अम्ल
99	अधोलिखितेषु कः क्षाराष्टकस्य घटकः न अस्ति ?	टङ्कणः	यवक्षारः / अपामार्गक्षारः / टङ्कणः / पलाशक्षारः	टङ्कणः	पलाशक्षारः	टङ्कणः	यवक्षारः
100	निम्नेषु कः हरीतक्यादिवर्गे नास्ति? 	कर्पूरः	लवणः / क्षारः / कर्पूरः / रसोनः	कर्पूरः	कर्पूरः	कर्पूरः	क्षारः
104	कस्तूर्याः कः भेदः श्रेष्ठः? 	कामरूपः	कामरूपः / नेपाली / काश्मीरी / लताकस्तूरी	काश्मीरी	कामरूपः	लताकस्तूरी	कामरूपः
113	सुरभिदारु कस्य पर्यायः?	सरलः	देवदारुः / दारूहरिद्रा / अगुरुः / सरलः	सुरभिदारु अगुरुः	देवदारुः	देवदारुः	देवदारुः
114	कालानुसार्यं कस्य पर्यायः?	तगरः; तगरस्य	तगरः / अगुरुः / देवदारुः / सरलः	सरलः	अगुरुः	अगुरुः	तगरः
117	देवधूप इति कस्य पर्यायः?	रालः	गुग्गुलुः / रालः / अगुरुः / चन्दनम्	गुग्गुलुः	गुग्गुलुः	गुग्गुलुः	गुग्गुलुः
119	जातिपत्री इति का?	जातीफलस्य त्वक्; जातिफलस्य त्वक्	जातीफलस्य मूलम् / जातीफलस्य त्वक् / जातीफलस्य स्तम्भः / जातीफल पुष्पम्	जातीफलस्य त्वक्	जातीफलस्य मूलम्	जातिफलं	जातीफलस्य मूलम्
126	निम्नेषु कः त्रिजातस्य घटकः न? 	नागकेशरः	एला / नागकेशरः / त्वक् / पत्रकः	पत्रकः	नागकेशरः	पत्रकः	त्रिजातस्य घटकः नागकेशरः
129	हट्टविलासिनी कस्य पर्यायः?	स्वल्पनखी	कुक्कुमम् / स्वल्पनखी / भङ्गा / धत्तूरः	भङ्गा	भङ्गा	धत्तूरः	कुक्कुमम्
144	बृहती इति कस्य पर्यायः?	वार्ताकी ; कण्टकारी ; द्वयोः	वार्ताकी / कण्टकारी / द्वयोः / किमपि न	कण्टकारी	वार्ताकी	कण्टकारी	वार्ताकी
145	अंशुमती कस्य पर्यायः?	शालपर्णी 	शालपर्णी / शतावरी / काकोली / जीवन्ती	शालपर्णी	शतावरी	शालपर्णी	शतावरी
148	शाकश्रेष्ठा इति कस्य पर्यायः?	जीवन्ती	जीवन्ती / वार्ताकी / चाङ्गेरी / पालङ्क्या	पालङ्क्या	वार्ताकी	जीवन्ती	चाङ्गेरी
149	सूर्यपर्णी कस्य पर्यायः?	मुद्गपर्णी	शालपर्णी / पृष्णिपर्णी / मुद्गपर्णी / माषपर्णी	शालपर्णी	माषपर्णी	शालपर्णी	मुद्गपर्णी
150	भावप्रकाशे निम्नेषु द्रव्येषु किं द्रव्यं जीवनीयगणस्य घटकः न? 	कश्चन 	माषपर्णी / मुद्गपर्णी / यष्टिमधु / कश्चन 	कश्चन	माषपर्णी	यष्टिमधु	माषपर्णी
152	सप्तविध-वृद्धिं किं द्रव्यं अपाकरोति?	एरण्डः	एरण्डः / स्नुही / रास्ना / शाल्लकी	रास्ना	एरण्डः	एरण्डः	एरण्डः
158	किं द्रव्यं मूषकविषनाशकम् अस्ति? 	महानिम्बः	अर्कः / निम्बः / भल्लातकः / महानिम्बः	महानिम्बः	भल्लातकः	भल्लातकः	अर्कः
164	करंजभेदः कः ? 	कण्टक-करञ्जः ; घृत-करञ्जः	वल्ली-करञ्जः / कण्टक-करञ्जः / घृत-करञ्जः	घृत-करञ्जः	वल्ली-करञ्जः	वल्ली-करञ्जः	वल्ली-करञ्जः
168	बलाचतुष्टयस्य द्रव्याः के? 	(बला + महाबला + अतिबला + नागबला) ; (बरियारा + सहदेवी + ककहिया + गुलशकरी); बलामहाबलाअतिबलानागबला	बला + महाबला + अतिबला + नागबला / बरियारा + सहदेवी + ककहिया + गुलशकरी / बला + सहदेवी + महाबला + ऋष्यप्रोक्ता	बला + सहदेवी + महाबला + ऋष्यप्रोक्ता	बला + महाबला + अतिबला + नागबला	बला + महाबला + अतिबला + नागबला	बलाचतुष्टयस्य द्रव्याः महाबला + अतिबला + नागबला + सहदेवी
171	दर्भद्वये के द्रव्ये स्तः?	कुश-क्षुरपत्रम्	कुश-काशः / नल-दर्भः / कुश-इक्षुः / कुश-क्षुरपत्रम्	कुश-काशः	कुश-काशः	कुश-काशः	कुश-काशः
172	स्वादुकन्दा इति कस्य पर्यायः?	विदारीकन्दः	वराहीकन्दः / विदारीकन्दः / सूरणकन्दः / मुशलीकन्दः	विदारीकन्दः	सूरणकन्दः	वराहीकन्दः	वराहीकन्दः
181	क्षीरीवृक्षपञ्चके किं द्रव्यं न अस्ति ? 	शिरीषः	शिरीषः / पारीषः / प्लक्षः / उदुम्बरः	पारीषः	पारीषः	पारीषः	प्लक्षः
182	न्यग्रोधः उदुम्बरः पिप्पलम् पारीषः प्लक्षश्च सङ्कलितं किं कथ्यते?	पञ्चवल्कलम् ; पञ्चक्षीरी	पञ्चवल्कलम् / पञ्चक्षीरी / पञ्चमूलम्	पञ्चवल्कलम्	पञ्चवल्कलम्	पञ्चमूलम्	पञ्चवल्कलम्
183	अर्जुनः कस्मिन् वर्गे वर्ण्यते?	वटादिवर्गे	आम्रादिवर्गे / वटादिवर्गे / हरीतक्यादिवर्गे / गुडूच्यादिवर्गे	वटादिवर्गे	वटादिवर्गे	वटादिवर्गे	गुडूच्यादिवर्गे
185	क्षारश्रेष्ठः इति कस्य पर्यायः?	पलाशः 	अपामार्गः / पलाशः / टङ्कणः / सर्जकः	टङ्कणः	अपामार्गः	अपामार्गः	पलाशः
189	आम्रातियोगात् उत्पन्नानां दोषाणां निवारणचिकित्सा का?	शुण्ठी + जलम् ; सौवर्चललवणम् + जीरकम्	शुण्ठी + जलम् / सौवर्चललवणम् + जीरकम् / मधुयष्टी + मधु + घृतम्	मधुयष्टी + मधु + घृतम्	शुण्ठी + जलम्	सौवर्चललवणम् + जीरकम्	अष्टांगहृदये
191	गुल्मिभिः मन्दवह्निभिः च विशेषेण किं वर्ज्यम्?	पनसः	पनसः / आम्रः / लकुचः / कदली	पनसः	पनसः	आम्रः	पनसः
197	बहुलवल्कलः कस्य पर्यायः अस्ति?	प्रियालः	प्रियालः / खदिरः / भूर्जपत्रम्	खदिरः	भूर्जपत्रम्	प्रियालः	प्रियालः
198	गर्भसंस्थापकं परम् इति कस्य वर्णनम् अस्ति?	पद्माक्षः	पद्माक्षः / अरिष्ठकः / लक्ष्मणा / पुत्रजीवकः	लक्ष्मणा	पुत्रजीवकः	पद्माक्षः	पद्माक्षः
199	जलफलः इति कस्य पर्यायः?	श्रृङ्गाटकः	नारिकेलः / खर्बूजः / श्रृङ्गाटकः / कालिन्दः	खर्बूजः	नारिकेलः	नारिकेलः	नारिकेलः
200	स्वादुफला इति कस्य पर्यायः?	द्राक्षा; द्राक्षायाः	द्राक्षा / आम्रः / कदली / कालिन्दः	द्राक्षा	द्राक्षा	द्राक्षा	कदली
206	निम्नलिखितेषु पर्यायेषु किं फलं मुद्गलानां देशे आधिक्येन प्राप्यते?	अमृतफलम्	सेवम् / वातादः / अमृतफलम् / आम्रम्	आम्रम्	आम्रम्	आम्रम्	अमृतफलम्
207	कृमिसमूहनाशकः इति कस्य वर्णनम्?	निम्बूकम्	बीजपूरक / जम्बीरी निम्बूः / निम्बूकम् / मधुकर्कटी	निम्बूकम्	बीजपूरक	मधुकर्कटी	जम्बीरी निम्बूः
208	बिल्वकर्कटी इति कस्य पर्यायः?	बिल्वफलम्	बिल्वफलम् / बिल्वमज्जा / बिल्वपत्रम् / बिल्वमूलम्	बिल्वमूलम्	बिल्वमज्जा	बिल्वफलम्	बिल्वफलम्
214	निम्नलिखितेषु पर्यायेषु चतुरम्ले किम् नास्ति?	बीजपूरकनिम्बूः	अम्लवेतसः / बीजपूरकनिम्बूः / वृक्षाम्लः / जम्बीरनिम्बूः	वृक्षाम्लः	वृक्षाम्लः	अम्लवेतसः	अम्लवेतसः
219	रजतस्य उत्पत्तिः कस्मात् भवति?	शिवस्य अश्रुभ्यः	शिवस्य वीर्यतः / शिवस्य अश्रुभ्यः / पार्वत्याः अश्रुभ्यः / चन्द्रमसः	चन्द्रमसः	चन्द्रमसः	चन्द्रमसः	पार्वत्याः अश्रुभ्यः
220	कृत्रिमं रूप्यं कस्मात् उत्पद्यते?	वङ्गादि एवं पारदतः	पारदतः / स्वर्णतः / वङ्गादि एवं पारदतः / वङ्गादि एवं गन्धकतः	वङ्गादि एवं पारदतः	पारदतः	पारदतः	वङ्गादि एवं पारदतः
230	कांस्यस्य उत्पत्तिः कस्मात् भवति?	ताम्र + वङ्गात्	ताम्रात् / ताम्र + वङ्गात् / यशद + ताम्रात् / यशद + वङ्गात्	ताम्र + वङ्गात्	ताम्र + वङ्गात्	ताम्र + वङ्गात्	यशद + ताम्रात्
231	आरकूटम् इति कस्य पर्यायः?	पित्तलम्	स्वर्णमाक्षिकम् / कांस्यम् / खर्परम् / पित्तलम्	स्वर्णमाक्षिकम्	पित्तलम्	स्वर्णमाक्षिकम्	स्वर्णमाक्षिकम्
232	पित्तलस्य उत्पत्तिः कस्मात् भवति?	ताम्र-यशदात्	ताम्र-यशदात् / ताम्र-वङगात् / यशद-वङगात् / स्वर्ण-ताम्रात्	ताम्र-वङगात्	ताम्र-यशदात्	ताम्र-यशदात्	यशद-वङगात्
235	सौवर्णशिलाजतोः वर्णः कः भवति?	जपापुष्पवर्णः	पाण्डुरः / मयूरकण्ठवर्णः / जपापुष्पवर्णः / जटायुपक्षाभः	मयूरकण्ठवर्णः	मयूरकण्ठवर्णः	पाण्डुरः	मयूरकण्ठवर्णः
236	राजतशिलाजतोः वर्णः कः भवति?	पाण्डुरः	कृष्णः / पाण्डुरः / रक्तः / जपापुष्पवर्णः	कृष्णः	रक्तः	पाण्डुरः	कृष्णः
237	ताम्रशिलाजतोः वर्णः कः भवति?	मयूरकण्ठसमः	जपापुष्पसमानः / मयूरकण्ठसमः / कृष्णः / पाण्डुरः	मयूरकण्ठसमः	मयूरकण्ठसमः	कृष्णः	कृष्णः
238	लौहशिलाजतोः वर्णः कः भवति?	जटायुपक्षाभम्	कृष्णः / श्वेतः / जटायुपक्षाभम् / मयूरकण्ठसमः	कृष्णः	मयूरकण्ठसमः	कृष्णः	कृष्णः
240	पारदस्य कति भेदाः भवन्ति?	४; चतुर्विधः; चतुर्विधम्; चत्वारः		अष्टौ	चत्वारः	द्वौ	पारदस्य दश भेदाः भवन्ति
242	रुजायाः नाशाय उत्तमः पारदः कः?	श्वेतः	श्वेतः / पीतः / रक्तः / कृष्णः	रक्तः	रक्तः	श्वेतः	श्वेतः
243	पारदस्य पर्यायाः के?	सर्वे	रसधातुः / सूतः / महारसः / सर्वे	सर्वे	सर्वे	सर्वे	सर्वे
245	पारदस्य वङ्गदोषस्य कार्यं किम्?	कुष्ठम्	मूर्च्छा / कुष्ठम् / जडता / वीर्यनाशः	मूर्च्छा	वीर्यनाशः	मूर्च्छा	वीर्यनाशः
246	कति उपरसाः सन्ति?	२०	१० / २० / ३० / ३६	२०	३६	३०	३६
247	अधोलिखितेषु हिङ्गुलः कस्य पर्यायः नास्ति?	चर्मारः	दरदः / म्लेच्छः / चूर्णपारदः / चर्मारः	म्लेच्छः	चर्मारः	चूर्णपारदः	अधोलिखितेषु हिङ्गुलः कस्य पर्यायः नास्ति? म्लेच्छः
248	हिङ्गुलस्य कति भेदाः?	३; त्रयः	२ / ३ / ४ / ६	४	चत्वारः	त्रिः	६
250	सर्वोत्तमः हिङ्गुलप्रकारः कः?	हंसपादः	चर्मारः / शुक्रतुण्डकः / हंसपादः / दरदः	हंसपादः	दरदः	शुक्रतुण्डकः	चर्मारः
252	गन्धकस्य कति भेदाः?	४	२ / ३ / ४ / ६	३	४	६	६
254	व्रणादिषु लेपनाय योग्यः कः गन्धकः?	श्वेतः	रक्तवर्णः / पीतः / कृष्णः / श्वेतः	कृष्णः	श्वेतः	श्वेतः	रक्तवर्णः
255	श्रेष्ठः गन्धकः कः?	कृष्णवर्णः	रक्तवर्णः / कृष्णवर्णः / पीतवर्णः / श्वेतः	रक्तवर्णः	रक्तवर्णः	पीतवर्णः	रक्तवर्णः
256	सुदुर्लभः गन्धकः कः अस्ति?	कृष्णः	श्वेतः / रक्तः / कृष्णः / पीतः	कृष्णः	कृष्णः	श्वेतः	कृष्णः
262	कस्मिन् पर्वते उत्पन्नं अभ्रकं अत्यन्तं बहुसत्त्वम् भवति?	उत्तरशैले	उत्तरशैले / पूर्वशैले / दक्षिणशैले / पश्चिमशैले	उत्तरशैले	उत्तरशैले	उत्तरशैले	उत्तरशैले
263	स्वल्पसत्त्वम् अभ्रकं कस्मिन् पर्वते भवति?	दक्षिणशैले	उत्तरशैले / पूर्वशैले / दक्षिणशैले / पश्चिमशैले	दक्षिणशैले	उत्तरशैले	उत्तरशैले	उत्तरशैले
264	हरितालस्य कति भेदाः सन्ति?	२	२ / ३ / ४ / ६	२	३	२	६
266	मनःशिलायाः पर्यायाः के सन्ति?	सर्वे	नैपाली / कुनटी / गोला / सर्वे	सर्वे	सर्वे	गोला	नैपाली / कुनटी / गोला / शलाका
267	अशुद्धायाः मनःशिलायाः कः दोषः भवति?	मूत्रकृच्छ्रः	मूत्रकृच्छ्रः / मधुमेहः / कुष्ठः / अग्निमान्द्यम्	कुष्ठः	मूत्रकृच्छ्रः	मधुमेहः	मूत्रकृच्छ्रः
268	अञ्जनस्य कति भेदाः भवन्ति?	२	२ / ३ / ४ / ६	४	६	६	६
272	सुरमृत्तिका कस्य पर्यायः अस्ति?	सौराष्ट्री; सौराष्ट्र्याः	कासीसम् / खर्परः / सौराष्ट्री / वालुका	सौराष्ट्री	सौराष्ट्री	सौराष्ट्री	सुरमृत्तिका कस्य पर्यायः वालुका अस्ति
275	निषद्वरः कस्य पर्यायः अस्ति?	कर्दमः	कर्दमः / कृष्णमृत्तिका / बोलम् / कङ्कुष्ठः	कृष्णमृत्तिका	बोलम्	कर्दमः	कङ्कुष्ठः
277	चुलुकः कस्य पर्यायः अस्ति?	मलः ; पलितः; मलस्य	वराटः / मलः / पलितः	वराटः	वराटः	मलः	वराटः
278	कङ्कुष्ठस्य भेदाः कति?	२	२ / ३ / ४ / ६	चतुरः	चत्वारः	षट्	६
279	हीरकः अधोलिखितेषु कस्य पर्यायः अस्ति?	सर्वे	चन्द्रः / मणिवरः / वज्रः / सर्वे	वज्रः	सर्वे	वज्रः	चन्द्रः
281	शोणरत्नं कस्य पर्यायः अस्ति?	माणिक्यम्	हीरकः / माणिक्यम् / नीलमणिः / वैदूर्यम्	माणिक्यम्	माणिक्यम्	माणिक्यम्	वैदूर्यम्
282	अश्मगर्भः कस्य पर्यायः अस्ति?	हरिन्मणिः; हरिन्मणेः	हरिन्मणिः / नीलमणिः / वैदूर्यमणिः / पुष्परागः	वैदूर्यमणिः	वैदूर्यमणिः	पुष्परागः	वैदूर्यमणिः
283	केतुग्रहवल्लभः अधोलिखितेषु कस्य पर्यायः अस्ति?	वैदूर्यम्	इन्द्रनालः / पुष्परागः / माणिक्यम् / वैदूर्यम्	वैदूर्यम्	इन्द्रनालः	पुष्परागः	पुष्परागः
284	स्थावरविषाणि कति सन्ति?	९; नव	५ / ७ / ९ / ११	९	९	११	९
285	उपविषाणि कति सन्ति?	७; सप्त	५ / ७ / ९ / ११	११	७	११	५
286	धान्यस्य  प्रकाराः कति सन्ति?	५; पञ्च	२ / ३ / ४ / ५	५	धान्यस्य  प्रकाराः द्वौ सन्ति	पञ्च	५
289	सर्वोत्तमम् व्रीहिधान्यम् किम्?	कृष्णव्रीहिः	कुकटाण्डकः / शालामुखः / कृष्णव्रीहिः / जतुमुखः	कृष्णव्रीहिः	शालामुखः	कृष्णव्रीहिः	कृष्णव्रीहिः
290	सर्वोत्तमः शालिधान्यम् किम्?	रक्तशालिः	वापिता शालिः / रक्तशालिः / छिन्नरूढा शालिः / पुराणशालिः	पुराणशालिः	वापिता शालिः	वापिता शालिः	वापिता शालिः
291	यवस्य विपाकः कः अस्ति?	कटुः	मधुरः / अम्लः / कटुः / तिक्तः	मधुरः	मधुरः	मधुरः	मधुरः
293	गोधूमस्य प्रकाराः कति सन्ति?	३; त्रयः	२ / ३ / ४ / ५	४	४	त्रि	५
294	शुक्रजनकः गोधूमप्रकारः कः अस्ति?	मधूली	मधूली / दीर्घगोधूमः / महागोधूमः / सर्वे	सर्वे	मधूली	सर्वे	मधूली
296	नेत्राभ्यां हितकरम् शिम्बीधान्यम् किम्?	मुद्गः	मुद्गः / माषः / आढकी / राजमाषः	मुद्गः	मुद्गः	माषः	मुद्गः
297	निम्नलिखितेषु कृमिकारकम् शिम्बीधान्यम् किम्?	वनमुद्गः	मुद्गः / वनमुद्गः / निष्पावः / मसूरः	वनमुद्गः	निष्पावः	वनमुद्गः	मुद्गः
298	निम्नलिखितेषु कः चणकस्य पर्यायः?	सर्वे	हरिमन्थः / सकलप्रियः / चणकः / सर्वे	हरिमन्थः	सर्वे	हरिमन्थः	चणकस्य पर्यायः हरिमन्थः
299	निम्नलिखितेषु कः कलायस्य पर्यायः नास्ति?	हरिमन्थः	वर्त्तुलः / सतीनः / हरेणुकः / हरिमन्थः	सतीनः	हरिमन्थः	सतीनः	हरेणुकः
300	तिलस्य भेदाः कतयः भवन्ति?	३	२ / ३ / ४ / कोऽपि भेदः नास्ति	३	त्रिविधाः	त्रयः	२
301	अतसी निम्नेषु कस्मै पर्यायः?	सर्वे	पार्वती / उमा / क्षुमा / सर्वे	सर्वे	सर्वे	उमा	देवी
310	निम्नलिखितेषु पर्यायेषु किं द्रव्यं सुखविरचकम् अस्ति?	पटोलमूलम्	पटोलपुष्पम् / पटोलनालः / पटोलपत्रम् / पटोलमूलम्	पटोलपत्रम्	पटोलपत्रम्	पटोलमूलम्	पटोलपुष्पम्
312	अर्शरोगिभ्यः विशेषेण पथ्यं शाकं किमस्ति?	सूरणः	सूरणः / डिण्डिशः / डोडिका / सर्वाणि	सूरणः	सूरणः	सर्वाणि	सर्वाणि
313	कन्दशाकेषु सर्वश्रेष्ठम् किम्?	सूरणः	नालः / कर्कोटी / सर्षपः / सूरणः	सूरणः	सूरणः	सूरणः	नालः
318	जाङ्गलमांसस्य भेदाः कतयः?	८; अष्टौ	२ / ४ / ६ / ८	६	आयुर्वेदे जाङ्गलमांसस्य भेदाः अष्टौ (८) वर्णिताः	षट्	८
319	अधोलिखितेषु पर्यायेषु पर्णमृगाणां विषये किं वाक्यं उचितम् अस्ति?	वृक्षेषु आरोहन्ति; वृक्षेषुआरोहन्ति	विकीर्य भक्षयन्ति / जङ्घायाः बलतः गच्छन्ति / वृक्षेषु आरोहन्ति / ग्रामे वसन्ति	विकीर्य भक्षयन्ति	वृक्षेषु आरोहन्ति |	वृक्षेषु आरोहन्ति	विकीर्य भक्षयन्ति
320	आनूपमांसस्य कति प्रकाराः सन्ति?	५; पञ्च	२ / ३ / ४ / ५	४	पञ्च	त्रीणि	५
321	शशकाः के इति कथ्यन्ते?	बिलेशयाः	पर्णमृगाः / गुहाशयाः / बिलेशयाः / विष्किराः	बिलेशयाः	बिलेशयाः	पर्णमृगाः	विष्किराः
324	कः जीवः कूलेचरः इति  कथ्यते?	यः जलाशयस्य कूले चरति	यः भ्रमित्वा खादति / यः जलाशयस्य कूले चरति / यः समूहसहितं खादति / यः जलाशये प्रविश्य चरति	यः जलाशयस्य कूले चरति	यः जलाशयस्य कूले चरति	यः जलाशयस्य कूले चरति	मछली
329	श्रेष्ठं मत्स्यमांसं किम्?	रोहितमांसम्	शिलोन्ध्रमांसम् / भाकुरमांसम् / रोहितमांसम् / श्रृङ्गीमांसम्	शिलोन्ध्रमांसम्	रोहितमांसम्	रोहितमांसम्	श्रेष्ठं मत्स्यमांसं शिलोन्ध्रमांसम्
331	जलस्य कति भेदाः सन्ति?	४; चत्वारः	२ / ३ / ४ / ५	५	दश	पञ्च	५
333	धाराजलस्य कति भेदाः सन्ति?	२; द्वौ	२ / ३ / ४ / ५	४	चार	पञ्च	५
335	भौमजलस्य कति प्रकाराः भवन्ति?	३; त्रयः	२ / ३ / ४ / ५	२	४	चतुर्विधाः	५
337	जलपानस्य विधेः कः कालः उचितः?	मुहुर्मुहुः	भोजनात्पूर्वम् / भोजनमध्यम् / भोजनान्ते / मुहुर्मुहुः	भोजनान्ते	भोजनात्पूर्वम्	भोजनमध्यम्	भोजनान्ते
339	कस्मिन् रोगे शीतलजलपानम् शस्यते?	मदात्ययः; मदात्यये	विद्रधिः / मदात्ययः / पार्श्वशूलः / वद्धकोष्ठः	मदात्ययः	विद्रधिः	विद्रधिः	विद्रधिः
340	कस्मिन् रोगे अल्पजलपानम् शस्यते?	सर्वे	उदररोगः / मुखप्रसेकः / क्षयः / सर्वे	उदररोगः	सर्वे	उदररोगः	उदररोगः
343	दुग्धपानम् कस्मिन् रोगे शस्यते?	सर्वेषु	जीर्णज्वरे / योनिरोगे / उदावर्ते / सर्वेषु	उदावर्ते	उदावर्ते	सर्वेषु	जीर्णज्वरे
346	किं दुग्धं कृमिकुष्ठनाशकम् अस्ति?	औष्ट्रदुग्धम्	औष्ट्रदुग्धम् / घोटकीदुग्धम्  / आविकदुग्धम्  / स्त्रीदुग्धम् 	घोटकीदुग्धम्	घोटकीदुग्धम्	स्त्रीदुग्धम्	स्त्रीदुग्धम्
350	सितायुक्तं दुग्धं किम् भवति?	शुक्रजनकः	वातनाशकः / शुक्रजनकः / कृच्छ्रनाशकः / कफकारकः	शुक्रजनकः	कफकारकः	कफकारकः	वातनाशकः
352	दध्नः भेदाः कति?	५; पञ्च	२ / ३/ ४ / ५	५	आयुर्वेदे दध्नः भेदाः अष्टौ  परन्तु प्रायः दध्नः भेदाः ८ न गणित्वा ३-४ भेदाः गणित्वा प्रसिद्धाः  त	पञ्च	पञ्च
353	किम् दधि उत्तमम् स्यात्?	आजम्	माहिषम् / गव्यम् / आजम् / गालितम्	माहिषम्	गव्यम्	गव्यम्	गव्यम्
357	अधोलिखितेषु पर्यायेषु तक्रस्य पर्यायाः के?	सर्वे	घोल / छच्छिका / उदश्वित् / सर्वे	सर्वे	सर्वे	सर्वे	तक्रः
361	किं घृतं विषनाशकम् अस्ति?	वडवाघृतम्	नारीघृतम् / आविकघृतम् / माहिषघृतम् / वडवाघृतम्	वडवाघृतम्	माहिषघृतम्	नारीघृतम्	वडवाघृतम्
362	अमृतोपमं घृतं इति कस्य वर्णनं?	स्त्रीघृतम्; स्त्री	माहिषघृतम् / गव्यघृतम् / स्त्रीघृत् / औष्ट्रघृतम्	गव्यघृतम्	गव्यघृतम्	गव्यघृतम्	माहिषघृतम्
363	किं घृतं कृमि-कुष्ठ-गुल्म-उदर-रोग-नाशकम्?	औष्ट्रघृतम्; औष्ट्र घृतम्	गव्य घृतम् / ह्यस्तन घृतम् / आविकघृतम् / औष्ट्रघृतम्	गव्य घृतम्	गव्य घृतम्	गव्य घृतम्	गव्य घृतम्
364	कास-श्वास-क्षये हितकरं घृतं किम् अस्ति?	आज	आज / आविक / गव्य / माहिष	आज	गव्य	गव्य	आविक
365	वीर्यवर्धकं घृतं किम्?	माहिष	माहिष / आज / औष्ट्र / गव्य	माहिष	माहिष	गव्य	गव्य
369	श्रेष्ठं तैलं किम्?	तिल	सर्षप / तिल / तुवरी / अतसी	तिल	तिल	तिलः	तिल
371	किं घृतं हीनवीर्यम् इति कथ्यते?	>1 वर्ष प्राचीनस्य पक्वः; 1वर्षप्राचीनस्यपक्वः	<1 वर्ष प्राचीनस्य पक्वः / >1 वर्ष प्राचीनस्य पक्वः / 10 वर्ष प्राचीनं घृतम् / 100 वर्ष प्राचीनं घृतम्	>1 वर्ष प्राचीनस्य पक्वः	>1 वर्ष प्राचीनस्य पक्वः	100 वर्ष प्राचीनं घृतम्	10 वर्ष प्राचीनं घृतम्
373	मद्यस्य पर्यायाः के?	सर्वे	कादम्बरी / हाला / बलवल्लभा / सर्वे	सर्वे	सर्वे	सर्वे	कादम्बरी
374	सुरायाः विषये किं विधानं योग्यम्?	शालि च षष्टिकं च धान्यचूर्णात् निर्मितं मद्यम्	पक्वा औषधं च जलं च साधितं मद्यम् / शालि च षष्टिकं च धान्यचूर्णात् निर्मितं मद्यम् / ईक्ष्वात् निर्मितं मद्यम् / किञ्चित् अपि नैव	किञ्चित् अपि नैव	किञ्चित् अपि नैव	नैव	अर्कपानं
375	वारुण्याः विषये किं विधानं योग्यम्?	पुनर्नवा च शालिधान्यं च	पुनर्नवा च शालिधान्यं च / शालि च षष्टिकं च धान्यम् / इक्ष्वात् निर्मितम् / औषधात् निर्मितम्	औषधात् निर्मितम्	इक्ष्वात् निर्मितम्	पुनर्नवा च शालिधान्यं च	वारुण्याः विषये योग्य विधानं पुनर्नवा च शालिधान्यं च शालि च षष्टिकं च धान्यम् इक्ष्वात् निर्मितम् औषधात् निर्म
377	मधुनः कति भेदाः सन्ति?	८; अष्टौ 	२ / ४ / ६ / ८	८	आयुर्वेदे मधुनः ८ भेदाः सन्ति	आठ	८
378	मधूच्छिष्टस्य पर्यायाः के?	सर्वे	सिक्थकः / मदनकः / मधूषितः / सर्वे	सर्वे	सर्वे	सर्वे	सर्वे
379	इक्षोः पर्यायाः के?	सर्वे	दीर्घच्छदः / असिपत्रः / मधुतृणः / सर्वे	सर्वे	सर्वे	सर्वे	इक्षोः पर्यायाः दीर्घच्छदः
380	इक्षोः कति भेदाः सन्ति?	१३	३ / ७ / १० / १३	१३	इक्षोः त्रयोदश भेदाः सन्ति	१३	१३
381	अधः लिखितेषु कः इक्षोः पर्यायः नास्ति?	काण्डेक्षुः	भूरिरसः / गुडमूलः / काण्डेक्षुः / असिपत्रः	असिपत्रः	असिपत्रः	गुडमूलः	असिपत्रः
382	गुडस्य शुण्ठ्या सह अनुपानं किं कार्यं करोति?	वातनाशकः	कफनाशकः / पित्तनाशकः / वातनाशकः / किमपि न	कफनाशकः	कफनाशकः	कफनाशकः	कफनाशकः
383	मागधमानानुसारं द्रोणस्य मात्रा का?	४ आढक; चत्वारः आढकाः	२ आढक / ३ आढक / ४ आढक / ६ आढक	४ आढक	४ आढक	२ आढक	६ आढक
384	कलिङ्गमानानुसारं ८ रत्ति मात्रा का?	१ माषः	१ शाणः / १ माषः / १ कोलः / १ कोलः	१ माषः	१ माषः	१ कोलः	१ कोलः
385	कषायस्य प्रकाराः कति?	५; पञ्च	३ / ५ / ७ / ९	५	पञ्च	पञ्च	९
386	स्वरसस्य् मात्रा का?	अर्द्धपलः	अर्द्धपलः / 1 पलः / सार्धैक पलः / 2 पलः	अर्द्धपलः	अर्द्धपलः	सार्धैक पलः	सार्धैक पलः
389	फाण्टार्थे द्रव्यस्य मात्रा का?	1 कुडवः; १ कुडवः	4 पलः / 8 पलः / 1 कुडवः / 1 प्रस्थः	8 पलः	४ पलः	4 पलः	1 प्रस्थः
390	कल्कस्य मात्रा का?	1 कर्षः; १ कर्षः	1 कर्षः / 1 पलः / 2 कर्षः / 3 पलः	1 कर्षः	१ कर्षः	1 पलः	1 कर्षः
391	फाण्टस्य सम्यक् मात्रा का?	2 पलः; २ पलः	1 पलः / 2 पलः / 4 पलः / 6 पलः	4 पलः	४ पलः	2 पलः	6 पलः
392	मन्थस्य मात्रा का?	2 पलः	अर्ध पलः / 1 पलः / सार्धैक पलः / 2 पलः	सार्धैक पलः	सार्धैक पलः	सार्धैक पलः	अर्ध पलः
393	चूर्णस्य मात्रा का?	1 कर्षः	अर्ध कर्षः / 1 कर्षः / अर्ध पलः / 1 पलः	अर्ध कर्षः	अर्ध कर्षः	अर्ध पलः	अर्ध कर्षः
394	वातसम्बन्धिषु रोगेषु चूर्ण-अवलेह-वटी-कल्कैः सह अनुपानस्य मात्रा का?	2 पलः; द्वौ पलौ;	1 पलः / 2 पलः / 3 पलः / 4 पलः	1 पलः	४ पलः	2 पलः	2 पलः
396	अवलेहेन सह उत्तमम् अनुपानं किम्?	सर्वे	दुग्धम् / इक्षुरसः / पञ्चमूलक्वाथः / सर्वे	दुग्धम्	दुग्धम्	सर्वे	दुग्धम्
398	सीध्वाः प्रकाराः कति भवन्ति?	2	2 / 3 / 4 / न कश्चित्	३	चत्वारः	त्रयः	त्रि
399	वारुण्याः विषये कः नियमः उचितः ?	क-ख	तालरसस्य मद्यम् / खर्जूररसस्य मद्यम् / यवेन मद्य / क-ख	खर्जूररसस्य मद्यम्	तालरसस्य मद्यम्	तालरसस्य मद्यम्	यवेन मद्य
400	चुक्रं किं कथ्यते?	सर्वे वाक्याः सत्याः	यत् मद्यम् अम्लं भवेत् / अम्लं जातस्य मद्यस्य विकारेण यः संधानं कुर्यात् / गुडजलं तैलं कन्दं शाकं च फलसंयुक्तं यः अम्लं भवेत् / सर्वे वाक्याः सत्याः	सर्वे वाक्याः सत्याः	चुक्रं मद्यम् अम्लं भवेत् |	पञ्चकයः	अम्लम्
402	गजपुटस्य प्रमाणं किम् अस्ति?	त्रिंशङ्गुलि	विंशत्यङ्गुलि / पञ्चविंशत्यङ्गुलि / त्रिंशङ्गुलि / किञ्चित् न	त्रिंशङ्गुलि	विंशत्यङ्गुलि	पञ्चविंशत्यङ्गुलि	विंशत्यङ्गुलि
403	वराहपुटस्य प्रमाणं किम् ?	अरत्निमात्रा	त्रिंशङ्गुलि / अरत्निमात्रा / बालिशतम् / किञ्चित् न	त्रिंशङ्गुलि	अरत्निमात्रा	त्रिंशङ्गुलि	अरत्निमात्रा
404	कुक्कुटपुटस्य प्रमाणं किम् ?	एकबालिशतम्	एकबालिशतम् / एकारत्निः / सप्तदशाङ्गुलि / त्रिंशङ्गुलि	सप्तदशाङ्गुलि	एकारत्निः	एकारत्निः	एकबालिशतम्
406	ताम्रस्य दोषाः कति?	अष्टौ	द्वे / चत्वारि / षट् / अष्टौ	चत्वारि	षट्	षट्	षट्
407	वङ्गस्य भेदाः कति?	द्वे	षट् / पञ्च / चत्वारि / द्वे	चत्वारि	चत्वारि	षट्	षट्
408	दीप्ताग्निपुरुषस्य स्नेहपानप्रमाणं  किं भवति?	एकः पलः	एकः पलः / त्रयः कर्षाः / द्वौ कर्षौ / एकः तोलः	त्रयः कर्षाः	द्वौ कर्षौ	एकः पलः	एकः पलः
409	मध्यमाग्निपुरुषस्य स्नेहमात्रा का?	त्रयः कर्षाः	चत्वारः कर्षाः / त्रयः कर्षाः / द्वौ कर्षौ / एकः कर्षः	द्वौ कर्षौ	द्वौ कर्षौ	द्वौ कर्षौ	चत्वारः कर्षाः
410	हीनाग्निपुरूषस्य सम्यक् स्नेहमात्रा का?	2 तोला; द्वे तोले	4 तोला / 3 तोला / 2 तोला / 1 तोला	1 तोला	२ तोला	2 तोला	2 तोला
413	घृतपानानन्तरं अनुपानं किम्?	उष्ण जलम्; उष्णजलम्	उष्ण जलम् / तैलम् / माण्डम् / यूषम्	उष्ण जलम्	उष्ण जलम्	उष्ण जलम्	यूषम्
414	वसा मज्जा च पीत्वा अनुपानं किम्?	मण्डम्	शीतल जलम् / मण्डम् / तैलम् / उष्ण जलम्	उष्ण जलम्	उष्ण जलम्	तैलम्	उष्ण जलम्
415	स्नेहस्य पाचनानन्तरं चिकित्सा का?	उष्ण जल पानम्	वमनम् / विरेचनम् / उष्ण जल पानम् / न किञ्चित्	वमनम्	वमनम्	वमनम्	वमनम्
416	वमनातियोगे चिकित्सा का?	मृदु विरेचनम्; मृदुविरेचनम्	पुनः वमन औषध प्रयोगः / मृदु विरेचनम् / तीक्ष्ण विरेचनम् / नस्य	मृदु विरेचनम्	मृदु विरेचनम्	पुनः वमन औषध प्रयोगः	तीक्ष्ण विरेचनम्
418	मात्रावस्तौ स्नेहमात्रा का?	उभे	1 पल / 2 पल / उभे / न किञ्चित्	उभे	उभे	उभे	उभे
419	अनुवासनवस्त्यै अयोग्यः कः?	सर्वे	मेह रोगः / कुष्ठम् / उदर रोगः / सर्वे	सर्वे	सर्वे	सर्वे	मेह रोगः
425	मर्श-नस्यस्य मात्रा का?	8 शाण	2 शाण / 4 शाण / 8 शाण / 10 शाण	2 शाण	४ शाण	4 शाण	8 शाण
426	प्रतिमर्श-नस्यस्य मात्रा का?	2 बिन्दु; २बिन्दु; द्वौ बिन्दू	अर्द्ध बिन्दु / 1 बिन्दु / 2 बिन्दु / 4 बिन्दु	अर्द्ध बिन्दु	अर्द्ध बिन्दु	1 बिन्दु	अर्द्ध बिन्दु
432	गण्डूषं धारयितुं चूर्णस्य मात्रा का अस्ति?	1 कोल	अर्ध कोल / 1 कर्ष / 1 कोल / अर्ध कर्ष	अर्ध कर्ष	अर्ध कर्ष	अर्ध कर्ष	अर्ध कर्ष
433	कवलं धारयितुं कल्कस्य का मात्रा गृह्णीयात्?	1 कर्ष	अर्ध कर्ष / 1 कर्ष / 2 कर्ष / 1 कोल	1 कर्ष	अर्ध कर्ष	2 कर्ष	अर्ध कर्ष
439	वर्त्मगतरोगेषु कियत् वाक्-शतपर्यन्तं तर्पणं कार्यम्?	100; १००; शतम्	100 / 500 / 600 / 700	५००	षट्शतपर्यन्तं तर्पणं कार्यम्	पञ्चशतं	100
441	रसरूपं चूर्णरूपं वर्त्तिरूपं च एते कस्य भेदाः?	अञ्जन; अञ्जनस्य	पुटपाक / तर्पण / अञ्जन / सेक	अञ्जन	अञ्जनस्य	पुटपाकस्य भेदाः	पुटपाकस्य रसरूपं, तर्पणस्य चूर्णरूपं, अञ्जनस्य वर्त्तिरूपं, सेकस्य च निर्वर्त्यरूपम्
443	भावप्रकाशे उक्ता रोगिणः परीक्षा केन आचार्येण उक्तपरीक्षातुल्या?	वाग्भट्टः	चरकः / सुश्रुतः / वाग्भट्टः / माधवः	सुश्रुतः	चरकः	चरकः	वाग्भट्टः
11	आमलकी एतेषु कस्य पर्यायः नास्ति?	कर्षफलम्	शिवः / धात्रीफलम् / श्रीफलम् / कर्षफलम्	श्रीफलम्	श्रीफलम्	श्रीफलम्	शिवः
