ID	QUESTION	ANSWER	CHOICES	gpt-4o
1	श्रीरामस्य सेनायाः द्वयोः अभियन्तृवानरयोः नामन्याख्यातु।	नलनीलौ		नल, नील
2	येन विमानेन श्रीरामः सीतालक्ष्मणाभ्यां सहितः लङ्कातः अयोध्यामागच्छत्, तस्य किं नाम आसीत् ?	पुष्पकम्		पुष्पक-विमानम्
3	हनुमान् लक्ष्मणस्य मूर्च्छानिवारणाय लङ्कायाः यं प्रसिद्धं वैद्यमानयत्, तस्य नाम किम् ?	सुषेणः		सुषेणः
4	लक्ष्मणस्य मूर्च्छायाः दूरीकरणाय हनुमान् याम् औषधिम् आनयत् तस्य किं नाम आसीत् ?	सञ्जीवनी		संजीवनी
5	राज्ञः जनकस्य किं मूलं नाम आसीत् ?	सीरध्वज		सीरध्वजः
6	या कैकेयीं रामस्य वनवासः तथा भरतस्य कृते राजसिंहासनं एष्टुं मन्त्रितवती कैकेय्याः तस्याः दास्याः नाम किम् ?	मन्थरा		मन्थरा
7	वाल्मीकि-रामायणस्य रचना यस्मिन् छन्दसि जाता तस्य किं नाम आसीत् ?	अनुष्टुप्		अनुष्टुप्
8	यस्य कथनात् श्रीरामः सीतां परित्यक्तवान् तस्य गुप्तचरस्य नाम किम् ?	दुर्मुखः		भद्रः
9	कैकेय्याः दायविवाहेन सह या दासी आगता तस्याः किं नाम आसीत् ?	मन्थरा		मन्थरा
10	यस्य्मिन् तीर्थक्षेत्रे निमज्जनं कृत्वा श्रीरामः परमं धाम प्रस्थितवान् तस्य तीर्थस्य किं नाम आसीत् ?	गोप्रतारः		सरयू
11	महर्षेः विश्वामित्रस्य क्षत्रियावस्थायाः किं नाम आसीत् ?	विश्वरथः		गाधि
12	वालिसुग्रीवयोः उत्पत्तिः यास्मात् वानरात् अभवत् तस्य किं नाम आसीत् ?	ऋक्षराजः		रिक्षः
13	रामायणकालीनसरयूनद्याः वर्तमानं नाम किं अस्ति ?	घाघरा		सरयू
14	समुद्रे निवसन्त्याः तस्याः नागमातुः किं नाम आसीत् या हनुमतः समुद्रलङ्घनम् अवारयत्, तं ग्रसितुं उद्धता च आसीत् ?	सुरसा		सुरसा
15	राज्ञः दशरथः पुत्रोत्पत्तये यं यज्ञं कृतवान् तस्य किं नाम आसीत् ?	पुुत्रेष्टिः		पुत्रकामेष्टिः
16	राज्ञः जनकस्य पुरोहितस्य किं नाम आसीत्?	शतानन्दः		शतानन्दः
17	महर्षेः विश्वामित्रस्य तपः या अप्सराः विखण्डितवती तस्या: किं नाम आसीत्?	मेनका		मेना
18	श्रीरामः येषां वृक्षाणाम् आच्छादनम् आदाय वानरराजं वालिनं जघान, तेषां वृक्षाणां किं नाम आसीत्?	सालवृक्षः		सालः
19	राज्ञः जनकस्य कनिष्ठभ्रातुः किं नाम आसीत्?	कुशध्वजः		कुशध्वजः
20	शत्रुघ्नस्य पुरोहितस्य किं नाम आसीत्?	काञ्चनः		कौशिकः
21	रामायणं येन युगेन सह सम्बद्धः सः केन नाम्ना प्रसिद्धः अस्ति ?	त्रेतायुगः		त्रेतायुगः
22	समुद्रमन्थनात् यः अश्वः निर्गतः तस्य नाम किम् आसीत् ?	उच्चैःश्रवाः		उच्चैःश्रवा
23	अशोकवाटिकायाः द्वितीयं नाम किम् आसीत्?	प्रमदावनम्		अशोकवनम्
24	महर्षेः वाल्मीकेः बाल्ये किं नाम आसीत्?	रत्नाकरः		प्रचेतस्
25	तस्य महर्षेः किं नाम यस्य विषये उक्तं यत् स जीवनस्य पूर्वार्धे दस्युः आसीत्?	वाल्मीकिः		वाल्मीकि
26	तस्य हस्तिनः नाम किं यं सगरपुत्राः पृथ्वीं धारयन्तम् अपश्यन्?	विरूपाक्षः		धर्म
27	लङ्कादाहात् अनन्तरं हनुमान् यं पर्वतं आरुह्य समुद्रं उल्लङ्घ्य पुनरागतवान्, तस्य किं नाम आसीत्?	अरिष्टः		महेन्द्रः
28	महर्षेः वसिष्ठस्य धेन्वाः किं नाम आसीत्?	सुरभिः		नन्दिनी
29	अवधीभाषायां विरचितस्य रामायणस्य नाम किम् ?	रामचरितमानसम्		रामचरितमानसः
30	कुबेरस्य सेनापतेः किं नाम आसीत्?	मणिभद्रः		मणिभद्रः
31	देवासुरैः यस्य सागरस्य मन्थनं कृतं तस्य किं नाम आसीत्?	क्षीरोदसागरः		क्षीरसागरः
32	सेतुनिर्माणसमये श्रीरामः यस्य शिवलिङ्गस्य स्थापम् अकरोत् तस्य किं नाम अस्ति ?	रामेश्वरः		रामेश्वरम्
33	विभीषणस्य सः अनुचरः कः आसीत् यः पक्षिरूपं धृत्वा लङ्कां गत्वा रावणस्य रक्षाव्यवस्थां सैन्यशक्तिं च अन्विष्टवान्?	अनलः		शुकः
34	यः सर्वपर्वतानां राजा अस्ति तस्य पर्वतस्य किं नाम अस्ति?	हिमालयः		"तस्य पर्वतः ""मन्दर"" इति नाम्ना प्रसिद्धः"
35	रामायणस्य प्रथमकाण्डस्य किं नाम अस्ति?	बालकाण्डम्		बालकाण्डः
36	रामायणस्य अन्तिमकाण्डस्य नाम किम् अस्ति?	उत्तरकाण्डम्		उत्तरकाण्डः
37	तस्य गजस्य किं नाम यः स्वेतवर्णीयः आसीत्?	ऐरावतः		ऐरावतः
38	लक्ष्मणस्य मूर्च्छामोचनाय वैद्यः यम् ओषधिम् आनेतुम् उक्तवान् तस्य नाम किम् आसीत् ?	सञ्जीवनी		विशल्यकरणी
39	तृतीयस्य प्रजापतेः किं नाम अस्ति?	शेषः		कश्यपः
40	तस्य ब्राह्मणस्य किं नाम आसीत् यं श्रीरामः अवदत् सः यावद्दुरं स्वदण्डं क्षेप्स्यति तावतां गवां लाभः भविष्यति ?	त्रिजटः		त्रिजटः
41	कुबेराय ब्रह्मा यं विमानं दत्तवान् तस्य नाम किम् आसीत् ?	पुष्पकम्		पुष्पकम्
42	कस्य देवस्य एकं नाम 'सर्पमाली' अस्ति?	शिवस्य		विष्णोः
43	कं ऋषिं समुद्रचलुकः इति कथयन्ति ?	अगस्त्यम्		अगस्त्यम्
44	पूर्वजन्मनि रावणस्य नाम किम् आसीत्?	प्रतापभानुः		जय
45	राज्ञः निमेः राजधानिनाम किम्?	वैजयन्तः		मिथिला
46	कस्य देवस्य एकं नाम 'स्थाणुः' अस्ति?	शिवस्य		शिवस्य
47	या मणिः समुद्रमन्थनात् उत्पन्ना तस्याः नाम किम्?	कौस्तुभः		कौस्तुभः
48	नलकुबरः यस्याम् अप्सरसि आसक्तः आसीत् तस्याः नाम किम्?	रम्भा		रम्भा
49	हनुुमान् यदा अशोकवाटिकायां सीतया सह मेलितुम् अगच्छत् तस्मिन् समये सः यस्मिन् वृक्षे गुप्तवान् तस्य नाम किम् आसीत् ?	अशोकः		सिंशपावृक्षः
50	इन्द्रस्य प्रसिद्धगजस्य नाम किम् ?	ऐरावतः		ऐरावतः
51	कुबेरस्य गजस्य किम् नाम?	पुष्पकर्णः		ऐरावतः
52	यमस्य गजस्य किम् नाम?	महापद्मः		महापद्मः
53	वरुणस्य गजस्य किम् नाम?	सौमनसः		ऐरावतः
54	तस्य समुद्रस्य किम् नाम यस्य जलं रक्तवर्णीयम् आसीत्?	लोहितसागरः		लङ्का-सागरः
55	श्रीरामादीनाम् चतुर्णां भ्रातॄणां विवाहकर्म यः ऋषिः अकुरुत तस्य किम् नाम?	वसिष्ठः		वशिष्ठः
56	यः महर्षिः श्रीरामस्य दुःखपूर्णजीवनस्य भविष्यकथनम् अकरोत् तस्य किम् नाम?	दुुर्वासाः		वाल्मीकिः
57	यः काकः गरुडाय रामकथां अश्रावयत् तस्य किम् नाम?	काकभुशुण्डिः		काकभुशुण्डिः
58	अमरावती कस्य पुर्याः नाम आसीत्?	इन्द्रस्य		लङ्कायाः
59	अश्वमेधयज्ञस्य अश्वस्य मस्तके यत् पत्रं बध्यते तस्य किम् नाम?	जयपत्रम्		यूपः
60	शत्रुणा प्रयुक्तम् अस्त्रं निष्फलीकर्तुं यः विधिः तस्य नाम किम् ?	रभसः		प्रत्यस्त्रम्
61	तस्य राक्षसस्य किं नाम आसीत् यः रावणं सीतायाः हत्यां मा कुरु इति बोधितवान् ?	सुपार्श्वः		मारेचः
62	समुद्रमन्थनात् यत् भीषणं विषं निर्गतं तस्य नाम किम् ?	हलाहलम्		कालकूटम्
63	समुद्रमन्थनाय यः पर्वतः मथनीकृतः, तस्य नाम किम्?	मन्दरः		मन्दरः
64	रामायणस्य प्रमुखतमस्य काण्डस्य नाम किम्?	युद्धकाण्डम्		बालकाण्डः
65	रामायणस्य लघुतमस्य काण्डस्य नाम किम्?	अरण्यकाण्डम्		किष्किन्धा
66	राजा जनकस्य सः मन्त्री कः आसीत् यः जनकस्य आज्ञया राजानं दशरथं आह्वातुं अयोध्यां गतः?	सुदामा		शतानन्दः
67	तस्य सरोवरस्य किं नाम आसीत् यः योजनपरिमितः दीर्घः तावदेव विस्तृतः च ?	पञ्चाप्सरः		पम्पासरोवरम्
68	सः पर्वतः कः आसीत् यस्य शिखराणि शतम् आसन्, यः सिंधुसमुद्रयोः सङ्गमे स्थितः आसीत्?	हेमगिरिः		महेंद्रः
69	अष्टमस्य वसोः नाम किम्?	सावित्रः		हनुमान्
70	रावणेन सुग्रीवस्य समीपं प्रेषितः दूतः कः आसीत् ?	शुकः		शुकः
71	तस्य वानरयूथपतेः नाम किम् आसीत् यः काषायः इव रक्तवर्णीयः आसीत् ?	गवयः		सुग्रीवः
72	तस्य वानरयूथपतेः नाम किम् आसीत् यः रजतम् इव शुभ्रः आसीत् ?	श्वेतः		वालिः
73	तस्य ग्रहस्य किं नाम यः यथासमयं सूर्यचन्द्रयोः ग्रहणं करोति?	राहुः		राहुः
74	कस्य मन्त्रिणः नाम प्रभावः आसीत् ?	सुग्रीवस्य		हनूमतः
75	रामायणकालीनाः काश्याः अद्यतनीयं नाम किम् ?	वाराणसी		वाराणसी
76	रामायणकालीनस्य लवपुरस्य अद्यतनीयं नाम किम् ?	लाहौरः		लाहोरः
77	रामायणकालीननगरी मधुपुरी इत्यस्याः अद्यतनीयं नाम किम् ?	मथुरा		मथुरा
78	मारुत इति कस्याः देवतायाः नाम अस्ति ?	वायोः		वायोः
79	इन्द्रस्य प्रसिद्धस्य उद्यानस्य नाम किम् ?	नन्दनम्		नन्दनम्
80	इन्द्रस्य सारथेः नाम वदतु।	मातलिः		मताली
81	तस्याः गन्धर्व्याः नाम किं या स्वस्य  तिसॄणां पुत्रीणां  विवाहं माल्यवान्, सुमाली माली चेत्येतैः अकारयत् ?	नर्मदा		केतुकी
82	तस्य वानरस्य किं नाम यः एकस्मिन् सरोवरे आत्मच्छायां दृष्ट्वा तेन सह युद्धाय अकूर्दत, स्त्री अभवच्च ?	ऋक्षराजः		वालि
83	मेघनादः यस्याः देव्याः पूजां करोति स्म तस्याः नाम किम् आसीत् ?	निकुम्भिला		निःसन्देहं मेघनादः निकुम्भिलायाः (निकुम्भिलायाः देवी) पूजां करोति स्म
84	हनुमतः जननी पूर्वजन्मनि आप्सराः आसीत्, अप्सरारूपेण तस्याः नाम किम् आसीत्?	पुञ्जिकस्थला		पुञ्जिकस्थला
85	लक्ष्मणस्य मूर्च्छायाः दूरीकरणाय हनुमान् यं पर्वतं औषधिसहितं उन्नीय आनयत् तस्य नाम किम्?	द्रोणगिरिः		सञ्जीवनी
86	सीतायाः अन्वेषणं कुर्वन् लङ्कां प्राप्य हनुमान् यं विमानम् अपश्यत् तस्य नाम किम्?	पुष्पकम्		पुष्पकम्
87	तस्याः राक्षस्याः किं नाम या उपलङ्कां समुद्रे अवसत् उड्डयमानान् जीवाञ्च आकृष्य खादति स्म ?	सिंहिका		सिंहिका
88	कुब्जा कस्याः नाम आसीत्?	मन्थरा	 कैकेयी / मन्थरा / सुलोचना / मन्दोदरी	मन्थरा
89	लङ्कायां रक्षसानां कुलदेवतायाः यत् स्थानं तस्य नाम किम्?	चैत्यप्रासादः		निकुम्भिल्या
90	रामायणमहाकाव्यस्य द्वितीयं नाम किम् आसीत्?	पौलस्त्यवधः अथवा दशाननवध		अयोध्याकाण्डः
91	श्रीरामेण वालिवधार्थम् वालिना सह युद्धं कुर्वाणः सुग्रीवः यां मालाम् अधरत् तस्य नाम किम्?	गजपुष्पी लता		गजेन्द्रमाला
92	श्रीरामं वनात् प्रत्यावर्तयितुं गच्छन् यया भरतः नौकया गङ्गां तीर्णवान् तस्याः नाम किम्?	स्वस्तिकः		गुञ्जा
93	अद्यतन्याः व्यासनद्याः रामायणकाले किं नाम आसीत्?	विपाशा		गोदावरी
94	तस्य धनुषः नाम किं यत् महर्षिः परशुरामः श्रीरामं (सीतास्वयम्वरे) यस्मिन् बाणसन्धानं कर्तुं समाहूतवान्?	वैष्णवधनुः		शिवधनुषः
95	उत्तरकुरुषु स्थितस्य कुबेरोपवनस्य नाम किम्?	चित्ररथः		चैत्ररथम्
96	कलहप्रियः कस्य नाम आसीत्?	नारदः		कैकयी
97	तस्य यज्ञस्य नाम किम् यः 'पवित्रनामकेन' सोमयज्ञेन आरभ्यते 'सौत्रामणिना' च समाप्यते?	राजसूयः		सर्वसत्रम्
98	रावणस्य कुलस्य सः योद्धा कः यः रामरावणयोः युद्धे श्रीरामस्य पक्षे अयुद्ध्यत?	विभीषणः		विभीषणः
99	सः कः वीरः यः रावणं कारागारं नीत्वा बद्धवान् (रावणस्य) पितामहस्य निवेदनाच्च तं मुक्तवान्?	सहस्रार्जुनः		सः वीरः वालिः
100	सः कः वीरः यः रावणं षण्मासान् यावत् स्वकक्षे अस्थापयत्?	वाली		वालिः
101	ऋषिः विश्वामित्रः यदा राजा दशरथस्कृय सविधे  श्रीरामं लक्ष्मणं च याचितुम् आगतवान् तदा अस्मिन्नवसरे दशरथः बहुषु तर्केषु ऋषये कति अवस्थाः उक्तवान्?	षष्ठीसहस्रम्		चतस्रः
102	लक्ष्मणम्, हनुमन्तं, भरतं, शत्रुघ्नं च युद्धे कौ द्वौ भ्रातरौ पराजितवन्तौ?	लवकुशौ		लक्ष्मणः, हनुमान्
103	कुंभकर्णस्य शयनाय रावणेन यद् गृहं निर्मापितं तत् कियद् दीर्घं विस्तीर्णं चासीत्?	योजनद्वयं दीर्घं योजनं च विस्तीर्णम्		योजनद्वयं
104	सः कः राक्षसः यः एकस्मिन् पर्याये षड् मासान् यावत् निद्राति स्म?	कुम्भकर्णः		कुम्भकर्णः
105	रावणः कं प्रसादयितुं स्वस्य दश शिरांसि समर्पितवान्?	ब्रह्माणम्		शिवम्
106	सः कः यः मातरं विना एव केवलं पित्रा जनितः आसीत्?	मिथिः		सीता
107	एतेषु कः एकपादस्थः पञ्चसहस्रवर्षाणि तपः अकरोत्?	विभीषणः	 शंबूकः / दशरथः / विभीषणः / सुग्रीवः	शंबूकः
108	सीताहरणात् प्राक् कः सुवर्णमृगस्य रूपं धृत्वा आगच्छत्?	मारीचः		मारीचः
109	कः शिलारूपायाः अहल्यायाः उद्धारं कृतवान्?	श्रीरामः		रामः
110	सः कः महर्षिः यः पितुः आज्ञाय मातुः शिरः छिन्नवान्?	परशुरामः		परशुरामः
111	सः कः महर्षिः यः सम्पूर्णसमुद्रजलं चुलुकीकृत्य अपिवत्?	अगस्त्यः		अगस्त्यः
112	शूर्पणखायाः राक्षस्याः नासिका कर्णौ च कः छिन्नवान्?	लक्ष्मणः		लक्ष्मणः
113	सः कः महर्षिः यः क्षत्रियोऽपि तपसा ब्रह्मर्षिषु परिगणितः?	विश्वामित्रः		विष्वामित्रः
114	कः सः राजा आसीत् यं महर्षिः विश्वामित्रः सशरीरं स्वर्गं प्रेषयन् आसीत्?	त्रिशङ्कुः		त्रिशङ्कुः
115	एतेषु कः सूर्यं फलमिति मत्वा खादितुं तत्र गतः?	हनुमान्	 जाम्बवान् / सुरसा / हनुमान् / कालनेमिः	हनुमान्
116	सः कः महर्षिः यः स्वस्य पत्न्यै प्रस्तरशिला भवितुं शापं अददात्?	गौतमः		गौतमः
117	सः कः ऋक्षः यं ब्रह्मा जृम्भनात् असृजत्?	जाम्बवान्		जाम्बवान्
118	श्रीरामस्य राज्याभिषेके एतेषु कः पञ्चशतस्य नदीनां जलम् आनयत्?	जाम्बवान्	 नीलः / सुग्रीवः / जांबवान् / नलः	जांबवान्
119	का सा राक्षसी या रावणस्य निराकरणे सति सीतां खादितुं भर्त्सितवती?	प्रघसा		त्रिजटा
120	सः कः ऋषिः यः क्रुद्धः भूत्वा गङ्गायाः सर्वं जलम् अपिवत्?	जहुः		जाह्नवः
121	सः कः यः स्वपितुः आज्ञया तस्य वृद्धत्वं स्वीकृत्य स्वं यौवनं तस्मै दत्तवान्?	पुरुः		ययातिः
122	सः कः ऋषिः यः स्वपितुः आज्ञया गवां संहारम् अकरोत्?	कंडुः		वसिष्ठः
123	अश्विनिकुमारौ कं ऋषिं ओषध्या वृद्धं युवानम् कृतवन्तौ ?	च्यवनः		च्यवनम्
124	सः कः राक्षसः यः राम-लक्ष्मणयोः अपहरणं कृत्वा तौ पातालं नीतवान्?	अहिरावणः		महिरावणः
125	सः कः पर्वतः यः षष्टिसहस्राणां पर्वतानां मध्ये स्थितः आसीत्?	मेरुपर्वतः		मन्दरः
126	सः कः राक्षसः, यः श्रीरामं लक्ष्मणं च गर्ते निक्षिप्तवान्?	विराधः		कबन्धः
127	सः कः राक्षसः यः यमेन सह युद्धं कृतवान्?	रावणः		रावणः
128	मकरध्वजः कस्य जन्तोः गर्भात् जातः?	मत्स्यः		हनूमतः
129	सः कः वानरयूथपतिः यः मृत्योः पुत्रः आसीत्?	सुमुखः		वालिः
130	अयोध्यायाः सः कः राजकुमारः यः नगरस्य बालकान् गृहित्वा सरयूनद्याः जले क्षिपति स्म?	असमञ्जः		शत्रुघ्नः
131	सः मनुष्यः कः आसीत्, यः राजा अम्बरीषस्य यज्ञपशुत्वं स्वीकृतवान् आसीत् ?	शुनःशेपः		शुनःशेपः
132	अयोध्यायाः सः प्रतापी राजा कः आसीत्, यस्य पुत्राः संपूर्णां पृथिवीं भिन्नवन्तः ?	सगरः		दशरथः
133	राजा सगरस्य यज्ञाश्वस्य अपहरणं का देवता अकरोत्?	इन्द्रः		इन्द्रः
134	अधस्तनेषु सः कः आसीत्, यः शिरः अधः कृत्वा तपस्याम् अकरोत् ?	शम्बूकः	 त्रिशंकुः / मेघनादः / शंबूकः / शुनःशेपः	शंबूकः
135	विष्णु: कस्याः स्त्रिया: शिरः छिन्नवान् ?	भृगुपत्न्याः		सुपर्णा
136	कः वानरयोद्धा प्रतपनः इव वीर-राक्षसस्य अक्षिणी उत्खातवान्?	नलः		हनुमान्
137	स राक्षसः कः आसीत्, यः जन्मतः सहस्त्राणां जनानां भक्षणं कृतवान् ?	कुम्भकर्णः		रावणः
138	स कः आसीत् यः षोडशसहस्रं नारीणां बन्धनम् अकरोत् तथा लक्षेण नारीभिः एककालं विवाहं कर्तुम् ऐच्छत्?	दुन्दुभिः		रावणः
139	सः देवता कः आसीत्, यः रावणस्य भयेन काकः अभवत् ?	यमः		इन्द्रः
140	लङ्कायाः सा राक्षसी का आसीत्, या कदापि मिथ्या भाषणं न कृतवती ?	त्रिजटा		त्रिजटा
141	कः तद्वानरवीरः यः  रावणराज्यसभायां पादं संस्थाप्य स्थितः पुनः तमुन्नेतुं समाहूतवान् ?	अङ्गदः		हनूमान्
142	राज्ञा जनकेन क्षेत्रे हलकर्षणात् कः उत्पन्नः अभवत् ?	सीता		सीता
143	यः दशसहस्रेण महारथिभिः सह एकः एव युद्धं कर्तुं समर्थः, सः केन नाम्ना अभिधीयते ?	अतिरथी		रामः
144	कः स राजा यः स्वस्य पुत्राय स्वकीयं वृद्धत्वं दत्त्वा तस्य यौवनं स्वीकृतवान् ?	ययातिः		ययातिः
145	महर्षेः वाल्मीकेः नाम 'वाल्मीकिः' किमर्थं जातम्?	तपश्चर्या काले वल्मीकैः आच्छादनात्		वल्मीकेः
146	मेघनादस्य अन्यं नाम 'इंद्रजित्' किमर्थम् आसीत्?	इन्द्रं युद्धे पराजीतवान् अतः		इन्द्रविजयात्
147	सीतामाता 'जानकी' इति किमर्थं अभिधीयते?	जनकस्य पुत्री अतः		जनकस्य पुत्री इति
148	महर्षेः परशुरामस्य नाम 'परशुरामः' इति किमर्थं जातम्?	परशुुधारणात्		परशुधारणात्
149	सरयूनद्याः नाम 'सरयू' इति किमर्थंजातम्?	मानससरसः निर्गमनात्		सरयू नदीः जलस्य सरणं कारणम्
150	प्रसिद्धगजराजस्य नाम 'ऐरावतः' इति किमर्थं जातम्?	इरावत्याः पुत्रत्वेन		ऐरावतः इति नाम तस्य गजस्य 'इरा' इत्यस्य 'जल' इति अर्थात् उद्भूतम् तस्मात् 'ऐरावतः' इति जलसम्बद्धः गजः
151	महर्षिः परशुरामः 'भार्गवः' कुतः उच्यते ?	भृगुवंशोत्पन्नः अतः		जमदग्निपुत्रः
152	राजा सगरेण 'सगरः' इति नाम कुतः प्राप्तम् ?	गरेण(विषेण) सह जन्म प्राप्नोत् अतः		अश्वमेधयज्ञात्
153	इन्द्रः 'देवराजः' कुतः उच्यते?	देवतानां राजा अतः		सुराधीशः
154	शिवस्य एकं नाम 'नीलकण्ठः' कुतः आसीत्?	हलाहलविषं पीत्वा कण्ठः नीलः जतः अतः		हलाहलपानात्
155	राक्षसाः 'यातुधानाः' कुतः उच्यन्ते ?	तेषां यातुविद्या आसीत् अतः		तपःभङ्गात्
156	राक्षसाः 'निशाचराः' कुतः उच्यन्ते?	निशाकाले विचरणात्		रात्रौ चरन्ति
157	राक्षसाः 'राक्षसाः' इति कुतः उच्यन्ते?	ब्रह्मणा सृष्टस् जलस्य रक्षणात्		रक्षसः
158	भरतस्य मातुः कैकेयी इति नाम कुतः प्राप्तम्?	केकयदेशस्य राजकुमारी अतः		कैकेयदेशात्
159	मेघनादः इति नाम कुतः प्राप्तम्?	मेघसदृशगर्जनात्		मेघगर्जनात्
160	सीता 'सीता' कुतः उच्यते?	क्षेत्रं शोधयता लब्धा अतः		भूमिजा
161	हनूमतः नाम 'हनुमान्' इति कथं जातम्?	इन्द्रस्य वज्रप्रहारेण अस्य हनुः आघातितः अतः विशिष्टः हनुः अस्य अस्ति अतः		हनूमतः मुखे वज्र-प्रहारात्
162	विश्वामित्रस्य एकं नाम 'कौशिकः' इति किमर्थम् आसीत्?	कुशस्य वंशे जातः अतः		विश्वामित्रः कौशिकवंशे जातः आसीत् अतः तस्य एकं नाम 'कौशिकः' आसीत्
163	कार्त्तिकेयस्य एकं नाम 'षण्मुखः' किमर्थं अस्ति?	कृत्तिकानां स्तन्यपानात् षट् मुखानि अभवन् अतः		षडाननः
164	अतिकायं राक्षसं 'अतिकायः' इति किमर्थं कथयन्ति?	अत्यन्तं विशालं शरीरम् अस्ति अतः		महाकायः
165	गङ्गायाः एकं नाम 'भागीरथी' कथं जातम्?	भगीरथेन पृथिवीम् आनीता अतः		भगीरथेन
166	सहस्रार्जुनः 'कार्तवीर्यः' इति कथं उच्यते?	कृतवीर्यस्य पुत्रः आसीत् अतः		सहस्रबाहुत्वात्
167	रामः 'दाशरथिः' इति कथं उच्यते?	दशरथस्य पुत्रः आसीत् अतः		रामः दशरथस्य पुत्रः अस्ति
168	च्यवनः ऋषिः किमर्थम् 'च्यवनः' इति उच्यते?	मातुः गर्भात् स्वयं पतित्वा गतिशीलः आसीत् अतः		पतितः
169	रावणस्य एकं नाम 'दशग्रीवः' इति किमर्थं आसीत्?	दशभिः ग्रीवाभिः सह जन्मप्राप्तवान् अतः		दशमुखत्वात्
170	सीतायाः एकं नाम 'वैदेही' किमर्थं आसीत्?	विदेहस्य जनकस्य पुत्री अतः		मिथिलाधिपतेः जनकस्य पुत्री
171	कार्त्तिकेयस्य नाम 'कार्त्तिकेयः' कथं प्राप्तम्?	कृत्तिकाभिः पालितः अतः		कृत्तिकाभ्यः
172	गङ्गायाः एकं नाम 'त्रिपथगा' कुतः अस्ति?	त्रिषु लोकेषु प्रवहति अतः		गङ्गायाः एकं नाम 'त्रिपथगा' अस्ति यत: सा स्वर्गे, पृथिव्यां, पाताले च प्रवहति
173	श्रीरामः 'राघव' इति कुतः उक्तः?	रघोः वंशे जातः अतः		दशरथस्य पुत्रः
174	महर्षेः अगस्त्यस्य ऋषेः नाम 'कुंभजः' कथं प्राप्तम्?	कुम्भात् जन्म प्राप्तवान् अतः		कुंभोद्भवः
175	महर्षेः अगस्त्यस्य एकं नाम 'सिंधुपः' कुतः आसीत्?	सिन्धुं (समुद्रं) पीतवान् अतः		समुद्रपानात्
176	समुद्रस्य एकं नाम 'सागरः' कथं प्राप्तम्?	सगरपुत्रैः खातः अतः		सगरः
177	शिवस्य एकं नाम 'पिनाकी' कुतः अस्ति?	पिनाकनामधेयस्य त्रिशूलस्य धारणात्		धनुषः कारणात्
178	गरुडः 'वैनतेय' इति कुतः उच्यते?	विनतायाः पुत्रः अतः		विनतायाः पुत्रः
179	देवताः 'सुरः' इति कुतः उच्यन्ते?	वारुण्याः (सुरायाः) ग्रहणात्		सुवः
180	राज्ञः जनकस्य पूर्वजस्य मिथेः नाम 'मिथिः' कथं प्राप्तम्?	राज्ञः निमेः मृतदेहस्य मथनात् उत्पन्नः अतः		क्षेत्र-निर्माणात्
181	दैत्यानां नाम 'दैत्यः' कथं जातम्?	दितेः पुत्राः आसन् अतः		कश्यपस्य पत्नी दितिः
182	राज्ञः जनकस्य वंशस्य नाम 'मैथिलः' कथं जातम्?	राज्ञः मिथेः नामतः जातम्		मिथिलानगरी-निवासात्
183	दानवाः 'दानवाः' इति कथं उच्यन्ते?	दनोः उत्पन्नाः अतः		दानाय
184	महर्षिः विश्वामित्रः श्रीरामं 'काकुत्स्थ' इति कथम् आचक्षते?	राज्ञः ककुत्स्थस्य वंशजः आसीत् अतः		वंशतः
185	यक्षानां नाम 'यक्षः' कथं जातम्?	ब्रह्मणा निर्मितस्य जलस्य यक्षणं (पूजनं) कृतवान् अतः		रक्षणात्
186	महर्षेः अगस्त्यस्य नाम 'अगस्त्यः' कथं जातम्?	अगस्य(पर्वतस्य) स्तम्भनात्		अग्निः गच्छति
187	पार्वत्याः नाम 'पार्वती' किमर्थं आसीत्?	पर्वतस्य (हिमालयस्य) पुत्री आसीत् अतः		पर्वत-कन्या
188	शिवस्य एकं नाम 'आशुतोषः' कथं जातम्?	शीघ्रं तुष्टः भवति अतः		शिवः शीघ्रं तुष्यति
189	अहल्याया:, श्रीरामः यस्याः उद्धारं कृतवान् , तस्या: नाम 'अहल्या' कथं जातम्?	हल्यायाः (विरूपतायाः) लेशः अपि नास्ति अतः		गौतमस्य शापात्
190	वालिनः (वानरस्य) नाम 'वालि' कथं जातम्?	ऋक्षराजस्य केशेषु इन्द्रस्य वीर्यपतनात् उत्पन्नः अतः		वालिनः नाम 'वालि' तस्मै सूर्यस्य दीप्तिमान् तेजः इति अर्थेण प्रचलितम्
191	सुग्रीवस्य नाम 'सुग्रीवः' कथं अभवत्?	ऋक्षराजस्य ग्रीवायां सूर्यस्य विर्यपतनात् उत्पन्नः अतः		सुन्दरग्रीवः
192	कुशस्य च लवस्य नाम 'कुश:' तथा 'लव:' कथं अभवत्?	महर्षिः वाल्मीकिः कुशानां मुष्टिं तथा तेषां लवं स्वीकृत्य द्वयोः बालकयोः भूतबाधायाः निवारणाय रक्षाविधेः उपदेशं कृतवान् अतः		कुशग्रामात्
193	गङ्गा 'जाह्नवी' इति कथं उच्यते?	जह्नुऋषेः जङ्घातः उत्पन्ना अतः		जाह्नुऋषिः
194	रामायणे कति काण्डाः सन्ति?	सप्त		सप्त
195	रामायणमाहात्म्ये कति अध्यायाः सन्ति?	पञ्च		पञ्चदश
196	रामायणे कति सर्गाः सन्ति?	पञ्चशतम्		सप्ततिः
197	रामायणे कति श्लोकाः विरचिताः सन्ति?	चतुर्विशतिसहस्रम्		२४,०००
198	लक्ष्मणः कति वर्षाणि यावत् निद्रां त्यक्तवान्, येन सः मेघनादस्य वधं कर्तुं शक्नुयात्?	द्वादश		चतुर्दश
199	लङ्कां प्रति गमनाय समुद्रे निर्मितस्य सेतोः दैर्घं कियत् आसीत्?	शतं योजनानि		योजन-सप्ततिः
200	लक्ष्मणः एकस्मिन्नवसरे कति बाणान् विस्रष्टुं समर्थः?	पञ्चशतम्		सप्तषष्टिः
201	श्रीरामः समुद्रात् मार्गं दातुं विनयं कुर्वन् तस्य तटे कियन्ति दिनानि प्रतीक्षमाणः आसीत्?	त्रीणि		त्रीणि
202	लंकानगरी कियत् दूरं यावत् विस्तृता आसीत्?	दशयोजनविस्तृतः विंशतियोजनदीर्घः		लक्षयोजनम्
203	मन्दोदरीम् व्यतिरिक्ताः रावणस्य अन्याः कियत्यः पत्न्यः आसन्?	सहस्रम्		त्रयः
204	राजा जनकः स्वकन्याभ्यं (सीता-उर्मीलाभ्याम्) दायविवाहे परिचारिकारूपेण कियत्यः कन्याः अदात्?	प्रत्येकस्यै शतमं		तिस्रः
205	रानी कौसल्यायै स्वाश्रितानां पालनाय अयोध्यायाः शासनतः कियन्तः ग्रामाः लब्धाः आसन्?	सहस्रम्		द्वादश
206	श्रीरामाय आहत्य कति वर्षाणि यावत् वनवासः प्राप्तवान् आसीत्?	चतुर्दश		चतुर्दश
207	रावणस्य कियन्तः भ्रातरः आसन्?	त्रयः		चत्वारः
208	महर्षेः विश्वामित्रस्य कियन्तः पुत्राः आसन्?	शतम्		पञ्च
209	कार्तवीर्यार्जुनस्य कियन्तः भुजाः सन्ति इति मन्यन्ते?	सहस्रम्		षोडश
210	श्रीरामस्य कियन्तः भ्रातरः आसन्?	चत्वारः		त्रयः
211	राज्ञ: दशरथस्य कति पत्नय: आसन् ?	तिस्रः		त्रय:
212	राक्षसराजस्य रावणस्य कति शिरांसि आसन् ?	दश		दश
213	कौसल्यायाः कति पुत्राः आसन् ?	एकः		एकः
214	सुमित्रायाः कति पुत्राः आसन् ?	द्वौ		द्वौ
215	कैकेय्याः कति पुत्राः आसन् ?	एकः		त्रयः
216	कुशनाभस्य कति कन्याः आसन् ?	शतम्		पञ्चाशत्
217	श्रीरामस्य कति पुत्राः आसन् ?	द्वौ		द्वौ
218	राज्ञ: जनकस्य कति भ्रातर: आसन् ?	द्वौ		चत्वार:
219	रामायणस्य बालकाण्डे कति सर्गाः सन्ति?	सप्तसप्ततिः		सप्ततिः
220	रामायणस्य बालकाण्डे कति श्लोकाः सन्ति?	सप्तत्युत्तरद्विशताधिकद्विशतम्		बालकाण्डे सप्तशताः श्लोकाः सन्ति
221	ताटकायाः कति सहस्राणां गजानां सामर्थ्यं प्राप्तम् आसीत्?	सहस्रस्य		त्रीणि
222	राज्ञः सगरस्य आहत्य कतिः पुत्राः आसन्?	एकाधिकषष्टीसहस्रम्		षष्टिः
223	त्रेतायुगः आहत्य कति वर्षाणाम् अस्ति इति मन्यते?	षण्णवतिसहस्रोत्ररद्वादशलक्ष्यम्		त्रिचत्वारिंशत्सहस्राणि
224	संपातेः जटायोः (गृद्ध्रः)च  कियत् दूरपर्यन्तं दृष्टिसामर्थ्यमासीत्?	शतं योजनानि		योजनानाम् शतम्
225	जाम्बवान् सुग्रीवाय कति सैनिकान् दत्तवान्?	दशकोटिः		सहस्राणि
226	जाम्बवतः कियद्दूरपर्यन्तं उत्प्लवनसामर्थ्यम् आसीत्?	नवतिः योजनानि		नलवन्तम्
227	इन्द्रजानुः (वानरः) कियत्यः वानरान् निधाय श्रीरामस्य सहाय्यार्थम् आगतः?	एकादशकोटिः		लक्षं
228	समुद्रमन्थनात् आहत्य कति रत्नानि प्राप्तानि?	चतुर्दश		चतुर्दश
229	रावणस्य कतिः भुजाः आसन्?	विंशतिः		दश
230	समुद्रमन्थनसमये आहत्य कति अप्सरसः उत्पन्नाः?	षट्कोटिः		सप्त
231	परशुरामः आहत्य कतिवारं क्षत्रियाणां संहारं कृतवान् ?	एकविंशतिः		सप्तवारम्
232	शिवस्य जटातः मुक्त्वा गङ्गायाः कियत्यः धाराः अभवन् ?	सप्त		सप्त
233	वसूनां आहत्य कियती संख्या गण्यते ?	अष्टौ		अष्ट
234	कुबेरसमतयाः कामनया रावणः किति सहस्रवर्षाणां  तपः अचरत् ?	दशसहस्रस्य		दश-सहस्र-वर्षाणि
235	श्रीरामस्य सहायतायै हनुमता सह कियन्तः वानराः आगच्छन् ?	दशवृन्दम्		सहस्रशः
236	राज्ञः सगरस्य कति राज्ञः आसन् ?	द्वे		षष्टिः
237	राज्ञः सगरस्य कियतः पुत्रान् कपिलमुनिः भस्मीकृतवान् आसीत्?	षष्टिसहस्रम्		षष्टिः
238	प्रजापतीनां संख्या आहत्य कियती अस्ति?	दश		चत्वारः
239	वानरयूथपतिः गवाक्षः कियतीं सेनां नीत्वा सुग्रीवस्य समीपं आयातः ?	एकवृन्दम्		शतसहस्रम्
240	अश्विनीकुमाराणां संख्या कियती अस्ति ?	द्वौ		द्वौ
241	माता कौसल्या कियतां मासानां गर्भधारणं कृत्वा श्रीरामं प्रसूतवती ?	द्वादश		नव
242	त्रिशिराराक्षसस्य आगत्य कियन्ति शिरांसि आसन् ?	त्रीणि		त्रीणि
243	धूम्रः (ऋक्षः) कियतीं सेनां नीत्वा श्रीरामस्य सहायार्थं प्राप्तः ?	विंशतिवृन्दम्		बलं
244	लोकपालाः कियन्तः सन्ति ?	अष्टौ		चत्वारः
245	नलः कियतीं सेनां नीत्वा श्रीरामस्य सहायार्थमागच्छत्?	शतोत्तरैकसहस्राधिकैकवृन्दम्		अयुतम्
246	अश्वमेधयज्ञः कियता कालेन समाप्तो भवति?	एकवर्षे		वर्षेण
247	सप्तर्षीणाम् संख्या कियती ?	सप्त		सप्त
248	वानरयूथपतिः तारः कियतः वानरान् नीत्वा रामस्य सहायार्थं प्राप्तः?	पञ्चकोटिः		ऋक्षसहस्रं
249	तानि कियन्तः अस्त्राः आसन्, यानि प्रजापतेः कृशाश्वस्य पुत्राः आसन् तथा यान् महर्षिः विश्वामित्रः श्रीरामाय अददात्?	शतम्		प्रजापतेः कृशाश्वस्य पुत्राः अस्त्राणि चतुर्दश आसन् महर्षिः विश्वामित्रः श्रीरामाय अष्टौ अस्त्राणि अददात्
250	ऋषेः वसिष्ठस्य कियन्तः पुत्राः आसन् ?	शतम्		सप्त
251	गन्धमादनः (वानरः) एकस्मिन् उत्प्लवने कियत् दूरं गन्तुं समर्थः आसीत्?	पञ्चाशत् योजनानि		दशयोजनम्
252	सुषेणः (वानरः) एकस्मिन् उत्प्लवने कियद्दूरं गन्तुं समर्थः आसीत्?	चत्वारिंशत् योजनानि		दशयोजनम्
253	अङ्गदः एकस्मिन् उत्प्लवने कियद्दूरं गन्तुं समर्थः आसीत्?	शतं योजनानि		सहितयोजनम्
254	श्रीरामस्य सहायार्थं आगतानां गोलाङ्गूल-जातीयानां वानराणां संख्या कियती आसीत्?	एककोटिः		सहस्राणि
255	रामायणानुसारं सर्वतो महती संख्या का अस्ति?	महौघः		सप्त
256	देवताः कति वानरान् उत्पादितवन्तः?	दशकोटिः		सप्त
257	नक्षत्राणाम् आहत्य संख्या कियती अस्ति?	सप्तविंशतिः		द्वात्रिंशत्
258	बिन्दुसरोवरात् निर्गत्य गङ्गायाः का धारा भगीरथस्य पृष्ठतः गतवती?	सप्तमी		भागीरथी
259	राज्ञः दशरथस्य पटराज्ञ्यै कौसल्यायै विवाहसमये स्वगृहात स्त्रीधनरूपेण कति ग्रामाः प्राप्ताः?	सहस्रम्		एक नवति ग्रामाः
260	इन्द्रस्य उपाधिं कति अश्वमेधयज्ञैः प्राप्तुम् शक्यते?	शतम्		सहस्रैः
261	कुशस्य कतिः पत्न्यः आसन्?	एका		एक
262	लवस्य कतिः पत्न्यः आसन्?	द्वे		एकः
263	भरतस्य कति पुत्राः आसन्?	द्वौ		चत्वारः
264	इक्ष्वाकोः (श्रीरामस्य पूर्वजस्य) कति पुत्राः आसन्?	शतम्		एकः
265	विष्णोः अवतारेषु श्रीरामस्य अवतारः कतमः आसीत्?	सप्तमः		सप्तमः
266	रामायणानुसारं कति आदित्याः सन्ति?	द्वादश		द्वादश
267	रामायणानुसारं कति रुद्राः सन्ति?	एकादश		एकादश
268	राज्ञः दशरथस्य आहत्य कति मन्त्रिणः आसन्?	अष्टौ		अष्ट:
269	दिवसे कति मुहूर्ताः व्यतीताः भवन्ति?	पञ्चदश		तस्मिन् दिवसे पञ्चदश मुहूर्ताः
270	श्रीरामः खरेण सह युद्धे तस्य कति सैनिकान् नाशितवान्?	चतुर्दशसहस्रम्		अनेकान्
271	मल्लयुद्धे कति प्रकारकाणि मण्डलानि निर्दिष्टानि सन्ति?	चत्वारि		आष्टौ
272	धनुर्वेदस्य कति भेदा: स्वीक्रियन्ते?	चत्वारः		द्वौ
273	हे वृक्षाः! हे लताः  हे पुष्पाणि! हे मृगाः, पक्षिणः! किं यूयं सीतां दृष्टवन्तः? यदि दृष्टवन्तः तर्हि वक्तुमर्हथ किं सा कुत्र अस्ति?' एषः प्रश्नः कस्य ?	श्रीरामस्य		रामस्य
274	हे श्रीराम! अहं किम् अपराधं कृतवान् यत् माम् इत्थं मारितवन्? यदि अकथयिष्यत्  तर्हि अहं रावणम् भवतः चरणयोः अपातयिष्यं, श्रीरामं प्रति एवं कः उक्तवान्?	वली		मारीचः
275	हे लक्ष्मण! अस्माभिः त्रिभ्यः दिवसेभ्यः एष समुद्रः मार्गं ददातु इति प्रार्थ्यते; किन्तु स न स्वीकुरुते। अहं एकेन बाणेन एनं शोषयिष्यामि; यतः बिना भयेन प्रीतिर्न भवति।' एतानि वाक्यानि कस्य?	श्रीरामस्य		रामस्य
276	हे मित्र जाम्बवन्! त्वं तावन्तं कालपर्यन्तं जीविष्यसि यावत् प्रलयः कलियुगः च न आगच्छेत् ।' जाम्बवते एतत् आशीर्वादं कः दत्तवान्?	श्रीरामः		रामः
277	यदि अहं अज्ञास्यं यत् इत्थं मया अनुजस्य वियोगः सहनीयः भविष्यति तर्हि अहं पितुः आदेशं न अन्वसरिष्यम्।' एष विलापः कस्य?	श्रीरामस्य		सीतायाः
278	हे श्रीराम! जानक्याः सीताया: आचरणं सर्वथा परिशुद्धमेव। पापं एतस्याः स्पर्शम् अपि न कृतवत्। अहं सहस्रवर्षाणि घोरं तपः अचरम्। यदि सीतायां कश्चन दोषः अस्ति तर्हि अहम् अस्य तपसः फलं न प्राप्नुयाम्।' एषा घोषणा केन कृता?	वाल्मीकिना		अग्निना
279	रावण! यथा मम पादं त्वं गृहीतवान् तथैव यदि श्रीरामस्य पादं अग्रहीष्यत् तर्हि तव कल्याणं अभविष्यत्।' रावणं प्रति एवं कः अपहसितवान्?	अङ्गदः		विभीषणः
280	हे मातः पृथिवी! यदि श्रीरामात् अन्यस्य कस्यचन अपि मया स्वप्ने अपि विचारः कृतः भवेत् तर्हि त्वम् विष्फोटतु माम् गृहीत्वा क्रोडे स्थापयतु।' पृथिवीं प्रति एषा प्रार्थना केन कृता?	सीतया		सीतया
281	हे कुलघातिनि कैकेयि! त्वं श्रीरामं वनं संप्रेष्य महापातकं कृतवती। त्वं मम पितृघातिनी असि। त्वं मामपि पापभागिनं कृतवान्। त्वं मातृसंज्ञाया योग्या नास्ति।' एते शब्दाः कस्य?	भरतस्य		भरतस्य
282	रावणः यदि रसातलेऽपि गुहेत पितामहस्य ब्रह्मणः सविधे वा गच्छेत्, तथापि स मम हस्तेभ्यः न रक्षितः भविष्यति।' एते उद्गाराः कस्य?	श्रीरामस्य		रामस्य
283	यदि अद्य साक्षात् शिवः अपि मेघनादस्य रक्षणाय आगच्छेत्, तथापि अहं प्रतिजाने  यत् तं जीवितं न त्यक्ष्यामि।' एषः उद्गारः कस्य आसीत्?	लक्ष्मणस्य		रामस्य
284	अहं स्वभ्रातृणां शपथं कृत्वा कथयामि युध्ये पुत्रैः भृत्यजनैः बन्धुभिः च सह रावणं संहरिष्यामि।' एषा प्रतिज्ञा कस्य आसीत्?	श्रीरामस्य		विभीषणस्य
285	हे राम! त्वं शिवधनुः भग्नं कृतवान्। तं समाचारं श्रुत्वा अहं अन्यं उत्तमं धनुः संगृह्य त्वत्समीपं आगतोऽस्मि, यस्मिन् त्वं बाणं आरोपय।' श्रीरामाय एवं कः उक्तवान्?	परशुरामः		परशुरामः
286	हे रघुनन्दन! अहम् एकसहस्रवर्षाणि उपवासं कृतवान्। अद्य मम तस्य व्रतस्य समाप्तिदिनम् अस्ति, अतः अस्मिन् काले भवतः समीपे यत् अन्नं अस्ति तत् एव अहं ग्रहीष्यामि।' श्रीरामं प्रति एवं कः उक्तवान्?	दुर्वासाः		कालः
287	हे प्रभो! भवतः प्रति मम स्नेहः सदैव भवतु। भवति एव मम अचला भक्तिः भवतु। भवन्तम् अतिरिच्य अन्यत्र मम आन्तरिकः अनुरागः न भवतु।' श्रीरामाय एतां प्रार्थनां कः कृतवान्?	हनुमान्		शबरी
288	प्रिय हनुमन्! यावत् मम कथा लोके प्रचलिता भविष्यति तावत् त्वदीया कीर्तिः अपि  स्थिरा भविष्यति, तथा त्वदीये देहे प्राणाः अपि स्थिताः भविष्यन्ति।' हनुमन्तं प्रति एतद् कः उक्तवान्?	श्रीरामः		रामः
289	विभीषण! रावणः बलपराक्रमसम्पन्नः महामनस्वी आसीत्। मृत्युना समन्वितं वैरं अपि समाप्तं भवति। रावणः यथा तव भ्राता तथैव मम अपि। त्वं एतस्य दाहसंस्कारं कुरु।' विभीषणं प्रति एतानि वचनानि कः उक्तवान् ?	श्रीरामः		रामः
290	हे लङ्कानरेश! नायं वानरो गुप्तचर इव दृश्यते, अपि तु दूत इव दृश्यते। अतोऽस्य वधो न उचितः। त्वं तं किञ्चिद्दण्डं दत्त्वा विसर्जय।' रावणं प्रति एतत्परामर्श कः दत्तवान्?	विभीषणः		विभीषणः
291	अहं प्रचेतुः दशमः पुत्रः अस्मि।' एतद्वाक्यं कस्य ऋषेः आसीत्?	वाल्मीकेः		वसिष्ठस्य
292	भ्रातः! भरतः सेनया सह आगच्छति। मन्ये, ते अस्मान् आक्रंस्यन्ते। अस्माभि युद्धाय सिद्धैः भवितव्यम्।' एतत् कः कं प्रति उक्तवान्?	लक्ष्मणः श्रीरामं प्रति		लक्ष्मणः रामम् प्रति उक्तवान्
293	हे श्रीराम! त्वं वैष्णवधनुषः प्रत्यञ्चाम् आरोपितवान्, अतः अहं ज्ञातवान् अस्मि यत् त्वं देवेश्वरः विष्णुः एव।' एतत् श्रीरामं प्रति कः उक्तवान्?	परशुरामः		परशुरामः
294	हे राम! अहं कामरूपिणी राक्षसी रावणस्य भगिन्यस्मि।' एतत् परिचयं श्रीरामं प्रति कः प्रदत्तवान्?	शूर्पणखा		शूर्पणखा
295	महर्षे! एकस्य धनुषः भञ्जने किमर्थं त्वं अतिविकलः अभवः? अहो, बाल्ये मया न जाने कति धनूंषि भग्नानि। तदा त्वं तावन् क्रोधितः नासीत्।' एतत् वक्तव्यं कस्य?	लक्ष्मणस्य		रामस्य
296	हे प्रभो राम। लक्ष्मणः मां प्रति बाणं क्षिपतु नाम, तव चरणयोः अप्रक्षालनं विना अहं त्वां पारम् न नेतुं शक्नोमि।' एताः वचः कस्य?	केवटस्य		सुमन्तः
297	हे राजन्! श्रीरामं लक्ष्मणं च मह्यं देहि, येन यज्ञे विघ्नस्य उत्पादनं कुर्वतां राक्षसानां नाशनं शक्यं भवेत्।' एतम् आग्रहं राजादशरथं प्रति कः कृतवान्?	विश्वामित्रः		वसिष्ठः
298	हे राम! अहं कैकेय्यै दत्तस्य वरस्य कारणात् मोहं प्रपन्नोऽस्मि। मम वाक्यं मनुतां, मां बद्वा त्वं स्वयमेव अयोध्यायाः राजा भव।' एतं वचनं श्रीरामं प्रति कः उक्तवान्?	दशरथः		लक्ष्मणः
299	यदि भरतः युवराज-पदम् स्वीकुर्यात्, तर्हि तेन कृतं श्राद्धादिक्रियाः मां न प्राप्नुयुः।' एतद्वाक्यं कः उक्तवान्?	दशरथः		श्रीरामः
300	हे रावण! राजा मान्धाता तव युद्धमदं शमयिष्यति।' एतद्वाक्यं कः उक्तवान्?	नारदः		मारुति:
301	हे श्रीराम ! अहं रिक्तं रथं गृहीत्वा अयोध्यां कथं गच्छेयम्? भवन्तं विना एते अश्वाः रथं कथं कर्षिष्यन्ति? अतः अहं अयोध्यां न प्रत्यागच्छामि।' एतत् कस्य वक्तव्यम्?	सुमन्त्रस्य		भरतः
302	हे अग्निदेवते ! यदि मया पत्युः सेवा कृता अस्ति, पातिव्रत्यधर्मस्य सत्यं हृदयेन पालनं कृतं तर्हि हनुमतः कृते त्वं शीतलः भव।' अग्निदेवाय एषा प्रार्थना केन कृता?	सीतया		सीतया
303	श्रीराम ! त्वं मधुरफलमूलसम्पन्नं चित्रकूटपर्वतं गच्छ। अहं तं त्वदर्थं उपयुक्तं निवासस्थानं मन्ये।' श्रीरामाय एतत् कः उक्तवान्?	भरद्वाजः		लक्ष्मणः
304	रामायणे आहत्य कियतां वरप्रदानानां वर्णनं अस्ति?	द्व्यशीतिः		दश
305	रामायणे आहत्य कियतां शापानां वर्णनं अस्ति?	एकषष्टिः		सप्त
306	श्रीरामस्य सेनायाः कः वानरयोद्धा एतं वरं प्राप्तवान् यत् तस्य हस्तस्पर्शनमात्रेण शिलाः जले तरिष्यन्ति?	नलः		नलः
307	रावणाय नरवानरविनिर्दिष्टान्यसमस्तेभ्यः अवध्यतायाः वरं कः दत्तवान्?	ब्रह्मा		ब्रह्मा
308	हनुमते युद्धे कदाचिदपि न श्रान्तिः भवति इति वरं कः दत्तवान्?	यमः		ब्रह्मा
309	हनुमन्ते केनापि शस्त्रेण अवध्यतायाः वरं कः दत्तवान्?	ब्रह्मा		ब्रह्मा
310	रावणः सिद्धिमंत्रं कस्याः देवतायाः प्राप्तवान्?	ब्रह्मणः		शिवस्य
311	सुमालिने रक्षसाय क: अजेयतायाः चिरजीवनस्य च वरं दत्तवान्?	ब्रह्मा		ब्रह्मा
312	क: विभीषणाय चिरञ्जीवित्वस्य वरं दत्तवान्?	ब्रह्मा		रावण:
313	क: हनूमत: इच्छायाः अधीनमेव मृत्योः वरं दत्तवान्?	इन्द्रः		ब्रह्मा
314	अहल्यायै पाषाणशिला भवितुं शापं क: दत्तवान्?	गौतमः		गौतमः
315	एतेषु कस्मै इदं शापितं यत् अस्मरणे स: स्वबलं न अभिज्ञास्यति?	हनुमते	 अंगदाय / नलाय / जांबवते / हनुमते	हनुमते
316	हनूमते वरुणपाशात् जलमध्ये च अवध्यत्वस्य वरं क: दत्तवान्?	वरुणः		ब्रह्मा
317	इन्द्राय क: वृषणहीनः भवितुं शापं दत्तवान्?	गौतमः		नन्दि
318	हनूमते स्वकालदण्डात् अवध्यत्वस्य रोगमुक्तेः च वरं क: दत्तवान्?	यमः		रामः
319	क: हनूमते स्वतेजस: शततमम् अंशं दत्तवान्?	सूर्यः		सूर्य:
320	कस्य ऋषे: शापात् काकभुशुण्डि: काकयोनौ अजायत?	लोमशस्य		लोपामुद्रा
321	ऋषिवसिष्ठः कस्य राज्ञः विदेहत्वं (शरीररहिततां) शप्तवान्?	निमेः		नहुषस्य
322	ऋषये वसिष्ठाय कः विदेहत्वं शप्तवान्?	निमिः		नन्दिनी
323	अधस्तनेषु कः राजा वसिष्ठपुत्रैः शप्तः चण्डालः अभवत्?	त्रिशङ्कुः	 शंबूक: / गयः / कुशध्वजः / त्रिशङ्कुः	त्रिशङ्कुः
324	गच्छ दशरथ! त्वम् अपि अस्मादृशेन पुत्ररहितेन दुःखेन प्राणान् त्यक्ष्यसि। दशरथं कः एतद् शप्तवान्?	श्रवणस्य पितरौ		कैकयी
325	भगवन्, मह्यं एवम् वरं यच्छ अहं षण्मासान् स्वप्यां एकं दिनं जागृयाम्। ब्रह्मणः एतत् वरं कः याचितवान्?	कुम्भकर्णः		कुम्भकर्णः
326	महाराज, अहं द्वौ वरौ याचे- प्रथमः, रामाय चतुर्दशवर्षाणां वनवासः, द्वितीयः भरताय राजशासनम्। दशरथं कः एवम् उक्तवान्?	कैकेयी		कैकेयी
327	वालिन्, युद्धकामः यः त्वत्पुरतः आगच्छति तस्य बलार्धं तव देहे एव आगमिष्यति। एतद् वरं वालिने कः दत्तवान्?	ब्रह्मा		इन्द्रः
328	हे रावण! त्वं शपामि यत् तव, तव कुलस्य च सर्वनाशः वानरैः एव भविष्यति। रावणं एतद् शप्तवान् कः?	नन्दीश्वरः		नलः
329	हे निषाद! त्वं कदापि शान्तिं न प्राप्स्यसि; यतः क्रौञ्चपक्षिणोः अस्य युग्मस्य एकः त्वया निर्व्याजेन एव हतः। एतद् शापं कः दत्तवान्?	वाल्मीकिः		वाल्मीकि
330	हे रंभे! अहं कामं क्रोधं च आत्मवशं कर्तुं इच्छामि त्वं माम् कामं प्रति आकृष्यसि। अहं त्वां शपामि यत् त्वं दशसहस्रवर्षाणि शिलामूर्तिस्वरूपे स्थास्यसि। रंभाम् अप्सरसं एतद् शप्तवान् कः?	विश्वामित्रः		नलकूबरः
331	रावण, यदि एतस्मात् परं परस्त्रिया सह बलात् समागमं करिष्यसि तर्हि तव शिरषः शतं खण्डानि भविष्यन्ति। रावणं प्रति एतं शापं कः दत्तवान्?	ब्रह्मा		नलकूबरः
332	हे पितामह ब्रह्मन्! मह्यं वरं ददातु, यदा युद्धार्थं क्रियमाणं जपं हवनं च असमाप्य  एव युद्धक्षेत्रे युद्धं करिष्यामि, तदा एव मम विनाशः भवेत्। एतं वरं ब्रह्मणः कः याचितवान्?	मेघनादः		रावणः
333	हे प्रजापते ब्रह्मन्! मह्यं एतं वरं ददातु यद् बृहति संकटेऽपि मम बुद्धिः धर्मे एव स्थिता भवेत्। एतं वरं ब्रह्मणः कः याचितवान्?	विभीषणः		रावणः
334	हे रावण! मम सामानरूपपराक्रमवन्तः एव तव कुलं नाशयिष्यति। एतं शापं रावणं प्रति कः दत्तवान्?	नन्दीश्वरः		नलः
335	महर्षिः परशुरामः श्रीरामं कस्य धनुषः उपरि बाणं स्थापयितुं समाह्वयत्?	वैष्णवस्य		शिवस्य
336	श्रीरामः कस्य अस्त्रस्य प्रयोगं कृत्वा रावणं हतवान्?	ब्रह्मास्त्रस्य		ब्रह्मास्त्रस्य
337	मेघनादः हनुमन्तं अशोकवाटिकायां केन अस्त्रेण बद्धवान्?	ब्रह्मपाशेन		ब्रह्मास्त्रेण
338	रावणस्य तस्य खड्गस्य नाम किम्? यं स शिवात् प्राप्तवान्?	चन्द्रहासः		चन्द्रहासः
339	केन अस्त्रेण मेघनादः हतः?	ऐन्द्रास्त्रेण		ब्रह्मास्त्रेण
340	तस्य अस्त्रस्य नाम किं यत् शत्रुं बध्नाति?	नागपाशः		नागपाशः
341	वज्रनामकं अस्त्रं कस्य ऋषेः अस्थिभिः निर्मितं आसीत्?	दधिचेः		दधिचः
342	मोदकी' तथा 'शिखरी' नामके प्रसिद्धे गदे श्रीरामाय कः अददात्?	विश्वामित्रः		हनुमानः
343	श्रीरामाय नारायणास्त्रं कः अददात्?	विश्वामित्रः		विभीषणः
344	ब्रह्मशिरः' नामकं अस्त्रं कस्य आसीत्?	ब्रह्मणः		ब्रह्मणः
345	वज्रास्त्रं, ऐषीकास्त्रं, वायव्यास्त्रं च श्रीरामाय कः अददात्?	विश्वामित्रः		विस्वामित्रः
346	दण्डचक्रं, कालचक्रं, विष्णुचक्रं, ऐन्द्रचक्रं च इत्येतानि अस्त्राणि श्रीरामाय कः ऋषिः अददात्?	विश्वामित्रः		अगस्त्यः
347	धर्मपाशं, कालपाशं, वरुणपाशं च नामकानि अस्त्राणि श्रीरामाय कः अददात्?	विश्वामित्रः		वसिष्ठः
348	शिखरास्त्रं, क्रौंचास्त्रं, सौम्यास्त्रं च श्रीरामाय कः अददात्?	विश्वामित्रः		अगस्त्यः
349	सम्मोहनास्त्रं, मानवास्त्रं च कस्य प्रियास्त्रे?	गन्धर्वाणाम्		इन्द्रजितः
350	तत् कम् अस्त्रः यत् पिशाचानां प्रियम् अस्त्रं मन्यते?	मोहनास्त्रम्		त्रिशूलः
351	तेजःप्रभः नामकम् अस्त्रं कस्य देवस्य अस्ति?	सूर्यस्य		अग्नेः
352	शिशिरः नामकः अस्त्रः कस्य देवस्य अस्ति?	सोमस्य		शिवस्य
353	मनोः अस्त्रः एतेषु कः अस्ति?	शीतेषु	 शिखरः / सौम्यः / रुचिरः / शीतेषुः	शीतेषुः
354	एतेषु कः अस्त्रः यः पूर्वं प्रजापतेः कृशाश्वस्य पुत्रः न अस्ति?	नारायणास्त्रः	 रुचिरास्त्रः / नारायणास्त्रः / पन्थानास्त्रः / मकरास्त्रः	नारायणास्त्रः
355	एतेषु कः अस्त्रः यः पूर्वं प्रजापतेः कृशाश्वस्य पुत्रः आसीत्?	रुचिरास्त्रम्	 ऐंद्रास्त्रः / ब्रह्मास्त्रः / रुचिरास्त्रः / ब्रह्मशिरास्त्रः	ब्रह्मशिरास्त्रः
356	ब्रह्मदण्डः कस्य ऋषेः अस्त्रः आसीत्?	वसिष्ठस्य		वसिष्ठस्य
357	विष्णोः चक्रम् किम् उच्यते स्म?	सुदर्शनः		सुदर्शनम्
358	ऋषिः विश्वामित्रः कस्य देवस्य तपः कृत्वा दिव्यास्त्राणि प्राप्तवान्?	शिवस्य		महादेवस्य
359	सः कः अस्त्रः यस्य प्रयोगं कृत्वा शत्रुसैनिकाः निद्राम् गच्छन्ति?	जृम्भकास्त्रम्		शक्तिनिद्रास्त्रः
360	यस्य बाणस्य अग्रभागः समगोलः अस्ति तम् किं वदन्ति?	नाराचः		मोघबाणः
361	यस्य बाणस्य अग्रभागः परशुना सदृशः भवति तं किम् उक्तवन्तः?	भल्लः		शरम्
362	यस्य मुखभागः हस्तयोः अञ्जलिना सदृशः भवति तं बाणं किम् उक्तवन्तः?	अञ्जलिकः		काकुत्स्थ:
363	यस्य बाणस्य अग्रभागः गोवत्सस्य दन्तैः सदृशः दृश्यते तं किम् उक्तवन्तः?	वत्सदन्तः		वायसास्त्र
364	सिंहस्य दन्तैः तुल्यः अग्रभागः यस्य बाणस्य तस्य नाम किम्?	सिंहदंष्ट्रः		सिंहास्यः
365	यस्य बाणस्य अग्रभागः क्षुरस्य धारयाः सदृशः भवति तं किम् उक्तवन्तः?	क्षुरः		शरम्
366	एतेषु कः अस्त्रः अस्ति?	अञ्जलिकः	 असिः / अंजलिकः / गदा / खड्गः	अंजलिकः
367	एतेषु कः शस्त्रः अस्ति?	खड्गः	 नाराचः / भल्लः / अंजलिकः / खड्गः	खड्गः
368	विष्णोः धनुषः नाम किम्?	शार्ङ्गम्		शार्ङ्गम्
369	कस्य अस्त्रस्य प्रयोगेण श्रीरामः कुम्भकर्णं मारितवान्?	ऐन्द्रास्त्रस्य		इन्द्रास्त्रेण
370	विभीषणाय ब्रह्मास्त्रं कः दत्तवान्?	ब्रह्मा		ब्रह्मा
371	श्रीरामाय 'जृंभकास्त्रं' कः दत्तवान् ?	विश्वामित्रः		इन्द्रः
372	श्रीरामाय 'वायव्यास्त्रं' कः दत्तवान् ?	विश्वामित्रः		वरुणः
373	श्रीरामाय 'वरुणपाशं' कः दत्तवान् ?	विश्वामित्रः		वरुणः
374	सार्चिमाली'नामकं अस्त्रं श्रीरामाय कः दत्तवान् ?	विश्वामित्रः		अगस्त्यः
375	सर्पनाथः'नामकं अस्त्रं श्रीरामाय कः दत्तवान् ?	विश्वामित्रः		वसिष्ठः
376	मेघनादाय 'ब्रह्मशिरः'नामकं अस्त्रं कः दत्तवान् ?	ब्रह्मा		ब्रह्मा
377	श्रीरामाय 'सत्यवान्'नामकं अस्त्रं कः दत्तवान् ?	विश्वामित्रः		वसिष्ठः
378	सत्यकीर्तिः'नामकं अस्त्रं श्रीरामाय कः दत्तवान् ?	विश्वामित्रः		विष्णुः
379	रुचिरः'नामकं अस्त्रं श्रीरामाय कः समर्पितवान्?	विश्वामित्रः		अगस्त्यः
380	लक्ष्मणः केन अस्त्रेण युद्धं कुरति स्म ?	धनुषा		शक्तिः
381	वज्र इति अस्त्रः कस्य देवस्य आसीत्?	इन्द्रस्य		इन्द्रस्य
382	हनुमान् केन शस्त्रेण युद्धं अकरोत्?	गदया		गदया
383	नागपाशः' इति अस्त्रं मेघनादः कस्मात् प्राप्तवान्?	इन्द्रात्		शिवात्
384	नागपाशः कस्य देवस्य अस्त्रम् अस्ति?	वरुणस्य		गरुडस्य
385	महर्षिणा अगस्त्येन श्रीरामाय यत् दिव्यं धनुः दत्तम् आसीत् तत् कस्य आसीत्?	विष्णोः		विष्णोः
386	सः कः अस्त्रः यस्य प्रयोगे सति प्रस्तराणां वर्षणं भवति?	पर्वतास्त्रः		पर्वतः
387	राजा दशरथः भ्रमात् श्रवणकुमारं येन बाणेन प्रहृतवान् सः किमुच्यते?	शब्दभेदी		शब्दवेधी
388	राजा जनकः श्रीरामाय यत् दिव्यं धनुः अभेद्यं कवचम् अक्षयबाणैः युक्तः तूणीरः सुवर्णभूषितं खङ्गं च दत्तवान्  एतानि जनकाय कः प्रदत्तवान्?	वरुणः		देवाः
389	तामसः' इति भयानकम् अस्त्रं कस्य देवस्य अस्ति?	राहोः (तमोग्रहस्य)		शिवस्य
390	तस्य अस्त्रस्य नाम वद यस्य प्रहारं कृत्वा लवेन (वाल्मीकेः आश्रमस्य समीपे) अयोध्यायाः प्राप्ता श्रीरामस्य सेनाः निद्रापिताः?	जृम्भकास्त्रम्		शक्तिः
391	लोहकण्टकयुता चतुर्हस्तोन्नता गदा किमुच्यते ?	शतघ्नी		मुद्गरः
392	राजा जनकः श्रीरामाय (कन्यामूल्यरूपेण) कति दिव्यानि धनूंषि दत्तवान् ?	द्वे		द्वे
393	लवणासुरस्य समीपे यः महाशूलः अस्ति सः कस्मात् लब्धः?	मधुुदैत्यात्		शिवात्
394	महर्षेः वाल्मीकेः आश्रमः कस्याः नद्याः तीरे आसीत् ?	तमसायाः		तमसः
395	श्रीरामे वनं गते भरतः तेषां वियोगे अयोध्यायाः बहिः कस्मिन् स्थले वसति स्म?	नन्दीग्रामे		नन्दिग्रामे
396	यदा रामः वनवासाय गच्छन् आसीत् तदा भरतः शत्रुघ्नः च कुत्र स्थितौ आस्ताम्?	भरतस्य मातुलगृहे केकयदेशे		अयोध्यायाम्
397	वनवासकाले श्रीरामः सर्वाधिकं कालं कस्मिन् स्थले यापितवान्?	चित्रकूटे		पञ्चवटी
398	शबरी कस्मिन् वने निवसति स्म?	मतङ्गवने		पम्पासरोवरे
399	किष्किन्धायां वालिना निष्कासितः सुग्रीवः कुत्र वसति स्म?	ऋष्यमूकपर्वते		ऋष्यमूकः
400	लंकां प्राप्त्य श्रीरामस्य वानरसेना कस्य पर्वतस्य समीपे स्थितवती?	सुवेलस्य		त्रिकूटपर्वतः
401	हनुमान् कं पर्वतम् आरुह्य समुद्रं लङ्घयितुं प्लुतवान्?	महेन्द्रम्		महेन्द्रम्
402	लंका नगरी कस्य पर्वतस्य उपरि स्थिता आसीत्?	त्रिकुटपर्वतस्य		त्रिकूटः
403	विशल्यकरणी, सावर्ण्यकरणी, सञ्जीवकरणी, सन्धानी नामकाः ओषधय: कस्मिन् पर्वते लभ्यन्ते स्म?	महोदयः		गन्धमादनपर्वते
404	महर्षे: परशुरामस्य आश्रम: कस्मिन् पर्वते स्थित: आसीत्?	महेन्द्रपर्वते		महेंद्र:
405	श्रीराम:, सीता, लक्ष्मण: च श्रृंगवेरपुरस्य समीपे कां नदीं तीर्त्वा गमनं कृतवन्त:?	गङ्गाम्		गङ्गा
406	कुश-लवयो: जन्म कुत्र अभवत्?	वाल्मीकेः आश्रमे		वाल्मीक्याश्रमः
407	वनवासात् प्रत्यागम्य श्रीराम: कुत्र जटानां कर्तनं कृतवान्?	नन्दीग्रामे		नन्दिग्रामे
408	मेघनाद: (लक्ष्मणेन सह युद्धं कुर्वन्) युद्धक्षेत्रं परित्यज्य यज्ञानुष्ठानाय कं स्थानं गतवान्?	निकुम्भिलाम्		निकुम्भिलाम्
409	नंदिग्राम: अयोध्यायाः कस्यां दिशि स्थित: आसीत्?	पूर्वदिशि		दक्षिणे
410	खरदूषणौ कुत्र निवसतः आस्ताम्?	दण्डकवने		जनस्थाने
411	श्रीरामेण सीतायै वनवासे दत्ते सा कुत्र अवसत्?	वाल्मीकेः अश्रमे		पर्णशाला
412	पञ्चवटी, यत्र श्रीरामः सीतालक्ष्मणाभ्यां समेतः वनवासकाले पर्णकुटिं कृत्वा निवसन् आसीत्, सा कस्याः नद्याः तटे आसीत्?	गोदावर्याः		गोदावरी-नद्याः
413	वनवासस्य समये श्रीरामं द्रष्टुं भरतः कं स्थानं गतवान्?	चित्रकूूटम्		चित्रकूटम्
414	भरद्वाजस्य ऋषेः आश्रमः कस्याः नद्याः तीरे आसीत्?	गङ्गायमुनयोः सङ्गमे		गङ्गायाः
415	निषादराजस्य गुहस्य निवासः कुत्र आसीत्?	शृङ्गवेरपुरम्		श्रृंगवेरपुरे
416	सीतायाः हरणं कृत्वा रावणः तां प्रथमं कुत्र स्थितवान्?	स्वान्तःपुरे		अशोकवाटिकायाम्
417	विराधः राक्षसः कुत्र निवसति स्म?	दण्डकवने		दण्डक-अरण्ये
418	अगस्त्यऋषिः कुत्र निवसति स्म?	दण्डकारण्ये		पञ्चवटी
419	काजलमेघाविव कृष्णाः वानराः कस्य पर्वतस्य पृष्ठे अद्यापि दृश्यन्ते?	अञ्जनपर्वतस्य		ऋष्यमूकः
420	कस्यां नद्यां स्नानं कृत्वा सन्तानलोकः प्राप्यते इति विचारः अस्ति?	सरयूनद्याम्		सर्वस्वरुपा
421	वानरयूथपतिः पनसः कस्मिन् अचलशृङ्गे वसति?	पारियात्रे		ऋष्यमूकशृङ्गे
422	प्रथमतः हनुमतः श्रीरामेण सह सम्मेलनं कस्मिन् स्थले अभवत्?	ऋष्यमूकपर्वते		किष्किन्धा
423	गङ्गा शिवस्य जटायाः विमुक्ता कस्मिन् स्थले पतिता?	बिन्दुसरसि		हरिद्वारे
424	सः कः पर्वतः यस्य स्वरूपं सूर्यस्य वरदानेन सुवर्णमयं अभवत्?	सुमेरुः		मलयः
425	शिवस्य वासनं कस्मिन् अचलशृङ्गे अस्ति?	कैलासे		कैलासे
426	किं वनं जनस्थानं इति कथ्यते?	दण्डकवनम्		जनस्थानम्
427	सीतायाः अन्वेषणाय सुग्रीवः वानरयूथपतिं विनतं कां दिशं प्रेषितवान्?	पूर्वदिशम्		दक्षिणां
428	रामशिला कस्मिन् स्थले अस्ति?	गयायाम्		रामेश्वरम्
429	प्राग्ज्योतिषपुरं कस्मिन् अचले स्थितम् आसीत्?	वराहः		हिमालये
430	सीतायाः अन्वेषणाय सुग्रीवः वैद्युतिकपर्वतक्षेत्रे कं प्रेषितवान्?	हनुमन्तम्		हनुमन्तम्
431	सीतायाः अन्वेषणाय सुग्रीवेण वृषभः कस्यां दिशि प्रेषितः ?	दक्षिणदिशि		दक्षिणदिशि
432	कस्मिन् पर्वते विश्वकर्मणा ऋषये अगस्त्याय एकं दिव्यं भवनं निर्मितं ?	कुञ्जरपर्वते		मलयपर्वते
433	सीतायाः अन्वेषणाय सुग्रीवेण मालवदेशं कः प्रेषितः ?	विनतः		हंसः
434	सौवीरदेशे कस्य आधिपत्यं आसीत् ?	दशरथस्य		भीष्मकस्य
435	इन्द्रः कस्याः दिशः लोकपालः मन्यते ?	पुर्वदिशः		पूर्वदिशः
436	दक्षिणपूर्वदिशि कः लोकपालः मन्यते ?	अग्निः		अग्निः
437	यमः कस्याः दिशः लोकपालः मन्यते ?	दक्षिणदिशः		दक्षिणस्याः
438	कुबेरः कस्मिन् दिशि लोकपालः मन्यते ?	उत्तरदिशि		उत्तरे
439	दक्षिणपश्चिमदिशि कः लोकपालः मन्यते ?	सूर्यः		निरृतिः
440	वरुणः कस्यां दिशि लोकपालः मन्यते ?	पश्चिमदेिशि		पश्चिम-दिशि
441	कुरु देशः कस्मिन् नदीतटस्थः आसीत् ?	शैलोदायाः		सरयू
442	ब्रह्मणः भवनं कस्मिन् पर्वते आसीत् ?	मेरुपर्वते		मेरुः
443	वानरयूथपतिः शरभः कस्मिन् पर्वते निवसति स्म?	साल्वेयपर्वते		ऋष्यमूक:
444	केकयदेशस्य राजधानीनाम किमासीत् ?	राजगृहम्		राजगृहः
445	श्रृंगवेरपुरं कस्याः नद्याः तटे स्थितम् आसीत् ?	गङ्गायाः		गङ्गायाः
446	लवपुरं केन स्थापितं आसीत् ?	लवेन		लवेन
447	वानरयूथपतिः प्रमाथी कस्मिन् पर्वते निवसति स्म ?	मन्दारपर्वते		ऋष्यमूक
448	मतंगमुनेः शापभयेन वाली कं पर्वतः न गच्छति स्म?	ऋष्यमुखम्		ऋष्यमूकम्
449	सः कः देशः आसीत् यः सुन्दरीकृतानां अश्वानां कृते प्रसिद्धः?	बाह्लीकः		कम्बोजः
450	ऋचीकमुनेः आश्रमः कस्मिन् पर्वते आसीत् ?	भृगुतुङ्गे		मालयपर्वते
451	सीतायाः अन्वेषणाय सुग्रीवेण हनूमान् अङ्गदः च कस्यां दिशि प्रेषितौ?	दक्षिणदिशि		दक्षिणदिशि
452	वानरयूथपतिः केसरी कस्मिन् पर्वते सन्निविष्टः आसीत्?	काञ्चनपर्वते		ऋष्यमूकः
453	सीतायाः अन्वेषणाय सुग्रीवः पाण्ड्यदेशं प्रति कं प्रेषितवान्?	अङ्गदम्		अङ्गदः
454	वनवासगमनसमये श्रीरामः अयोध्यावासीनः कस्मिन् स्थले सुप्तान् त्यक्त्वा गतवान्?	शृङ्गवेरपुरे		तामसा-तीरम्
455	भरतः बाल्यकाले कुत्र अवसत्?	मातुलगृहे		अयोध्यायाम्
456	सीतायाः स्वयम्वरसमये राजा जनकः कुशध्वजं कस्याः नगर्याः आह्वयत्?	साङ्काश्याः		साङ्काश्या:
457	सीतायाः अन्वेषणाय लङ्कां सर्वप्रथमतः कः प्राप्तवान्?	हनुुमान्		हनुमान्
458	श्रीरामस्य जन्म कस्मिन् स्थले अभवत्?	अयोध्यायाम्		अयोध्यायाम्
459	हनुमता सह सीतायाः सर्वप्रथमं  कस्मिन् स्थले मेलनम् अभवत्?	अशोकवाटिकायाम्		अशोकवाटिकायाम्
460	प्रतिष्ठानपुरं कस्याः नद्याः तीरे अवस्थितम्?	गङ्गायमुुनयोः सङ्गमे		गोदावरी
461	श्रीरामस्य मित्रं प्रतर्दनः कस्य राजा आसीत्?	काश्याः		काश्याः
462	सुदामा नामकः पर्वतः कस्मिन् देशे स्थितः आसीत्?	बाह्रीकदेशे		भारतदेशे
463	दक्षिणे स्थिते देशे चोले सीतायाः अन्वेषणं कर्तुं सुग्रीवः कम् प्रेषयामास?	अङ्गदम्		हनूमन्तम्
464	सीतायाः अन्वेषणाय सुग्रीवः मगधदेशं प्रति कम् प्रेषयामास?	विनतम्		हनूमन्तम्
465	श्रीरामस्य मातुः किं नाम आसीत्?	कौसल्या		कौसल्या
466	हनुमत: जननी का आसीत्?	अञ्जनी		अञ्जना
467	दशरथस्य माता का आसीत्?	इन्दुमतिः		इन्दुमती
468	रावणस्य माता का आसीत्?	कैकसी		कैकेसी
469	जटायोः (गृद्धस्य) माता का आसीत्?	श्येनी		शेनी
470	मन्दोदर्याः मातुः किं नाम आसीत्?	हेमा		माया
471	विभीषणस्य माता का आसीत्?	कैकसी		कैकसी
472	खरस्य मातुः नाम किम्?	पुष्पोत्कटा		तडका
473	दूषणस्य मातुः नाम किम्?	वाका		केतुमती
474	मेघनादस्य मातुः नाम किम्?	मन्दोदरी		मन्दोदरी
475	मारीचस्य (राक्षसस्य) माता का आसीत्?	ताटका		ताडका
476	नलस्य (वानरस्य) माता का आसीत्?	घृताची		अञ्जना
477	लक्ष्मणस्य माता का आसीत्?	सुमित्रा		सुमित्रा
478	महर्षेः परशुरामस्य माता का आसीत्?	रेणुका		रेणुका
479	शत्रुघ्नस्य माता का आसीत्?	सुमित्रा		सुमित्रा
480	भरतस्य माता का आसीत्?	कैकेयी		कैकेयी
481	अङ्गदस्य मातुः नाम किमासीत्?	तारा		तारायाः
482	लवणासुरस्य माता का आसीत्?	कुम्भीनसी		मदिरा
483	शतानन्दस्य (जनकस्य पुरोहितस्य) मातुः नाम किमासीत्?	अहल्या		गौतमी
484	अकम्पनराक्षसस्य माता का आसीत्?	केतुमती		तडका
485	पूरोः माता का आसीत्?	शर्मिष्ठा		अरिष्टानेमी
486	इन्द्रस्य मातुः नाम किमासीत्?	अदितिः		अदिति
487	अतिकायस्य (रावणस्य पुत्रस्य) माता का आसीत्?	धान्यमालिनी		धन्या
488	कुबेरस्य माता का आसीत्?	देववर्णिनी		इडविडा
489	सुरसाया: मातुः नाम किमासीत्?	क्रोधवशा		सिंहिका
490	विराधराक्षसस्य मातुः नाम किमासीत्?	शतह्रदा		शठा
491	महोदरराक्षसस्य माता का आसीत् ?	पुष्पोत्कटा		शूर्पणखा
492	नागानां माता का आसीत्?	सुरसा		कद्रू
493	दुन्दुभिदैत्यस्य माता का आसीत्?	हेमा (अप्सराः)		दिति
494	महर्षेः दुर्वाससः मातुः नाम किम्?	अनसूया		अत्रि-पत्नी
495	सिंहिका राक्षसी कस्य माता आसीत्?	राहोः		सिंहिका राक्षसी शम्बुकस्य माता आसीत्
496	हनुमतः पिता कः आसीत्?	केसरी		वायुः
497	रावणस्य पिता कः आसीत्?	विश्रवाः		विश्रवा
498	ताटकाराक्षस्याः पितुः नाम किम्?	सुकेतुः		सुकेतु:
499	जटायोः पिता कः आसीत्?	अरुणः		अरुणः
500	जाम्बवतः पितुः नाम किम्?	गद्गदः		ऋक्षराजः
501	वालिनः पिता कः आसीत् ?	ऋक्षराजः		इन्द्रः
502	सुग्रीवस्य पितुः नाम किम् आसीत् ?	ऋक्षराजः		ऋक्षराजः
503	खरदूषणयोः पिता कः आसीत्?	विश्रवाः		विश्रवा:
504	नलस्य (वानरस्य) पिता कः आसीत् ?	विश्वकर्मा		विश्वकर्मा
505	नीलस्य (वानरस्य) पिता कः अस्ति ?	अग्निदेवः		अग्नि:
506	राज्ञः दशरथस्य पितुः नाम किम् आसीत् ?	अजः		अजः
507	अंगदस्य (वानरस्य) पिता कः आसीत् ?	वाली		वालिः
508	श्रीरामस्य, लक्ष्मणस्य, भरतस्य, शत्रुघ्नस्य च पिता कः आसीत् ?	दशरथः		दशरथः
509	मन्दोदर्याः पितुः नाम किम् आसीत् ?	मयः		मयः
510	(सती) सुलोचनायाः पिता कः आसीत् ?	वासुकिः (नागः)		सुमाली
511	महर्षेः परशुरामस्य पितुः नाम किं आसीत् ?	जमदग्निः		जमदग्निः
512	महर्षेः विश्वामित्रस्य पितुः नाम किं आसीत् ?	गाधिः		गाधिः
513	सुमालिनः (राक्षसस्य) पिता कः आसीत्?	सुकेशः		सुकेतुः
514	लवणासुरस्य पिता कः आसीत् ?	मधुुदैत्यः		मधु
515	शतानन्दस्य (जनकस्य पुरोहितस्य) पिता कः आसीत् ?	गौतमः		गौतमः
516	महाराजस्य गाधेः पितुः नाम किम् आसीत् ?	कुशनाभः		कुश
517	सुन्दस्य दैत्यस्य पिता कः आसीत् ?	जम्भः		जम्बवान्
518	वानरयूथपत्युः मारीचस्य पिता कः आसीत् ?	मरीचः		किशkind
519	उल्कामुखस्य अनङ्गस्य च (वानरयोः) पिता कः आसीत् ?	हुताशनः		ऋक्षराजः
520	महोदरस्य राक्षसस्य पिता कः आसीत् ?	विश्रवाः		सुमाली
521	मान्धातुः पितुर्नाम किमासीत्?	युवनाश्वः		यवनाश्वः
522	त्रिशिसस्य राक्षसस्य पिता कः आसीत्?	रावणः		रावणः
523	मांडव्याः श्रुतकीर्त्याः च पिता कः आसीत्?	कुशध्वजः		कुशध्वजः
524	राजा जनकस्य पिता कः?	ह्रस्वरोमा		ह्रस्वधनुः
525	ककुत्स्थस्य पितुः नाम कथयतु।	भगीरथः		दशरथः
526	कैकेय्याः पितुः नाम किमासीत्?	अश्वपतिः		अश्वपति:
527	अंशुमतः पिता कः आसीत्?	असमञ्जः		चन्द्रः
528	विराधराक्षसस्य पिता कः आसीत्?	जवः		तुम्बुरुः
529	जमदग्निऋषेः पिता कः आसीत्?	ऋचीकः		ऋचीकः
530	पूरोः पिता कः आसीत्?	ययातिः		दशरथः
531	नहुषस्य पिता कः आसीत् ?	आयुः		आयुस्
532	रघोः पिता कः आसीत् ?	दिलीपः		दिलीपः
533	कुबेरस्य पिता कः आसीत् ?	विश्रवाः		विश्रवा
534	ऋषेः दुर्वाससः पिता कः आसीत् ?	अत्रिः		अत्रि
535	त्रिशङ्कोः पिता कः आसीत् ?	पृथुः		सत्यव्रतः
536	स्वयंप्रभाया: पिता कः आसीत् ?	मेरुसावर्णिः		मेरु:
537	रावणस्य पितामहः कः आसीत् ?	पुलस्त्यः		पुलस्त्यः
538	श्रीरामस्य पितामहः कः आसीत् ?	अजः		अजः
539	सः कः वानरः आसीत्, यः वानराणाम् पितामहः आसीत् ?	सन्नादनः		रिक्षः
540	भरतस्य पत्न्याः किं नाम आसीत् ?	माण्डवी		मन्दोदरी
541	लक्ष्मणस्य पत्न्याः नाम किम् आसीत् ?	उर्मिला		उर्मिला
542	शत्रुघ्नस्य पत्न्याः किं नाम आसीत् ?	श्रुतकीर्तिः		श्रुतकीर्तिः
543	मेघनादस्य पत्नी का आसीत् ?	सुलोचना		सुलोचना
544	विभीषणस्य पत्न्याः किं नाम आसीत् ?	सरमा		सरमा
545	कुम्भकर्णस्य पत्न्याः किं नाम आसीत् ?	वज्रज्वाला		वज्रज्वला
546	शूर्पणखा कस्य पत्नी आसीत् ?	विद्युज्जिह्नस्य		विद्युत्जिह्वः
547	राज्ञः जनकस्य पत्न्याः किं नाम आसीत् ?	सुनयना		सूनया
548	कुशस्य पत्न्याः किं नाम आसीत् ?	चम्पका		कुमुद्वती
549	वालिनः पत्न्याः किं नाम आसीत् ?	ताराा		तारा
550	सुग्रीवस्य पत्न्याः किं नाम आसीत् ?	रूमा		रुमाः
551	अहल्या कस्य ऋषेः पत्नी आसीत्?	गौतमः		गौतमस्य
552	अत्रेः ऋषेः पत्नी का आसीत्?	अनसूूया		अनसूया
553	वसिष्ठस्य ऋषेः पत्नी का आसीत्?	अरुन्धतिः		अरुन्धती
554	जमदग्नेः ऋषेः पत्नी का आसीत्?	रेणुका		रेणुका
555	राज्ञः सगरस्य द्वितीयपत्न्याः किं नाम आसीत्?	सुमतिः		सुमतिः
556	महर्षेः कश्यपस्य पत्न्याः किं नाम आसीत्?	अदितिः		अदिति
557	महर्षेः विश्वामित्रस्य पत्नी का आसीत्?	सती		मेना
558	इक्ष्वाकोः पत्न्याः किं नाम आसीत्?	अलम्बुषा		मनुः
559	ऋषेः याज्ञवल्क्यस्य पत्न्याः किं नाम आसीत्?	मैत्रेयी		मैत्रेयी
560	राका, पुष्पोत्कटा बलाका च कस्य पत्न्यः आसन्?	विश्रवाः		रावणस्य
561	इन्द्रस्य पत्न्याः किं नाम आसीत्?	शची		शची
562	सुमतिः कञ्जानना च एषाम् कस्य पत्न्योः नामनी स्तः?	लवस्य	 लवस्य / कुशस्य / शत्रुघ्नस्य / चंद्रकेतोः	शत्रुघ्नस्य
563	चन्द्रमसः पत्न्याः किं नाम आसीत्?	रोहिणी		रोहिणी
564	हनुमतः पुत्रः एतेषु कः आसीत्?	मकरध्वजः	 कपिध्वजः / शतध्वजः / मकरध्वजः / सीरध्वजः	मकरध्वजः
565	लक्ष्मणस्य पुत्रः एतेषु कः आसीत्?	चन्द्रकेतुः	 लवः / चंद्रकेतुः / कुशः / सुमन्त्रः	चंद्रकेतुः
566	कुम्भकर्णस्य पुत्रः एतेषु कः आसीत्?	निकुुम्भः	 अक्षकुमारः / मेल्हः / मकराक्षः / निकुंभः	निकुंभः
567	भरतस्य पुत्रः एतेषु कः आसीत्?	तक्षः	 तक्षः / चंद्रकेतुः / कुशः / अंगदः	तक्षः
568	सम्पातेः पुत्रः एतेषु कः आसीत्?	सुपार्श्वः	 जटायुः / दीर्घायुः / चिरायुः / सुपार्श्वः	सुपार्श्वः
569	दशरथस्य पुत्री एतासु का आसीत्?	शान्ता	 सुयशा / सुनन्दा / शान्ता / सुनयना	शान्ता
570	विभीषणस्य पुत्री एतासु का आसीत्?	कला	 ललिता / कला / सुकन्या / मीनाक्षी	सुकन्या
571	शत्रुघ्नस्य पुत्रः एतेषु कः आसीत्?	सुबाहुः	 चन्द्रकेतुः / अङ्गदः / सुबाहुः / लवः	सुबाहुः
572	भरतस्य पुत्रः एतेषु कः आसीत्?	पुष्कलः	 अंगदः / कुशः / पुष्कलः / चंद्रकेतुः	पुष्कलः
573	मुनिवरस्य वसिष्ठस्य पुत्रः एतेषु कः आसीत्?	सुयज्ञः	 सुयज्ञः / आरुणिः / उपमन्युः / वेदः	सुयज्ञः
574	वालिनः पुत्री एतासु का आसीत्?	सुभद्रा	 सुभद्रा / लीलाक्षी / मीनाक्षी / सुहागी	सुभद्रा
575	लक्ष्मणस्य पुत्रः एतेषु कः आसीत्?	अङ्गदः	 कुशः / श्रीदाम / अङ्गदः / लवः	अङ्गदः
576	अतिकायः राक्षसः कस्य पुत्रः आसीत्?	रावणः		लङ्केशस्य
577	इन्द्रस्य सारथेः मातलिनः पुत्रः कः आसीत्?	गोमुखः		गुह्यकः
578	खरस्य राक्षसस्य पुत्रः एतेषु कः आसीत्?	मकराक्षः	 दूषणः / मकराक्षः / सुबाहुः / अङ्गारकः	मकराक्षः
579	शत्रुघ्नस्य पुत्रः एतेषु कः आसीत्?	शत्रुघाती	 शत्रुघाती / कुशः / चंद्रकेतुः / तक्षः	चंद्रकेतुः
580	नलकूबरः कस्य पुत्रः आसीत्?	कुबेरस्य		कुबेरस्य
581	त्रिशङ्कोः पुत्रः एतेषु कः आसीत्?	धुन्धुमारः	 अम्बरीषः / रोमपाद: / गयः / धुन्धुमारः	धुन्धुमारः
582	नारदः कस्य मानसपुत्रः आसीत्?	ब्रह्मणः		ब्रह्मणः
583	विश्वामित्रस्य पुत्रः एतेषु कः आसीत्?	हविष्यन्दः	 हविष्यन्दः / अङ्गदः / गन्धमादनः / कुशीनरः	कुशीनरः
584	भगीरथस्य पुत्रः एतेषु कः आसीत्?	ककुत्स्थः	 अज: / अंशुमान् / दिलीपः / ककुत्स्थः	अंशुमान्
585	रावणस्य मातामही एतासु का आसीत्?	केतुुमती	 केतुमती / कुंभीनसी / कैकसी / मंदोदरी	केतुमती
586	ताटका रावणस्य का आसीत्?	मातामही		भगिनी
587	रावणस्य मातामहः कः आसीत्?	पुलस्त्यः		सुमाली
588	भरतस्य मातुलः एतेषु कः आसीत्?	युधाजित्	 शेषः / मार्कंडेयः / युधाजित् / अश्वपतिः	युधाजित्
589	सुग्रीवस्य मातुलः एतेषु कः आसीत्?	दधिमुखः	 दधिमुखः / अग्निमुखः / अग्निवर्णः / अग्निकेतुः	दधिमुखः
590	श्रीरामस्य मातामहस्य किं नाम आसीत्?	भानुमान्		कुशध्वजः
591	भरतस्य मातामहस्य किं नाम आसीत्?	अश्वपतिः		अश्वपतिः
592	हनुमतः मातामहस्य किं नाम आसीत्?	कुञ्जरः		सुर्यः
593	अंगदस्य मातामहस्य किं नाम आसीत्?	तारा		वालि
594	मारीचः रावणस्य कः आसीत्?	मातुलः		मित्रम्
595	लवणासुरः रावणस्य कः आसीत्?	स्वस्रीयः		भ्राता
596	मेघनादस्य मातुलस्य किं नाम आसीत्?	दुन्दुभिः		शूर्पणखा
597	प्रहस्तः राक्षसः रावणस्य कः आसीत्?	मातुुलः		सेनापतिः
598	श्रवणकुमारस्य वधः कस्य हस्ताभ्याम् अभवत्?	दशरथस्य		दशरथस्य
599	जटायुः कस्य हस्तेन हतः आसीत्?	रावणस्य		रावणस्य
600	कौसल्यायाः मृत्युः कदा अभवत्?	श्रीरामस्य अश्वमेधयज्ञस्य समाप्तेः अनन्तरम्		अत्र रामायणस्य मूलपाठे कौसल्यायाः मृत्युः विषये स्पष्टं वर्णनं नास्ति
601	अशोकवाटिकायां हनूमतः कराभ्यां रावणस्य कः पुत्रः हतः आसीत्?	अक्षकुमारः		अक्षः
602	अयोध्यायाः राजा मान्धाता कस्य कराभ्यां हतः अभवत्?	लवणासुरस्य		रावणस्य
603	महर्षेः जमदग्नेः हत्यां कः अकरोत्?	सहस्रार्जुनः		रेणुकानन्दनः परशुरामः
604	लंकिनींं राक्षसींं कः मुष्टिप्रहारैः हतवान्?	हनुमान्		हनुमान्
605	वालिनः वधः कस्य कराभ्यां अभवत्?	श्रीरामस्य		रामस्य
606	मेघनादस्य वधं कः अकरोत्?	लक्ष्मणः		लक्ष्मणः
607	खरदूषणौ कः हतवान्?	श्रीरामः		रामः
608	रावणस्य वधं कः अकरोत्?	श्रीरामः		रामः
609	कुंभकर्णः कस्य कराभ्यां हतः आसीत्?	श्रीरामस्य		रामस्य
610	ताटकाराक्षस्याः वधं कः अकरोत्?	श्रीरामः		रामः
611	लवणासुरस्य वधः केन कृतः?	शत्रुघ्नेन		शत्रुघ्नः
612	सुबाहुः राक्षसः केन हतः?	श्रीरामेण		रामेण
613	मारीचः केन हतः?	श्रीरामेण		रामेण
614	कालनेमिः (राक्षसः) केन हतः?	हनुमता		हनुमता
615	सिंहिका राक्षसी केन हता?	हनुमता		हनुमता
616	शम्बूकस्य वधः केन कृतः?	श्रीरामेण		रामेण
617	दुंदुभिदैत्यः केन हतः?	वालिना		वालिनः
618	सुन्दं दैत्यं कः मुनिः शप्त्वा मारितवान्?	अगस्त्यः		अगस्त्यः
619	विराधराक्षसस्य वधः केन कृतः?	रामलक्ष्मणाभ्याम्		रामेण
620	अकम्पनः राक्षसः केन हतः?	हनुमता		हनुमता
621	अग्निकेतुः राक्षसः केन हतः आसीत् ?	श्रीरामेण		हनूमता
622	अतिकायः राक्षसः केन हतः आसीत् ?	लक्ष्मणेन		रामेण
623	प्रहस्तस्य वधं कः कृतवान्?	नीलः		हनुमान्
624	रावणस्य सेनापतिः प्रघसः केन हतः आसीत् ?	सुग्रीवेण		हनुमता
625	निकुम्भस्य वधं कः कृतवान्?	हनुमान्		हनुमान्
626	वृत्रासुरः केन हतः आसीत् ?	इन्द्रेण		इन्द्रेण
627	रावणस्य एकः सेनापतिः विरूपाक्षः केन हतः आसीत् ?	हनुमता		हनुमता
628	रावणस्य एकः सेनापतिः दुर्धरः केन हतः आसीत् ?	हनुमता		हनुमता
629	रावणस्य एकः सेनापतिः यूपाक्षः केन हतः आसीत् ?	हनुमता		हनुमता
630	रावणस्य एकः सेनापतिः भासकर्णः केन हतः आसीत् ?	हनुमता		हनूमता
631	शम्बरासुरं कोऽवधीत्?	इन्द्रः		रामः
632	रावणपुत्रं देवान्तकं कोऽवधीत्?	हनुमान्		हनुमान्
633	रावणपुत्रं नरान्तकं कोऽवधीत्?	अङ्गदः		हनुमान्
634	राक्षसप्रमुखं यज्ञकोपं कोऽवधीत्?	श्रीरामः		रामः
635	शम्बरदैत्यं कोऽवधीत्?	श्रीरामः		सुग्रीवः
636	सर्पास्यं राक्षसं कोऽवधीत्?	श्रीरामः		रामः
637	प्रहस्तपुत्रं जम्बुमालिनं कोऽवधीत्?	हनुमान्		हनुमान्
638	रश्मिकेतुं राक्षसं कोऽवधीत्?	श्रीरामः		रामः
639	रुधिराशनं राक्षसं कोऽवधीत्?	श्रीरामः		रामः
640	को देवः कामदेवं दग्ध्वा भस्मीकृतवान्?	शिवः		शिवः
641	त्रिपुरासुरस्य वधं कः कृतवान्?	शिवः		शिवः
642	खरस्य सखायं विहङ्गमराक्षसं कः हतवान् आसीत्?	श्रीरामः		रामः
643	मयराक्षसस्य वधं कः कृतवान्?	इन्द्रः		रामः
644	कबंधराक्षसं कः हतवान्?	वाली		रामः
645	राज्ञः सुधन्वनः वधं कः कृतवान्?	जनकः		रामः
646	परन्धाम गमनाय श्रीरामः कस्यां नद्यां जल-समाधिं स्वीकृतवान्?	सरयूनद्याम्		सरयू-नद्याम्
647	अयोध्यायाः प्रथमः राजा कः आसीत्?	इक्ष्वाकुः		मनुः
648	दशरथः कस्य राजा आसीत्?	अयोध्यायाः		अयोध्यायाः
649	रावणः कस्य राजा आसीत्?	लङ्कायाः		लंका
650	वाली (वानरः) कस्य राजा आसीत्?	किष्किन्धायाः		किष्किन्धायाः
651	जनकः कस्य राजा आसीत्?	मिथिलायाः		मिथिलायाः
652	लवः कस्य राजा आसीत्?	श्रावस्त्याः		अयोध्यायाः
653	कुशः कस्य राजा आसीत्?	कुशस्थल्याः		अयोध्यायाः
654	सहस्रार्जुनः कस्य राजा आसीत्?	माहिष्मत्याः		महिष्मती
655	निषादराजः गृहः कस्य राजा आसीत्?	शृङ्गवेरपुरस्य		गुहः
656	अलकापुर्याः राजा कः आसीत्?	कुबेरः		कुबेरः
657	पूरुः कस्य राजा आसीत्?	काश्याः		भरतस्य
658	काम्पिल्यस्य राजा कः आसीत्?	ब्रह्मदत्तः		केकयः
659	गयः, यः रावणस्य अधीनताम् अङ्गीकृतवान् आसीत्, सः कस्य राजा आसीत्?	गयायाः		निषादानाम्
660	लवणासुरः कस्य राजा आसीत्?	मधुुुपुरस्य		मधुमासुरस्य
661	लोमपादः कस्मिन् राज्ये राजा आसीत् ?	अङ्गदेशस्य		अङ्गराज्ये
662	अम्बरीषः कस्मिन् राज्ये राजा आसीत्?	अयोध्यायाम्		अयोध्यायाम्
663	प्राप्तिज्ञः कस्मिन् राज्ये राजा आसीत् ?	मगधे		लंका
664	कारुपथस्य राजा एतेषु कः आसीत्?	अङ्गदः	 चंद्रकेतुः / कुशः / अङ्गदः / भरतः	कुशः
665	अश्वपतिः कस्मिन् राज्ये राजा आसीत् ?	केकयराज्ये		अश्वपतिः मद्रराज्ये राजा आसीत्
666	भानुमान् कस्मिन् राज्ये राजा आसीत् ?	कोसले		किष्किन्धा
667	श्रीरामात् अनन्तरम् अयोध्यायाः राजा कः बभूव?	कुशः		भरतः
668	रावणात् पूर्वं लङ्कायाः राजा कः आसीत्?	कुबेरः		कुबेरः
669	रावणवधानन्तरं लङ्कायाः राजा कः बभूव?	विभीषणः		विभीषणः
670	वालिनः मृत्योः अनन्तरं किष्किन्धायाः राजा कः बभूव ?	सुग्रीवः		सुग्रीवः
671	सुग्रीवस्य पश्चात्किष्किन्धायाः राजा कः अभवत्?	अङ्गदः		वाली
672	लवणासुरस्य वधस्य पश्चात् मधुपुरस्य राजा कः अभवत्?	शत्रुघ्नः		मदनः
673	श्रीरामस्य अयोध्यायाः राजभवने  युवराजः कः अभवत्?	भरतः		श्रीरामः
674	श्रीरामः कस्य अंशावतारः आसीत्?	विष्णोः		विष्णोः
675	सीता कस्याः अवतारः आसीत्?	लक्ष्म्याः		लक्ष्मीः
676	रावणः कस्य अवतारः आसीत्?	हिरण्यकशिपोः		रावणः विश्रवसः पुत्रः आसीत् तथापि सः विश्रवसः तु पुलस्त्य मुनिः पुत्रः आसीत् तस्मात् रावणः पुलस्त्य मुनिः अंशः इति कथ्य
677	लक्ष्मणः कस्य अवतारः आसीत्?	शेषस्य		शेषनागः
678	हनुमान् कस्य अंशतः उत्पन्नः?	वायुदेवस्य		वायोः
679	श्रीरामे विष्णोः कियान् अंशः आसीत्?	अर्धांशः		अर्धांशः
680	लक्ष्मणे विष्णोः कियान् अंशः आसीत्?	अष्टमांशः		चतुर्थांशः
681	शत्रुघ्ने विष्णोः कियान् अंशः आसीत् ?	अष्टमांशः		षष्ठांशः
682	भरते कस्याः देवताया: चतुर्थांशः आसीत् ?	विष्णोः		धरण्याः
683	वानरवीराङ्गदः कस्य अंशतः जातः आसीत्?	बृहस्पतेः		वालिनः
684	राजा दशरथः कस्य अवतारः आसीत् ?	स्वयम्भुवमनोः		इन्द्रस्य
685	वाली कस्य अंशतः उत्पन्नः आसीत् ?	इन्द्रस्य		इन्द्रः
686	सुग्रीवः कस्य अंशतः जातः आसीत् ?	सूर्यस्य		सूर्यः
687	कपिलमुनिः कस्य अंशावतारः आसीत् ?	विष्णोः		विष्णोः
688	महर्षिः परशुरामः कस्य अंशावतारः आसीत् ?	विष्णोः		विष्णोः
689	वानरयूथपति: श्वेत: कस्य अंशतः जातः आसीत् ?	सूर्यस्य		चन्द्रस्य
690	केसरी (वानर:) कस्य अंशतः जातः आसीत् ?	वृहस्पतेः		वायोः
691	सुषेण: (वानरः) कस्यांशात् जातः आसीत्?	वरुणस्य		सुषेण: वानरः पर्वतांशात् जातः आसीत्
692	वानरयूथपतिः दधिमुखः कस्यांशः आसीत्?	चन्द्रमसः		सुग्रीवस्य
693	मैन्दः (वानरः) कस्यांशात् उत्पन्नः आसीत्?	अश्विनीकुमारयोः		अश्विनीकुमाराभ्याम्
694	गन्धमादनम् (वानरम्) कः स्वांशात् उत्पन्नवान्?	कुबेरस्य		कुबेरः
695	वानरयूथपतिः द्विविदः कस्यांशात् जातः आसीत्?	अश्विनीकुमारयोः		अश्विनीकुमारयोः
696	वानरयूथपतिः तारः कस्यांशात् जातः आसीत्?	बृहस्पतेः		बृहस्पतेः
697	वानरयूथपतिः ज्योतिर्मुखः कस्याः देवतायाः अंशात् उत्पन्नः आसीत्?	सूर्यस्य		सूर्यस्य
698	गजः, गवाक्षः, गवयः च (वानराः) - एते कस्य अंशात् जाताः?	यमराजस्य		सप्तर्षिः
699	वेगदर्शी (वानरः) कस्य अंशः आसीत्?	मृत्योः		गन्धर्वस्य
700	हेमकूटः (वानरः) कस्य अंशात् जातः आसीत्?	वरुणस्य		हेमकूटः सूर्यस्य अंशात् जातः आसीत्
701	एतेषु कः श्रीरामस्य सेनायै लङ्कां गन्तुं समुद्रे सेतुं निर्मितवान्?	नलः	 हनुमान् / अङ्गदः / नलः / जाम्बवान्	नलः
702	एतेषु कः रावणं पराजेतुं न अशकत् ?	कुबेरः	 वाली / सहस्त्रार्जुनः / श्रीरामः / कुबेरः	श्रीरामः
703	एतेषु कः राज्ञः दशरथस्य पुत्रेष्टियज्ञं कारितवान्?	ऋष्यशृङ्गः	 ऋष्यश्रृङ्गः / भरद्वाजः / विश्वामित्रः / अत्रिः	ऋष्यश्रृङ्गः
704	एतेषु कः ऋषिः राज्ञः दशरथस्य गुरुः तथा मन्त्री आसीत्?	जाबालिः	 जाबालिः / परशुरामः / भरद्वाजः / वाल्मीकिः	जाबालिः
705	लङ्कादाहनकाले एतेषु कस्य भवनं हनुमान् न प्राज्वालयत्?	विभीषणस्य	 सुषेणस्य / कुंभकर्णस्य / विभीषणस्य / प्रहस्तस्य	विभीषणस्य
706	एतेषु कः चिरञ्जीवी मन्यते?	हनुमान्	 अङ्गदः / हनुमान् / मेघनादः / लक्ष्मणः	हनुमान्
707	एतेषु कः चिरञ्जीवी न मन्यते?	अङ्गदः	 हनुमान् / विभीषणः / अङ्घदः / परशुरामः	अङ्घदः
708	एतेषु कं रावणः भर्त्सयित्वा लङ्कायाः विताडितवान्?	विभीषणम्	 प्रघसम् / प्रहस्तम् / विभीषणम् / मारीचम्	विभीषणम्
709	एतेषु कः भेदं गृहीतुं वानररूपं धृत्वा श्रीरामस्य वानरसेनां प्रविष्टवान्?	सारणः	 प्रहस्तः / अक्षः / निकुंभः / सारणः	सारणः
710	एतेषु कः श्रीरामस्य दूतो भूत्वा लङ्कां गतः?	अङ्गदः	 सुग्रीवः / हनुमान् / अङ्गदः / नलः	हनुमान्
711	एतेषु कः हास्यकारः आसीत् यः श्रीरामेण सह तस्य मनोरञ्जनाय आसीत्?	सुराजिः	 द्विविदः / मैन्दः / सुराजिः / तारः	माइन्दः
712	एतेषु कः वीरः श्रीरामस्य अश्वमेधयज्ञस्य अश्वं ग्रहीतुं साहसं कृतवान्?	लवः	 लवः / लवणासुरः / मेघनादः / सुबाहुः	लवः
713	एतेषु केन ऋषिणा सह विश्वामित्रस्य घोरं युद्धम् अभवत्?	वसिष्ठेन	 वसिष्ठेण / अगस्त्येन / अत्रिना / याज्ञवल्क्येन	वसिष्ठेण
714	एतेषु कः ऋषिः यः एकेन शरीरेण अयोध्यायां वसन् अपि द्वितीयशरीरेण सप्तर्षिमण्डले वसति स्म?	वसिष्ठः	 विश्वामित्रः / भरद्वाजः / वसिष्ठः / परशुरामः	वसिष्ठः
715	एतेषु कः एकस्याः मातुः जातः?	लक्ष्मणशत्रुघ्नौ	 रामलक्ष्मणौ / भरतशत्रुघ्नौ / रामभरतौ / लक्ष्मणशत्रुघ्नौ	लक्ष्मणशत्रुघ्नौ
716	एतेषु कौ यमलः जातः?	लवकुशौ	 रामलक्ष्मणौ / भरतशत्रुघ्नौ / रावणाहिरावणौ / लवकुशौ	भरतशत्रुघ्नौ
717	एतेषु कः अविवाहितः आसीत्?	हनुमान्	 जनकः / हनुमान् / सुग्रीवः / शत्रुघ्नः	हनुमान्
718	जटायोः भ्राता एतेषु कः?	सम्पातिः	 सम्पातिः / गरुडः / वासुकिः / मकराक्षः	सम्पातिः
719	एतेषु केन श्रीरामाय सीताहरणस्य वार्ता दत्ता आसीत्?	जटायुना	 हनुमता / जटायुना / अङ्गदेन / सुग्रीवेण	जटायुना
720	एतासु का आसीत् यस्याः उच्छिष्टानि बदरीफलानि श्रीरामेण खादितानि?	शबरी	 अहल्या / अनसूया / शबरी / त्रिजटा	शबरी
721	आदिकविः एतेषु कः कथ्यते?	वाल्मीकिः	 वाल्मीकिः / भवभूतिः / विश्वामित्रः / तुलसीदासः	वाल्मीकिः
722	एतेषु कस्य 'दशाननः' इति नाम आसीत्?	रावणस्य	 मेघनादस्य / विभीषणस्य / कुंभकर्णस्य / रावणस्य	रावणस्य
723	एतासु अयोनिजा का आसीत्?	सीता	 कौसल्या / सीता / अहल्या / सुलोचना	सीता
724	विदेहः एतेषु  कस्य नाम आसीत्?	जनकस्य	 दशरथस्य / विभीषणस्य / जनकस्य / शत्रुघ्नस्य	जनकस्य
725	एतेषु मुनिषु केन सह महर्षेः विश्वामित्रस्य भगिन्याः सत्यवत्याः विवाहः अभवत्?	ऋचीकेन	 वसिष्ठेण / ऋचीकेन / अत्रिना / भरद्वाजेन	ऋचीकेन
726	एतेषु कः गङ्गां पृथिव्यां आनयत्?	भगीरथः	 अंशुमान् / सगरः / असमञ्जः / भगीरथः	भगीरथः
727	राजा दशरथस्य मन्त्री एतेषु कः आसीत्?	अकोपः	 सञ्जयः / अकोपः / शतानन्दः / सुग्रीवः	शतानन्दः
728	देवतानां सेनापति: एतेषु कः अभवत्?	कार्तिकेयः	 गणेशः / अर्जुनः / भगीरथः / कार्त्तिकेयः	कार्त्तिकेयः
729	एतासु का राक्षसी राक्षसानां विनाशं श्रीरामस्य विजयं च स्वप्ने अद्राक्षीत्?	त्रिजटा	 त्रिजटा / सुरसा / ताटका / पूतना	त्रिजटा
730	एतेषु कस्य पुच्छे अग्निं आधाय राक्षसैः दण्डितं कृतम्?	हनुुमतः	 अङ्गदस्य / सुग्रीवस्य / नलस्य / हनुमतः	हनुमतः
731	एतेषु कः 'वैष्णवधनुषः' निर्माणमकरोत्?	विश्वकर्मा	 विश्वकर्मा / मयः / इन्द्रः / शिवः	विश्वकर्मा
732	एतेषु कः शिवधनुषः निर्माणमकरोत्?	विश्वकर्मा	 याज्ञवल्क्यः / परशुरामः / विश्वकर्मा / जनकः	विश्वकर्मा
733	एतेषु श्रीरामचरितमानसस्य रचयिता कः?	तुलसीदासः	 वाल्मीकिः / तुलसीदासः / भवभूतिः / विश्वामित्रः	तुलसीदासः
734	लक्ष्मणेन एतासु कस्याः राक्षस्याः नासिकाकर्णाः च छिन्नाः?	अयोमुख्याः	 लङ्किन्याः / अयोमुख्याः / प्रघसायाः / त्रिजटायाः	लङ्किन्याः
735	लक्ष्मणेन एतासु कस्याः राक्षस्याः नासिकाकर्णाः च न छिन्नाः?	त्रिजटायाः	 अयोमुख्याः / ताटकायाः / त्रिजटायाः / शूर्पणखायाः	त्रिजटायाः
736	एतासु का त्रयस्त्रिंशतः वैदिकदेवानां माता आसीत्?	अदितिः	 शतरूपा / अदितिः / अरुंधती / शची	अदितिः
737	एतेषु कः योद्धा आसीत्, यः गोचर्मनिर्मितहस्तकोषान् धृत्वा युद्धमकरोत्?	मेघनादः	 मेघनादः / प्रहस्तः / सुग्रीवः / वाली	मेघनादः
738	एतेषु कौ उभौ भ्रातरौ आस्ताम्, ययोः मुखाकृतिः समाना आसीत्?	वालिसुग्रीवौ	 रामलक्ष्मणौ / वालिसुग्रीवौ / खरदूषणौ / भरतशत्रुघ्नौ	वालिसुग्रीवौ
739	वैश्रवण: एतेषु कस्य नाम आसीत्?	कुबेरस्य	 कुबेरस्य / विश्वामित्रस्य / हनुमतः / जाम्बवतः	कुबेरस्य
740	कस्य पृष्ठे उपविश्य श्रीरामः रावणेन सह युद्धमकरोत्?	हनुमतः	 सुग्रीवस्य / नलस्य / हनुमतः / नीलस्य	हनुमतः
741	सिंधुजा एतासु कस्याः नाम अस्ति?	लक्ष्म्याः	 लक्ष्म्याः / सीतायाः / मंदोदर्याः / रूमायाः	लक्ष्म्याः
742	एतेषु कस्य स्तोत्रस्य रचना रावणेन कृता आसीत् ?	शिवताण्डवस्तोत्रस्य	 महिम्नस्तोत्रस्य / रामरक्षास्तोत्रस्य / शिवताण्डवस्तोत्रस्य / विष्णुमहिम्नस्तोत्रस्य	शिवताण्डवस्तोत्रस्य
743	एतेषु कस्य नाम 'एकाक्षपिंगली' अपि आसीत् ?	कुबेरस्य	 कुबेरस्य / विभीषणस्य / भरतस्य / शत्रुघ्नस्य	विभीषणस्य
744	एतासु का देवासुरसंग्रामे राज्ञा दशरथेन सह गता आसीत् ?	कैकेयी	 कौसल्या / सुमित्रा / कैकेयी / मन्थरा	कैकेयी
745	एतेषु कः 'वज्रङ्गबली' अपि उच्यते ?	हनुमान्	 सुग्रीवः / लक्ष्मणः / शिवः / हनुमान्	हनुमान्
746	एतेषु कः 'महादेवः' अपि उच्यते ?	शिवः	 गणेशः / शिवः / ब्रह्मा / विष्णुः	शिवः
747	प्लक्षः एतेषु कस्य मन्त्री आसीत् ?	सुग्रीवस्य	 रावणस्य / दशरथस्य / जनकस्य / सुग्रीवस्य	सुग्रीवस्य
748	एतेषु कः ऋषिः यः सदा वीणां धारयति ?	नारदः	 याज्ञवल्क्यः / नारदः / परशुरामः / धौम्यः	नारदः
749	एतेषु कः 'नारायण-नारायण' इति कथयन् त्रिषु लोकेषु भ्रमति ?	नारदः	 विश्वामित्रः / गौतमः / नारदः / दुर्वासा	नारदः
750	महर्षिं वाल्मीकिं 'रामायणस्य' रचनायै एतेषु कः उक्तवान् आसीत् ?	नारदः	 ब्रह्मा / श्रीरामः / शिवः / नारदः	नारदः
751	रावणस्य आराध्यदेवः एतेषु कः आसीत्?	शिवः	 शिवः / विष्णुः / इन्द्रः / ब्रह्मा	शिवः
752	विष्णोः अवतारः एतेषु कः अस्ति?	परशुरामः	 लक्ष्मणः / हनुमान् / परशुरामः / सुग्रीवः	परशुरामः
753	कस्याः नाम 'गिरिजा' अस्ति?	पार्वत्याः	 सीता / पार्वती / मंदोदरी / सुलोचना	पार्वती
754	एतेषु कः गायत्रीमन्त्रस्य रचनाम् अकरोत्?	विश्वामित्रः	 वाल्मीकिः / वसिष्ठः / भरद्वाजः / विश्वामित्रः	विश्वामित्रः
755	ऋक्षाणां अधिपः एतेषु कः आसीत्?	धूम्रः	 धूम्रः / धूम्राक्षः / धूम्रकेतुः / धूम्रसेनः	धूम्रः
756	रामरक्षास्तोत्रे एतेषु कस्य आराधना कृता अस्ति?	श्रीरामस्य	 शिवस्य / श्रीरामस्य / गणेशस्य / हनुमतः	श्रीरामस्य
757	विष्णोः वाहनं एतेषु किम्?	गरुडः	 उल्लूः / हिरणः / गरुडः / नन्दी	गरुडः
758	शिवस्य वाहनं एतेषु किम्?	नन्दी	 मूषः / नन्दी / मयूरः / शुकः	नन्दी
759	एतेषु कस्य वाहनं महिषः अस्ति?	यमराजस्य	 यमराजस्य / वरुणस्य / सूर्यस्य / वायोः	यमराजस्य
760	एतेषु कस्य वाहनं हंसः अस्ति?	सरस्वत्याः	 लक्ष्म्याः / सरस्वत्याः / विष्णोः / इन्द्रस्य	सरस्वत्याः
761	एतेषु कस्य वाहनं उलूकः (उल्लूकः) ?	लक्ष्म्याः	 इन्द्रस्य / लक्ष्म्याः / वरुणस्य / शनैश्चरस्य	शनैश्चरस्य
762	कार्त्तिकेयस्य वाहनं एतेषु किम्?	मयूरः	 मयूरः / मूषः / नन्दी / गरुडः	मयूरः
763	कामदेवस्य वाहनं एतेषु किम्?	शुकः	 हिरणः / मयूरः / कपोतः / शुकः	शुकः
764	एतेषु कः ऋषिः सप्तर्षिषु न स्वीकृतः?	याज्ञवल्क्यः	 जगदग्निः / याज्ञवल्क्यः / वसिष्ठः / कश्यपः	याज्ञवल्क्यः
765	एतेषु कः आदिराक्षसेषु अस्ति ?	हेतिः	 रावणः / सुन्दः / हिरण्यकशिपुः / हेतिः	हेतिः
766	एतेषु कस्मै देवाः रावणवधाय उपायं कर्तुं उक्तवन्तः आसन् ?	विष्णवे	 विष्णवे / इन्द्राय / दशरथाय / नारदाय	विष्णवे
767	राष्ट्रवर्द्धनः एतेषु कस्य मन्त्री आसीत् ?	दशरथस्य	 विभीषणस्य / जनकस्य / दशरथस्य / रावणस्य	रावणस्य
768	एतेषु कः लवकुशाभ्यां रामायणस्य काव्यस्य पारायणं कारितवान्?	वाल्मीकिः	 विश्वामित्रः / याज्ञवल्क्यः / वाल्मीकिः / वसिष्ठः	वाल्मीकिः
769	परंधामगमनसमये श्रीरामेण एतेषु कस्मै भूतले एव स्थातुं आदेशः दत्तः?	जाम्बवते	 मैन्दाय / नलाय / जाम्बवाते / सुग्रीवाय	सुग्रीवाय
770	ब्रह्मा एतेषु कस्य नाभिकमलात् उद्भूतः ?	विष्णोः	 शिवस्य / विष्णोः / अदितेः / लक्ष्म्याः	विष्णोः
771	एतेषु को देवः यः सृष्टिरचनायाः कार्यं करोति ?	ब्रह्मा	 इन्द्रः / शिवः / ब्रह्मा / विष्णुः	ब्रह्मा
772	एतेषु कः राक्षसः यः धर्मात्मा आसीत्?	विभीषणः	 महोदरः / विभीषणः / कुंभकर्णः / दूषणः	विभीषणः
773	एतेषु का देवता लङ्कायां सीतायै हविष्यान्नं भोजितवती?	इन्द्रः	 शनैश्चरः / सूर्यः / वरुणः / इन्द्रः	इन्द्रः
774	जाम्बवतः भ्राता एतेषु कः आसीत्?	धूूम्रः	 वज्रः / जृम्भः / धूम्रः / प्रहस्तः	जृम्भः
775	एतेषु कः षष्ठे अन्तरिक्षे निवसति?	गरुडः	 गरुडः / कुबेरः / कामदेवः / यमः	कुबेरः
776	एतेषु कः देवता रावणस्य भ्राता आसीत्?	कुबेरः	 वरुणः / वायुः / कुबेरः / यमः	कुबेरः
777	श्रीरामः एतेषु कं वानरं उक्तवान् यः कलियुगस्य समाप्तिं यावत् जीवेत्?	द्विविदम्	 अंगदम् / द्विविदम् / नलम् / हनुमन्तम्	हनुमन्तम्
778	एतेषु को देवः चतुरमुखः अस्ति?	ब्रह्मा	 इन्द्रः / विष्णुः / शिवः / ब्रह्मा	ब्रह्मा
779	एतेषु कः देवता त्रिनेत्रः अस्ति?	शिवः	 शिवः / वायुः / अग्निः / सूर्यः	शिवः
780	एतेषु कयोः भ्रात्रोः मध्ये वैरमासीत्?	वालिसुुग्रीवयोः	 रावणकुम्भकर्णयोः / वालिसुग्रीवयोः / खरदूषणयोः / जटायुसंपातयोः	वालिसुग्रीवयोः
781	एतेषु का सती कथ्यते?	सुलोचना	 अहल्या / मंदोदरी / श्रुतकीर्तिः / सुलोचना	अहल्या
782	पङ्क्तिरथः एतेषु कस्य नाम आसीत्?	दशरथस्य	 दशरथस्य / जनकस्य / गयस्य / विभीषणस्य	दशरथस्य
783	एतासु कस्याः गणना पञ्च कन्यासु भवति?	मन्दोदर्याः	 सुलोचनायाः / रूमायाः / मंदोदर्याः / उर्मिलायाः	मंदोदर्याः
784	एतासु का सा या अपरजन्मनि सीतायाः रूपेण जाता आसीत्?	वेदवती	 हेमा / वेदवती / अरुंधती / अनसूया	वेदवती
785	महेंद्रः एतेषु कः कथ्यते?	इन्द्रः	 शत्रुघ्नः / मेघनादः / इन्द्रः / हनुमान्	इन्द्रः
786	एतासु कस्याः पतिव्रतायाः अग्निपरीक्षा कृता आसीत्?	सीतायाः	 सुलोचनायाः / मंदोदर्याः / अहल्यायाः / सीतायाः	सीतायाः
787	एतेषु कस्मिन् ऋषौ प्रतिसृष्टेः सर्जनस्य क्षमता आसीत्?	विश्वामित्रे	 धौम्ये / जाबालौ / विश्वामित्रे / दुर्वाससे	विश्वामित्रे
788	एतेषु केषां भ्रातॄणां विवाहः समकालम् अभवत्?	चतुर्णाम्	 रामलक्ष्मणयोः / भरतशत्रुघ्नयोः / रामभरतयोः / चतुर्णाम्	चतुर्णाम्
789	एतेषु कस्य ऋषेः परामर्शेण राजा दशरथः पुत्रेष्टियज्ञमकारयत्?	वसिष्ठस्य	 वसिष्ठस्य / परशुरामस्य / याज्ञवल्क्यस्य / अत्रिणः	वसिष्ठस्य
790	एतासु का 'नागमाता' कथ्यते?	सुरसा	 सुरसा / सिंहिका / त्रिजटा / मन्दोदरी	सुरसा
791	एतेषु कस्य सूर्यवंशसम्बन्धः आसीत् ?	दशरथस्य	 जनकस्य / रावणस्य / दशरथस्य / सहस्रार्जुनस्य	दशरथस्य
792	एतेषु स कः राजा यः नक्षत्रत्वं प्राप्त्य आकाशे प्रकाशते ?	त्रिशङ्कुः	 त्रिशङ्कुः / दशरथः / गयः / अंशुमान्	त्रिशङ्कुः
793	एतेषु किं नाम यत् रावणस्य पुत्रस्य भ्रातुः च आसीत् ?	त्रिशिराः	 त्रिशिराः / मेघनादः / दूषणः / अक्षकुमारः	मेघनादः
794	उपेन्द्रः एतेषु कः उच्यते ?	लक्ष्मणः	 शत्रुघ्नः / लक्ष्मणः / भरतः / दशरथः	लक्ष्मणः
795	एतासु सा का महौषधिः या शरीरे प्रविष्टान् बाणादीन् निष्कास्य क्षतं पूरयति पीडां च हरति ?	विशल्यकरणी	 सावर्ण्यकरणी / विशल्यकरणी / सञ्जीवकरणी / सन्धानी	विशल्यकरणी
796	एतासु सा का महौषधिः या युद्धात् निस्तेजं शरीरं पुनः यथापूर्वं तेजः प्रयच्छति ?	सावर्ण्यकरणी	 सञ्जीवकरणी / सन्धानी / सावर्ण्यकरणी / विशल्यकरणी	विशल्यकरणी
797	एतासु सा का महौषधिः या मूर्छां दूरीकृत्य चेतनां प्रयच्छति?	सञ्जीवकरणी	 विशल्यकरणी / सावर्ण्यकरणी / सन्धानी / सञ्जीवकरणी	विशल्यकरणी
798	एतासु सा का महौषधिः या भिन्नानाम् अस्थ्नां संधाने युज्यते ?	सन्धानी	 सन्धानी / विशल्यकरणी / सञ्जीवकरणी / सावर्ण्यकरणी	विशल्यकरणी
799	श्रीरामः एतेषु कस्य परित्यागं कृतवान्?	लक्ष्मणस्य	 शत्रुघ्नस्य / भरतस्य / लवस्य / लक्ष्मणस्य	लक्ष्मणस्य
800	एतेषु कौ च द्वौ भ्रातरौ गांधर्वविद्यायाः तत्वज्ञौ आस्ताम्?	लवकुुशौ	 रामलक्ष्मणौ / वालिसुग्रीवौ / लवकुशौ / नलनीलौ	वालिसुग्रीवौ
801	वानरराजः एतेषु कः आसीत् ?	सुग्रीवः	 सुग्रीवः / हनुमान् / नलः / मैन्दः	सुग्रीवः
802	गृद्ध्रराजः एतेषु कः आसीत् ?	जटायुः	 जटायुः / हनुमान् / द्विविदः / गुहः	जटायुः
803	निषादराजः एतेषु कः आसीत् ?	गुहः	 गयः / सुमन्त्र / गुहः / सम्पातिः	गुः
804	एतासु का गन्धर्वराजस्य शैलूषस्य पुत्री आसीत् ?	सरमा	 ताटका / लङ्किनी / प्रघसा / सरमा	सरमा
805	रामायणस्य रचयिता कः आसीत् ?	वाल्मीकिः		वाल्मीकिः
806	वाल्मीकीयरामायणं कस्यां भाषायां विरचितम् अस्ति ?	संस्कृतभाषायाम्		संस्कृते
807	श्रीरामं, सीतां, लक्ष्मणं च वनवासाय अयोध्यायाः सीमापर्यन्तं त्यक्तुं कः गतवान् आसीत् ?	सुमन्त्रः		सुमन्त्रः
808	हनुमतः लङ्कागमनसमये सीतायै श्रीरामः कं वस्तु स्वपरिचयरूपेण दत्तवान् आसीत् ?	मुद्रिकाम्		अङ्गुलीयकम्
809	केन एतद् उक्तं यत् रावणस्य नाभौ अमृतं अस्ति इति, तत्पश्चात् श्रीरामः रावणं मारयितुम् अशक्नोत्?	विभीषणः		विभीषणः
810	संजीवनीभेषजस्य आनयनसमये हनुमन्तं मार्गे कः बाणेन प्रहृत्य पतितवान् ?	भरतः		इन्द्रजित्
811	सीताहरणस्यानन्तरं यदा श्रीरामलक्ष्मणौ सीतां अन्विष्यन्तौ आस्तां तदा मार्गे सीता रुपेण कः आसीत्?	सती		शबरी
812	कः स ऋषिः आसीत् यः श्रीरामं वनगमनात् विमुखं कर्तुं यतते स्म?	जाबालिः		वसिष्ठः
813	नासिका-कर्णयोः छेदनात् परं शूर्पणखा प्रथमतः कस्य भ्रातुः सकाशम् अगच्छत्?	खरस्य		राक्षसस्य
814	श्रीरामसीते वनवासाय प्रस्थानसमये स्वानि सर्वाणि बहुमूल्यवस्त्राभूषणानि कस्मै दत्तवन्तौ?	सुयज्ञाय		निषादराजाय
815	श्रीरामः यस्मिन् रथे स्थितः रावणेन युद्धं कुर्वन् आसीत् तं कः प्रेषितवान्?	इन्द्रः		इन्द्रः
816	रावणेन सह युध्यमानस्य श्रीरामस्य रथस्य सारथिः कः आसीत्?	मातलिः		मतङ्गः
817	रावणस्य अन्तिमसंस्कारं कः अकरोत्?	विभीषणः		विभीषणः
818	श्रीरामस्य वनवासात् प्रत्यागमनस्य सूचनां भरताय कः दत्तवान्?	हनुमान्		हनुमान्
819	ब्रह्मणः वरप्रार्थनसमये कुम्भकर्णस्य जिह्वायां का देवी आसीनासीत्?	सरस्वती		सरस्वती
820	लङ्कायाः गमनाय समुद्रे सेतुनिर्माणसमये श्रीरामः कस्य देवस्य आराधनां अकुरुत?	शिवस्य		शिवस्य
821	यस्मिन् दिवसे श्रीरामेण रावणः विजीतः तस्मिन् दिने का तिथि: आसीत् ?	दशमीतिथिः		विजयदशमी
822	राज्ञः दशरथस्य राज्ञीनां मध्ये ज्येष्ठा का आसीत् ?	कौसल्या		कौसल्या
823	यदा रावणः सीतायाः हरणं कृत्वा गच्छति स्म तदा मार्गे तस्य प्रतिरोधं कः वीरः अकरोत् ?	जटायुः		जटायुः
824	रावणस्य सः कः भ्राता यः श्रीरामस्य शरणं प्राप्तवान् ?	विभीषणः		विभीषणः
825	लङ्कां कः दग्धवान् ?	हनुमान्		हनुमान्
826	राक्षसेभ्यः यज्ञस्य रक्षणाय राजा दशरथात् श्रीराम-लक्ष्मणौ कः ऋषिः याचित्वा नीतवान् ?	विश्वामित्रः		विश्वामित्रः
827	अयोध्यायाः कुलगुरुः कः आसीत् ?	वसिष्ठः		वसिष्ठः
828	सीता स्वयंबरस्य कः मनोरथः आसीत् ?	शिवधनुषोत्तोलनम्		विवाहः
829	लंकां गत्वा सीतायाः सङ्केतं कः ज्ञातवान् ?	हनुमान्		हनुमान्
830	अयोध्यायां श्रीरामलक्ष्मणभरतशत्रुघ्नेभ्यः शस्त्रशास्त्रयोः शिक्षां कः अददात् ?	विश्वामित्रः		वसिष्ठः
831	दशरथः एतेषु कस्य वंशस्य आसीत् ?	रघुवंशस्य	 यदुवंशस्य / पूरुवंशस्य / कुरुवंशस्य / रघुवंशस्य	रघुवंशस्य
832	श्रीरामस्य जन्म कदा अभवत् ?	नवम्यां तिथौ		त्रेतायुगम्
833	श्रीरामलक्ष्मणभरतशत्रुघ्नेषु स्वस्य कोपी स्वभावेन कः प्रसिद्धः आसीत्?	लक्ष्मणः		लक्ष्मणः
834	सीतायाः स्वयंवरे यद् धनुः व्यवहृतं तत् कस्य आसीत्?	शिवस्य		शिवस्य
835	कः सः ऋषिः यः सीतायाः स्वयंवरे श्रीरामलक्ष्मणयोः च उपरि रुष्टः आसीत्?	परशुरामः		परशुरामः
836	लवकुशयोः गुरुः कः आसीत्?	वाल्मीकिः		वाल्मीकिः
837	अशोकवाटिकायां सीता हनूमते किम् वस्तु अभिज्ञानरूपेण अददात्?	चूडामणिः		चूडामणिः
838	महर्षिः वाल्मीकिः कस्य वंशे उत्पन्नः?	भृगोः		भृगुवंशे
839	त्रिजटा राक्षसी विभीषणस्य का आसीत्?	भगिनी		कन्या
840	लङ्कायाः निर्मितिः केन कृता?	विश्वकर्मणा		विभीषणेन
841	श्रीरामं वनात् अयोध्यां प्रतिनेतुं एतेषु कः न गतवान्?	दशरथः	 जनकः / भरतः / सुमन्त्रः / दशरथः	दशरथः
842	भरतः अयोध्यायाः सिंहासने श्रीरामस्य किं वस्तु स्थापयित्वा तस्य आगमनपर्यंतं राज्यं चालयामास?	पादुके		पदुकाः
843	सीतायाः सङ्केतप्राप्त्यर्थं लंकां गच्छते हनुमते कः पर्वतः स्वागतं व्याजहार ?	मैनाकः		मैन्दः
844	दशरथस्य तिस्रः राज्ञ्यः गर्भधारणाय कस्य वस्तुनः भक्षणं कृतवत्यः?	चरुः		पायसम्
845	श्रीरामलक्ष्मणाभ्यां बलातिबलयोः विद्यायोः ज्ञानं केन प्रदत्तम्?	विश्वामित्रेण		विश्वामित्रेण
846	शुनःशेपस्य रक्षा केन कृता?	विश्वामित्रेण		विश्वामित्रेण
847	सिद्धार्थः अयोध्यायां कस्मिन् पदे आसीत्?	मन्त्री		राजकुमारः
848	राज्ञः दशरथस्य सारथिः कः आसीत्?	सुमन्त्रः		सुमन्तः
849	सीतायाः हरणाय रावणः केन वेषेन आगच्छत्?	साधुवेशेन		भिक्षुरूपेण
850	राज्ञः दशरथस्य सा का राज्ञी या तेन सह युद्धेषु भागमगृह्णात्?	कैकेयी		कैकेयी
851	कुशनाभस्य पुत्र्यः कस्य क्रोधेन कुब्जाः जाता:?	वायोः		वायोः
852	वनवासकाले श्रीरामादिषु शृङ्गवेरपुरे प्राप्ते कः तेषां स्वागतं कृतवान्?	गुहः		गुहः
853	श्रीरामः लक्ष्मणसीताभ्यां सहितः वनवासाय केन वेषेण गतः?	तपस्विनः वेषेण		तपस्वी-वेषेण
854	रामायणे किष्किन्धाकाण्डात् परं किं काण्डम् आगच्छति?	सुन्दरकाण्डम्		सुन्दरकाण्डम्
855	सः कः राक्षसः यः रावणाय सिताहरणस्य मन्त्रणां कृतवान् आसीत्?	अकम्पनः		मारीचः
856	श्रीरामसीताभ्यां सह अन्यः कः वनम् अगच्छत्?	लक्ष्मणः		लक्ष्मणः
857	सम्पातेः (गृध्रस्य) पक्षौ कथं दग्धौ अभवताम्?	सूर्यस्य प्रखरकिरणैः		सूर्येण
858	प्रहस्तः कः आसीत्?	रावणस्य सेनापतिः		राक्षसः
859	महोदरः प्रहस्तः धूम्राक्षः मारीचः शुकः सारणः - एते सर्वे लङ्कायां केषु पदेषु स्थिताः आसन् ?	अमात्यपदे		मन्त्रिणः
860	लङ्कायाः गमनाय समुद्रे निर्मितः सेतुः केन निर्मितः आसीत्?	नलेन		हनुमता
861	ऋषेः भरद्वाजस्य गुरु: कः महर्षिः आसीत् ?	वाल्मीकिः		वाल्मीकि:
862	हनुमतः (लङ्कां गच्छतः)  बलं पराक्रमं च परिक्षितुं देवताः कं राक्षसीरूपेण मार्गे विघ्नमुत्पादयितुं प्रेषितवन्तः ?	सुरसा		सुरसा
863	सः कः राक्षसः यस्य मायया श्रीरामस्य कर्तितं शिरः दर्शयित्वा सीतां व्यकुलयितुं प्रयासम् अकरोत् ?	विद्युज्जिह्वः		मारिचः
864	सीताया: स्वयंवरे गच्छद्भ्यां श्रीरामलक्ष्मणाभ्यां सहितः कः ऋषिः आसीत्?	विश्वामित्रः		विश्वामित्रः
865	रामरक्षास्तोत्रस्य' रचना केन कृता?	विश्वामित्रेण		बुधकौशिक-मुनिना
866	तारकासुरेण सह देवतानां युद्धे देवतानां सेनापति: कः आसीत्?	कार्त्तिकेयः		कार्तिकेयः
867	देवतायाः चिकित्सकः कः आसीत्?	अश्विनिकुमारौ		धन्वन्तरिः
868	पुष्पकविमानस्य निर्माणं केन कृतम्?	विश्वकर्मणा		विश्वकर्मणा
869	रावणस्य शरीरं कस्य वर्णस्य आसीत्?	कृष्णवर्णस्य		श्यामम्
870	श्रीरामस्य शरीरस्य वर्णः कः आसीत्?	नीलः		पीतः
871	लक्ष्मणस्य शरीरं कस्य वर्णस्य आसित् ?	गौरवर्णस्य		स्वर्णवर्णम्
872	भरतस्य शरीरं कस्य वर्णस्य आसित् ?	नीलवर्णस्य		पीतवर्णम्
873	श्रीरामस्य आज्ञया सीतां वने त्यक्तुं कः गतः ?	लक्ष्मणः		लक्ष्मणः
874	देवतानां गुरु: कः आसीत् ?	बृहस्पतिः		बृहस्पतिः
875	असुराणां गुरु: कः आसीत् ?	शुक्राचार्यः		शुक्रः
876	रावणः तथा मान्धाता इत्यनयोः मध्ये  शान्तिं स्थापयितुं कः महर्षिः मध्यस्थतां कृतवान्?	गालवः		अगस्त्यः
877	गाधेः जन्म कस्य यज्ञस्य करणात् अभवत् ?	पुत्रेष्टियज्ञस्य		कुशयज्ञस्य
878	मेघनादेन प्रयुक्तेन नागपाशेन बद्धौ श्रीरामलक्ष्मणौ कः मुक्तवान्?	गरुडः		गरुडः
879	विष्णुः वामनरूपेण कस्य गर्भात् जातः?	अदितेः		अदित्याः
880	रामादिषु चतुर्षु भ्रातृषु द्वितीयः कः आसीत्?	भरतः		भरतः
881	म्लेच्छानां उत्पत्तिः कुतः अजायत?	कामधेनोः रोमकूपात्		म्लेच्छानां उत्पत्तिः रामायणस्य उत्तरकाण्डे वर्णिता अस्ति रावणस्य वधात् अनन्तरं रावणस्य पत्नी मन्दोदरी एवं अन्याः राक्षस्यः दुःखिता: आसन् तदनन्तरं
882	हनुमन्तं प्रथमतः कः रावणस्य पुरतः नीतवान्?	मेघनादः		मेघनादः
883	ऋक्षबिले (गुहायां) हनुमदङ्गदादिभिस्सह कस्य साक्षात्कारः अभवत्?	स्वयंप्रभायाः		संपातिः
884	वनवासकाले श्रृङ्गवेरपुरे श्रीरामस्य पादौ कः प्राक्षालयत्?	केवटः		गुहः
885	गायत्रीमन्त्रे कस्य देवस्य आराधना अस्ति?	सूर्यस्य		सवितुः
886	पञ्चवट्यां सीताया: कुट्याः पुरतः रेखां कः अलिखत्?	लक्ष्मणः		लक्ष्मण:
887	कः स ऋषिः यः 'मरा-मरा' इति जपं कृत्वा तपः अकरोत्?	वाल्मीकिः		वाल्मीकिः
888	लोकपालानां गजाः किम् उच्यन्ते?	दिग्गजाः		दिग्गजाः
889	दशरथः कस्मै नृपतये स्वपुत्रीं पोष्यपुत्रिकारूपेण अयच्छत्?	रोमपादाय		लोपामुद्रायै
890	यदा श्रीरामः स्वर्णमृगं बाणेन हत्वा पातितवान् तदा तस्य मुखात् विलापस्वरेण किम् निर्गतम्?	हा लक्ष्मण!		लक्ष्मणः
891	भरतस्य कः मंत्री श्रीरामस्य वनवासात् अयोध्याप्रत्यागमने तेषां स्वागतं कर्तुं गतः आसीत्?	अर्थसाधकः		सुमन्त्रः
892	महर्षये वाल्मीकये रामकथां कः श्रावितवान्?	नारदः		नारदः
893	रभसनामकं यौद्धिकविधिं श्रीरामः कस्मात् अधिगतवान् आसीत्?	विश्वामित्रात्		विश्वामित्रः
894	प्राजापत्यपुरुषेण प्रदत्तस्य चरोः कियन्तम् अंशं दशरथः कौसल्यायै दत्तवान्?	अर्धांशम्		अर्धम्
895	प्राजापत्यपुरुषेण प्रदत्तस्य चरोः कियन्तम् अंशं दशरथः कैकैय्यै दत्तवान्?	चतुर्थांशम्		द्वौ
896	प्राजापत्यपुरुषेण प्रदत्तस्य चरोः कियन्तम् अंशं दशरथः सुमित्रायै दत्तवान्?	चतुुर्थांशम्		एकः अंशः
897	काकभुशुण्डिः पूर्वजन्मनि कः आसीत्?	ब्राह्मणः		कौशिकः
898	श्रीरामस्य वनवासकालीनकथा रामायणस्य कस्मिन् काण्डे अन्तर्भवति?	अरण्यकाण्डे		अयोध्याकाण्डे
899	ताटका (राक्षसी) राक्षसीभवनात् पूर्वं का आसीत्?	यक्षिणी		कन्या
900	सनाभः' इति कस्य पर्वतस्य एकं नाम अस्ति?	मैनाकस्य		सुमेरुः
901	कः ऋषिः सीतायाः शुद्धतायाः प्रतिज्ञां कृतवान्?	वाल्मीकिः		वसिष्ठः
902	रावणस्य भ्रातृषु कनिष्ठः कः आसीत्?	विभीषणः		विभीषणः
903	श्रीरामसहितेषु सर्वेषु भ्रातृषु कनिष्ठः कः आसीत्?	शुत्रुघ्नः		श्रीरामसहितेषु सर्वेषु भ्रातृषु कनिष्ठः शत्रुघ्नः आसीत्
904	श्रीरामस्य सभायां कः रामायणस्य गानम् अकरोत्?	लवकुशौ		वाल्मीकिः
905	राज्ञः दशरथस्य राज्ञी कैकेयी कस्य वर्णस्य आसीत्?	क्षत्रीयवर्णस्य		श्यामः
906	रामायणस्य प्रमुखः नायकः कः?	श्रीरामः		रामः
907	पञ्चवट्यां प्रवेशकाले श्रीरामलक्ष्मणसीताभिः च सह कः अन्यः आसीत्?	जटायुः		कपटरूपिणी-शूर्पणखा
908	कुबेराय पुष्पकविमानं कः दत्तवान्?	ब्रह्मा		ब्रह्मा
909	शूरसेनजनपदं कः संस्थापितवान्?	शत्रुघ्नः		शूरसेनः
910	गङ्गायाः पारं गत्वा सीता केवटाय भाटकरूपेण किं दातुम् इष्टवती यत् केवटः स्वीकर्तुं प्रत्याख्यातवान्?	मुद्रिका		अङ्गुलीयकम्
911	बरवै रामायणस्य' रचनां कः अकरोत् ?	तुलसीदासः		वालेक्यः
912	हहा हूहू च कौ आस्ताम्?	गन्धर्वौ		राक्षसौ
913	अनलः, अनिलः, हरः, सम्पातिः च एते कस्य मन्त्रिणः आसन्?	विभीषणः		रावणस्य
914	सर्वतापनः कस्य नाम अस्ति?	सूर्यस्य		रावणस्य
915	हनुमन्तं समुद्रस्य लङ्घनाय कः प्रेरितवान्?	जाम्बवान्		जाम्बवान्
916	लंकाक्रमणाय समुद्रे सेतुं बन्धयितुं वानरैः शिलासु कः शब्दः लिखितः?	रामः		राम
917	अशोकवाटिकायां हनुमान् किंकरनामकान् यान् राक्षसान् हतवान्, तान् कः प्रेषितवान्?	रावणः		रावणः
918	कृष्णमुखवानराणां यूथपतिः कः आसीत्?	गवाक्षः		सुग्रीवः
919	वानराणाम् उत्पत्तिः केभ्यः अभवत्?	देवताभ्यः गन्धर्वेभ्यश्च		देवेभ्यः
920	राज्ञः दशरथस्य पुत्र्याः विवाहः केन अभवत्?	ऋष्यशृङ्गेण		रामेण
921	सीता-हरणकाले प्रकृतायाः सीतायाः स्थाने मायया निर्गतायाः सीतायाः सृष्टिः केन कृता आसीत्?	अग्निना		इन्द्रजालेन
922	शुकसारणौ च लङ्कायां कस्मिन् पदे आसाताम् ?	अमात्यपदेे		दूतौ
923	महोदरः राक्षसः रावणस्य कः आसीत् ?	भ्राता		भ्राता
924	यदा सूर्यं ग्रहीतुं हनुमान् अप्लवत तदा कः ग्रहः सूर्ये ग्रहणं सम्पादयितुम् इच्छति स्म ?	राहुः		राहुः
925	सः कः ऋषिः यः रामायणस्य अधिकांशघटनानां पूर्वं दर्शनम् अकरोत्?	वाल्मीकिः		वाल्मीकि
926	विजयादशम्या पर्व कस्य मासस्य कस्यां तिथौ आचर्यते?	आश्विनशुक्लदशम्याम्		आश्वयुजस्य दशम्या तिथौ
927	श्रीरामेण सेतुबंधकाले रामेश्वरस्य स्थापनं मासस्य कस्यां तिथौ कृतम् आसीत्?	ज्येष्ठशुक्लदशम्याम्		शिवरात्रिः
928	शत्रुघ्नस्य जन्म कस्मिन् नक्षत्रे अभवत् ?	आश्लेषा		अश्लेषा
929	का देवता 'काशीनाथः' कथ्यते?	शिवः		शिवः
930	राज्ञः दशरथस्य मृत्युवृत्तान्तः भरताय केन उक्तः आसीत् ?	कैकेय्या		वासिष्ठेन
931	राज्ञः दशरथस्य मृत्योरनन्तरं कस्यचित् राजपुत्रस्य अनुपस्थितेः कारणात्, तस्य शवः कस्मिन् तरलद्रव्ये निमज्य स्थापितः आसीत्?	तैले		तैले
932	विश्वामित्रं 'महर्षिः' इति उपाधिना कः देवः विभूषितवान्?	ब्रह्मा		ब्रह्मा
933	लवणासुरस्य वधाय श्रीरामः कम् प्रेषितवान्?	शत्रुघ्नम्		शत्रुघ्नम्
934	शुक्राचार्यस्य सर्वं शिल्पवैभवं प्राप्तुं मयासुरः कस्य तपः अकुरुत?	ब्रह्मणः		शिवस्य
935	रावणस्य कस्मिन्नङ्गे अमृतमासीत्?	नाभौ		नाभौ
936	ऋक्षराजस्य वानरस्य जन्म ब्रह्मणः कस्मात् अङ्गात् जातः आसीत्?	नेत्रात्		स्वेदात्
937	कः वामनरूपं धृत्वा राजानं बलिनः त्रिपदपरिमितां भूमिं दानरूपेण याचितवान्?	विष्णुः		वामनः
938	श्रीरामेण सुग्रीवस्य परिचयः केन कारितः?	हनुमता		हनूमता
939	बर्बरजातीयाः जनाः महर्षेः वसिष्ठस्य धेनोः कस्मात् अङ्गात् अजायन्त?	ऊधसः		उदरात्
940	श्रीरामाय ब्रह्मणः एषः संदेशः केन श्रावितः यत् तस्य (रामस्य) जीवनावधिः समाप्तः अस्ति, अतः स्वर्गलोकं प्रत्यागच्छतु?	कालः		कालेः
941	सुतीक्ष्णः मुनिः कस्य शिष्यः आसीत् ?	अगस्त्यस्य		अगस्त्यस्य
942	कः ऋषिः श्रीरामाय स्वार्जितं ब्रह्मलोकं स्वर्गं च दातुं ऐच्छत, यत् सः न स्वीकृतवान्?	शरभङ्गः		दुर्वासा
943	लंकायाः राजपदे विभीषणस्य राज्याभिषेकं कः अकरोत्?	लक्ष्मणः		रामः
944	जटायोः (गृद्ध्रस्य) दाहसंस्कारं कः अकरोत्?	श्रीरामः		रामः
945	वनवासकाले सीतायै दिव्यं हारं वस्त्राभरणं अंगरागं च कः प्रदत्तवान्?	अनसूया		अनसूया
946	सीता स्वयंवरे यस्य धनुषः प्रयोगः कृतः, तत् राज्ञे जनकाय कः अददात्?	वरुणः		शिवः
947	दण्डकवने श्रीरामं,सीतां लक्ष्मणं च कः राक्षसः आक्रमणं अकरोत्?	विराधः		शूर्पणखा
948	यः समुदायः ब्रह्मणः नखात् उत्पन्नः इति उच्यते, सः ऋषिणां समुदायः किम् उच्यते?	वैखानसः		भृगु
949	यः समुदायः ब्रह्मणः रोमात् प्रकटितः इति उच्यते, सः महर्षिणां समुदायः कः उच्यते?	वालखिल्यः		भृगवः
950	यः समुदायः पर्णानि खादति, सः मुनीनां समुदायः किं कथ्यते?	पत्राहारः		वल्खिल्याः
951	कण्ठपर्यन्तं जलमध्ये निमज्य तपः कुर्वन्तः ऋषयः किमुच्यन्ते?	उन्मञ्जकाः		जलतपसः
952	ये केवलं जलं पित्वा जीवितमाचरन्ति सः ऋषिसमूहः किमुच्यते?	सलिलाहारः		वाताशनः
953	वायुमेव पीत्वा जीवनं कुर्वन्तः ऋषयः किमुच्यन्ते?	वायुभक्षः		प्राणाहाराः
954	निरन्तरं जपं कुर्वन् ऋषिसमूहः किमुच्यते?	सजपः		वालयः
955	गृष्मकाले उपरिष्टात् सूर्यस्य, चतुर्भ्यः दिग्भ्यः च अग्नेः तापं सहमानाः ऋषयः किमुच्यन्ते?	पञ्चाग्निसेवी		पञ्चतपः
956	संपातये सीताहरणस्य सूचनां कः दत्तवान्?	सुपार्श्वः		जटायुः
957	राज्ञः दशरथस्य दाहसंस्कारकाले तस्य परिवारस्य का स्त्री न आसीत्?	सीता		कैकेयी
958	यदा लक्ष्मणः किष्किन्धापुरिं गत्वा सुग्रीवे क्रुद्धः आसीत् तदा सुग्रीवः तं शमयितुं कं प्रेषितवान्?	ताराम्		ताराम्
959	राजा निमिः कस्य पूर्वजः अस्ति?	जनकस्य		जनकस्य
960	नाभागः कस्य पूर्वजः अस्ति?	दशरथस्य		ऋषभस्य
961	दशरथस्य का राज्ञी रुष्टा भूत्वा कोपगृहं गतवती आसीत्?	कैकेयी		कैकेयी
962	श्रीरामसीतालक्ष्मणानां वनगमनादनन्तरं तेषां संदेशं दशरथाय कः उक्तवान्?	सुमन्त्रः		गुहः
963	लंकां प्राप्त्वा हनुमान् रावणं प्रथमतः कस्यां परिस्थितौ दृष्टवान्?	शयानम्		रावणं प्रथमतः मन्त्रिसभायां दृष्टवान्
964	हनुमान् लंकां प्राप्य सीतां कथम् अन्विष्टवान्?	आभूषणैः		हनुमान् लंकां प्राप्य सीतां विविधेषु उद्यानेषु, राजभवनेषु च अन्विष्टवान्
965	मरीचिः, अत्रिः, अंगिराः, पुलस्त्यः, पुलहः ऋतुः च एते के?	प्रजापतयः		सप्तर्षयः
966	चित्रकूटं प्राप्य श्रीरामादिभिः कस्य ऋषेः दर्शनं कृतम्?	वाल्मिकेः		अत्रिगुरोः
967	वनवासाय प्रयाणकाले लक्ष्मणं कः उपदिष्टवान्?	सुमित्रा		सुमन्त्रः
968	राज्ञः दशरथस्य कः मन्त्री अर्थशास्त्रज्ञः आसीत्?	सुमन्त्रः		सुमन्त्रः
969	वसिष्ठात् अतिरिच्य कः ऋषिः राज्ञः दशरथस्य ऋत्विक् आसीत्?	वामदेवः		वामदेवः
970	राज्ञः दशरथस्य मुख्यपत्नी का आसीत्?	कौसल्या		कौसल्या
971	राक्षसानां निर्दलनाय शंकरस्य प्रेरणया देवाः कस्य समीपं गताः ?	विष्णोः		ब्रह्मणः
972	मूर्च्छितस्य लक्ष्मणस्य कृते विशल्यकरणी, सावर्ण्यकरणी, सञ्जीवकरणी, सन्धानी च नामकाः महौषधीः कः आनीतवान् ?	हनुमान्		हनुमान्
973	ते काष्ठनिर्मिताः सेतवः के उच्यन्ते यान् आवश्यकतानुगुणं यन्त्रैः पात्यन्ते स्म?	सङ्क्रमाः	 	नलसेतवः
974	तक्षकनागस्य शरीरस्य वर्णः कः आसीत् ?	रक्तवर्णः		हरितः
975	वानराणां गजैः सह केन कारणेन वैरम् आसीत्?	गजस्य रूपं धृत्वा आगतं शम्बसादनराक्षसः वानरराजेन केसरिणा हतः अतः		भक्ष्ये
976	दूषणः कस्य सेनापतिः आसीत्?	खरस्य		रावणस्य
977	वनवासतः अयोध्यायाः प्रत्यागमनकाले श्रीरामः कं दूतरूपेण भरतस्य समीपं प्रेषितवान्?	हनुुमन्तम्		हनूमन्तम्
978	संपातिं जटायुोः हत्यायाः समाचारं कः अकथयत्?	अङ्गदः		रामः
979	राज्ञः जनकस्य पक्षतः श्रीरामस्य विवाहार्थं निमन्त्रणाय राजानं दशरथं प्रति कः गतः?	शतानन्दः		शतानन्दः
980	लङ्कायाः आक्रमणाय सेतुबंधनसमये शिवलिङ्गं कः अस्थापयत्?	श्रीरामः		रामः
981	रावणेन सह संग्रामे विजयाय श्रीरामं 'आदित्यहृदयं' पठितुं कः ऋषिः उक्तवान्?	अगस्त्यः		अगस्त्यः
982	यस्मिन् गृहे चत्वारि द्वाराणि चतुर्षु दिक्षु एकैकम् अस्ति,चतुर्भिः शालाभिः युक्तं तत् गृहं किम् उच्यते ?	सर्वतोभद्रम्		चतुष्शाला
983	यस्मिन् गृहे त्रीणि एव द्वाराणि सन्ति, पश्चिमदिशि च द्वारं नास्ति, तत् किम् उच्यते?	नन्द्यावर्तम्		शालाकिन्
984	यस्मिन् गृहे दक्षिणां दिशं व्यतिरिक्तम् अन्यासु त्रिषु दिक्षु द्वाराणि सन्ति, तत् किम् उच्यते?	वर्धमानम्		वास्तुपुरुषः
985	यस्मिन् गृहे केवलं पूर्वदिशायां द्वारं भवति, अन्यासु त्रिषु दिशासु न भवन्ति, तत् किं उच्यते?	स्वास्तिकम्		एकशाला
986	सर्पाणां फणेषु दृश्यमाना नीला रेखा किं उच्यते?	स्वास्तिकम्		इन्द्रनीलः
987	तत् फलकं, यत्र द्युतक्रीडनकं विस्तृतं क्रीडितं वा भवति, तत् किं उच्यते?	द्युतफलकम्		अक्षपटः
988	रौद्रः, सार्पः, मैत्रः, चैत्रः, वासवः, आप्यः, वैश्वः, ब्राह्मः, प्राजः, ईशः, पेन्द्रः, ऐन्द्रान्नः, नैऋतः, वारुणार्यमणः, भगी - एते के सन्ति?	मुहूर्ताः		मासाः
989	अन्तःपुरस्य अध्यक्षः किम् उच्यते?	अन्तर्वेशिकः		प्रमुखः
990	दौवारिकाणां कर्तव्यानां निर्देशकारी अधिकारीं कः उच्यते?	प्रदेष्टा		द्वारपालः
991	आवहः, प्रवहः, संवहः, उद्वहः, विवहः, परिवहः, परावहः च एते के सन्ति?	मरुतः		वायवः
992	का चतुरङ्गिणी सेना इति उच्यते?	यस्यां हस्थ्यश्वरथपदातिकाः अङ्गत्वेन भवन्ति		चतुरङ्गिणी सेना इति उच्यते या सेना चतुरङ्गयुक्ता अस्ति तानि चतुरङ्गानि सन्ति – हस्ति (गजः), अश्व (घटः), रथः, पदातिः (पदात
993	द्वात्रिंशत् सेरपरिमितः मापः किं कथ्यते?	द्रोणः		अधकः
994	उभयोर्भुजयोः प्रसारणे एकस्य हस्तस्य अङ्गुलीनां शीर्षस्थानात् अपरस्य हस्तस्य अङ्गुलीनां शीर्षस्थानं यावत् दूरत्वं किं कथ्यते?	व्यामः		आयामः
995	प्राणत्यागाय क्रियमाणम् अनशनं किं उच्यते?	प्रायोपवेशनम्		प्रायोपवेशनम्
996	महिरावणः (अद्भुतरामायणानुसारम्) रावणस्य कः भवति?	पुत्रः		भ्राता
997	श्रीरामस्य अश्वमेधयज्ञे सीतायाः स्थाने या प्रतिमा श्रीरामस्य पत्नी रूपेण स्थापिता, सा केन धातुना निर्मिता आसीत्?	स्वर्णेन		स्वर्णम्
998	गन्धर्वराजः शैलूषः विभीषणस्य कः आसीत्?	श्वशुरः		मित्रम्
999	भरतशत्रुघ्नयोः श्वशुरः कः आसीत्?	कुशध्वजः		कुशध्वजः
1000	मुक्तः, अमुक्तः, मुक्तामुक्तः तथा मन्त्र्मुक्तः एते चत्वारः भेदाः कस्य वेदस्य सन्ति?	धनुर्वेदस्य		अथर्ववेदस्य
