ID	QUESTION	ANSWER	CHOICES	gpt-4o	gpt-4o_maxd	gpt-4o_paths
1001	तृणधान्यम् कस्य पर्यायः अस्ति	क्षुद्रधान्यम्	क्षुद्रधान्यम् / धान्यम् / शाकम् / व्रीहिधान्यम्	क्षुद्रधान्यम्	1	(:Dhaanya {'lemma': क्षुद्रधान्य})<-[:IS_SYNONYM_OF]-({'lemma': तृणधान्य}); (:Kshudra_dhanya {'lemma': तृणधान्य})-[:IS_SYNONYM_OF]->({'lemma': क्षुद्रधान्य}); (:Kshudra_dhanya {'lemma': तृणधान्य})-[:IS_SYNONYM_OF]->({'lemma': क्षुद्रधान्य}); (:Dhaanya {'lemma': धान्य})<-[:IS_TYPE_OF]-({'lemma': क्षुद्रधान्य})
1002	कृष्णतण्डुलः कस्य पर्यायः अस्ति ? 	शालामुखः	कृष्णः / जतुमुखः / व्रीहि / शालामुखः	शालामुखः	1	(:Vriihi_dhanya {'lemma': जतुमुख})-[:IS_TYPE_OF]->({'lemma': व्रीहि}); (:Vriihi_dhanya {'lemma': जतुमुख})-[:IS_TYPE_OF]->({'lemma': व्रीहि}); (:Vriihi_dhanya {'lemma': कृष्णतण्डुल})-[:IS_SYNONYM_OF]->({'lemma': शालामुख})
1003	वनमुद्गः कस्य पर्यायः ? 	मकुष्ठकः	मुद्गः / माषः / क्षुद्रधान्यम् / मकुष्ठकः	मकुष्ठकः	1	
1004	शालिधान्यस्य प्रकाराः के सन्ति	रक्तशालिः + कलमः + पाण्डुकः + शकुनाहृतः + सुगन्धकः + कर्दमकः + महाशालिः + दूषकः + पुष्पाण्डकः + पुण्डरीकः + महिषमस्तकः + दीर्घशूकः + काञ्चनकः + हायनः + लोध्रपुष्पक		रक्तशालिः, कर्दमकः, दूषकः	1	(:Shaali_dhanya {'lemma': शालिधान्य})<-[:IS_TYPE_OF]-({'lemma': रक्तशालि}); (:Shaali_dhanya {'lemma': शालिधान्य})<-[:IS_TYPE_OF]-({'lemma': रक्तशालि}); (:Shaali_dhanya {'lemma': शालिधान्य})<-[:IS_BEST_AMONG]-({'lemma': रक्तशालि}); (:Shaali_dhanya {'lemma': शालिधान्य})<-[:IS_TYPE_OF]-({'lemma': रक्तशालि}); (:Shaali_dhanya {'lemma': शालिधान्य})<-[:IS_TYPE_OF]-({'lemma': रक्तशालि}); (:Shaali_dhanya {'lemma': शालिधान्य})<-[:IS_BEST_AMONG]-({'lemma': रक्तशालि}); (:Shaali_dhanya {'lemma': शालिधान्य})<-[:IS_TYPE_OF]-({'lemma': कर्दमक}); (:Shaali_dhanya {'lemma': शालिधान्य})<-[:IS_TYPE_OF]-({'lemma': कर्दमक}); (:Shaali_dhanya {'lemma': शालिधान्य})<-[:IS_TYPE_OF]-({'lemma': दूषक}); (:Shaali_dhanya {'lemma': शालिधान्य})<-[:IS_TYPE_OF]-({'lemma': दूषक})
1005	धान्यस्य कति प्रकाराः उक्ताः	पञ्च		पञ्च	1	
1006	धान्यस्य के प्रकाराः उक्ताः	शालिधान्यम् + व्रीहिधान्यम् + शूकधान्यम् + शिम्बिधान्यम् + क्षुद्रधान्यम्		क्षुद्रधान्याः, शिम्बिधान्याः, शूकधान्याः	1	(:Dhaanya {'lemma': धान्य})<-[:IS_TYPE_OF]-({'lemma': क्षुद्रधान्य}); (:Dhaanya {'lemma': धान्य})<-[:IS_TYPE_OF]-({'lemma': शिम्बिधान्य}); (:Dhaanya {'lemma': धान्य})<-[:IS_TYPE_OF]-({'lemma': शूकधान्य})
1007	शालामुखः कस्य प्रकारः अस्ति? 	व्रीहिधान्यम्	शालिधान्यम् / व्रीहिधान्यम् / शूकधान्यम् / शिम्बिधान्यम्	व्रीहिधान्यम्	1	
1008	मुद्गस्य कति भेदाः उक्ताः? 	पञ्च		त्रयः	1	(:Shimbii_dhanya {'lemma': मुद्ग})<-[:IS_VARIANT_OF]-({'lemma': रक्त-मुद्ग}); (:Shimbii_dhanya {'lemma': मुद्ग})<-[:IS_VARIANT_OF]-({'lemma': रक्त-मुद्ग}); (:Shimbii_dhanya {'lemma': मुद्ग})<-[:IS_VARIANT_OF]-({'lemma': श्वेत-मुद्ग}); (:Shimbii_dhanya {'lemma': मुद्ग})<-[:IS_VARIANT_OF]-({'lemma': श्वेत-मुद्ग}); (:Shimbii_dhanya {'lemma': मुद्ग})<-[:IS_VARIANT_OF]-({'lemma': पीतक-मुद्ग}); (:Shimbii_dhanya {'lemma': मुद्ग})<-[:IS_VARIANT_OF]-({'lemma': पीतक-मुद्ग})
1009	दग्धमृत्-जात-शाली शाली च अनयोः को भेदः?	शालिः स्निग्धा अस्ति, दग्धमृज्जातशालिः रूक्षा		दग्धमृत्-जात-शालीः अपचयः	1	
1010	शालिधान्यस्य कः प्रकारः श्रेष्ठः ? 	रक्तशालिः		रक्तशालिः	1	(:Shaali_dhanya {'lemma': शालिधान्य})<-[:IS_BEST_AMONG]-({'lemma': रक्तशालि}); (:Shaali_dhanya {'lemma': शालिधान्य})<-[:IS_TYPE_OF]-({'lemma': रक्तशालि}); (:Shaali_dhanya {'lemma': शालिधान्य})<-[:IS_BEST_AMONG]-({'lemma': रक्तशालि}); (:Shaali_dhanya {'lemma': शालिधान्य})<-[:IS_TYPE_OF]-({'lemma': रक्तशालि}); (:Shaali_dhanya {'lemma': शालिधान्य})-[:IS_TYPE_OF]->({'lemma': धान्य}); (:Shaali_dhanya {'lemma': शालिधान्य})-[:IS_TYPE_OF]->({'lemma': धान्य}); (:Shaali_dhanya {'lemma': शालिधान्य})<-[:IS_TYPE_OF]-({'lemma': महिषमस्तक})
1011	व्रीहिषु कः श्रेष्ठः?	 कृष्णव्रीहि		कृष्णव्रीहि:	1	(:Vriihi_dhanya {'lemma': व्रीहि})<-[:IS_BEST_AMONG]-({'lemma': कृष्णव्रीहि}); (:Vriihi_dhanya {'lemma': व्रीहि})<-[:IS_TYPE_OF]-({'lemma': कृष्णव्रीहि}); (:Vriihi_dhanya {'lemma': व्रीहि})<-[:IS_TYPE_OF]-({'lemma': जतुमुख}); (:Vriihi_dhanya {'lemma': व्रीहि})<-[:IS_TYPE_OF]-({'lemma': शालामुख})
1012	वार्षिकस्य व्रीहेः वर्णः कः? 	शुक्लः		श्वेतः	1	
1013	व्रीहेः विपाकः कः ? 	मधुर	अम्ल / कटु / मधुर / उष्ण	मधुरः	1	(:Vriihi_dhanya {'lemma': व्रीहि})<-[:IS_VIPAAKA_PROPERTY_OF]-({'lemma': मधुर})
1014	सर्षपस्य प्रभावः कः? 	रक्षोहर	अलक्ष्मीहर / मंगलकर  / रक्षोहर / ग्रहहर	मंगलकर	1	
1015	दधेः वीर्यगुणः कः?	उष्णः		वीर्यवर्धकः	1	
1016	कः रसः हरितक्याम् नास्ति ? 	लवणः		लवणः	1	
1017	लौहधातोः कति दोषाः उक्ता? 	 ७		त्रयः	1	
1018	हरीतक्याः रसाः कतिपयः ? 	पञ्च		षट्	1	
1019	धान्यकस्य रसाः कतिपयः 	द्वे		तुवर, तिक्त, कटु	1	(:Substance {'lemma': धान्यक})<-[:IS_RASA_PROPERTY_OF]-({'lemma': तुवर}); (:Substance {'lemma': धान्यक})<-[:IS_RASA_PROPERTY_OF]-({'lemma': तिक्त}); (:Substance {'lemma': धान्यक})<-[:IS_RASA_PROPERTY_OF]-({'lemma': कटु})
1020	अधोलिखितेषु नारिकेरः कस्य कृतान्नस्य घटकः अस्ति? 	नारिकेरक्षीरी	नारिकेरक्षीरी / ओदन / क्षीरिका / पायस	पायसः	1	(:Prepared_substance {'lemma': क्षीरिका})-[:IS_SYNONYM_OF]->({'lemma': पायस}); (:Prepared_substance {'lemma': पायस})<-[:IS_SYNONYM_OF]-({'lemma': क्षीरिका})
1021	सुधौतः तण्डुलः इति कस्य कृतान्नस्य घटकः स्यात्? 	ओदन	ओदन / दालि / सूप / पोलिका	दालि	1	(:Prepared_substance {'lemma': दाली})-[:IS_SYNONYM_OF]->({'lemma': दालि})
1022	क्षीरिकायाः घटकाः के? 	अर्धपक्वं शुद्धं दुग्धम् + घृताक्ततण्डुलम्	अर्धपक्वं शुद्धं दुग्धम् / घृताक्ततण्डुलम् / क्षीरम्	क्षीरम्	1	
1023	अङ्गारभृष्टचणकः केन संस्कारेण उत्पद्यते? 	अङ्गारभर्जनम्	पाचनम् / भर्जनम् / शुष्कभर्जनम् / अङ्गारभर्जनम्	अङ्गारभर्जनम्	1	
1024	चणकसूपः कस्य कृतान्नम् अस्ति	चणकः	चणकः / मुद्गः / दालिः / शिम्बिधान्यम्	दालिः	1	(:Prepared_substance {'lemma': दाली})-[:IS_SYNONYM_OF]->({'lemma': दालि})
1025	यवेषु केन संस्कारेण धाना उत्पद्यते?	भर्जनसंस्कारः		भर्जनसंस्कारः	1	(:Prepared_substance {'lemma': धाना})-[:IS_OUTPUT_OF_BHARJANA_SANSKAARA_ON]->({'lemma': निस्तुष-यव}); (:Shuuka_dhanya {'lemma': यव})-[:IS_TYPE_OF]->({'lemma': शूकधान्य}); (:Shuuka_dhanya {'lemma': यव})-[:IS_TYPE_OF]->({'lemma': शूकधान्य}); (:Prepared_substance {'lemma': धाना})-[:IS_TYPE_OF]->({'lemma': कृतान्न})
1026	केन संस्कारेण चणकः बल्यः भवति ? 	आर्द्रभर्जनम्	आर्द्रभर्जनम् / शुष्कभर्जनम् / स्वेदनम् / पेषणम्	शुष्कभर्जनम्	1	
1027	पोलिकायाः उत्पत्तौ के के संस्काराः? 	पाचनम् + वेल्लनम्	पाचनम् / वेल्लनम् / चिपिटीकरणम्	चिपिटीकरणम्	1	
1028	केन संस्कारेण मुद्गवटकाः त्रिदोषशामकाः भवन्ति ? 	तक्र-मज्जन-संस्कारः	तलन-संस्कारः / वटकीकरण-संस्कारः / घृत-तलन-संस्कारः / तक्र-मज्जन-संस्कारः	घृत-तलन-संस्कारः	1	
1029	पोलिकायाः अनुपानं किम् ? 	लप्सिका	लप्सिका / घृतम् / दुग्धम् / शर्करा	लप्सिका	1	(:Prepared_substance {'lemma': लप्सिका})-[:IS_ANUPAANA_OF]->({'lemma': पोलिका}); (:Prepared_substance {'lemma': पोलिका})<-[:IS_ANUPAANA_OF]-({'lemma': लप्सिका})
1030	अलीकमत्स्यस्य अनुखादनं किम् ? 	वृन्ताक-भटित्र ; वास्तुक-शाक		वास्तुकः, वृन्ताक-भटित्रम्	1	(:Prepared_substance {'lemma': अलीकमत्स्य})<-[:IS_ANUKHAADANA_OF]-({'lemma': वास्तुक}); (:Prepared_substance {'lemma': अलीकमत्स्य})<-[:IS_ANUKHAADANA_OF]-({'lemma': वृन्ताक-भटित्र}); (:Prepared_substance {'lemma': अलीकमत्स्य})-[:IS_TYPE_OF]->({'lemma': कृतान्न})
1031	महागोधूमस्य उत्पत्तिः कुतः अस्ति? 	पश्चात् देशः	पश्चात्-देशः / उत्तरदेशः / मध्यदेशः / दक्षिणदेशः	उत्तरदेशः	1	
1032	मध्यदेशः इति उत्पत्तिस्थानम् कस्य गोधूमस्य?	मधूली		मध्यदेशस्य	1	
1033	चणकसक्तूनाम् अभ्यवहरणकालः कः? 	ग्रीष्मः	वसन्तः / वर्षा / हेमन्तः / ग्रीष्मः	हेमन्तः	1	
1034	अधोलिखितेषु कः सक्तूनाम् अभ्यवहरणकालः न अस्ति	निशा ; भुक्त	निशा / प्रातः / भुक्त / मध्याह्ने	मध्याह्ने	1	
1035	केषाम् पक्षिणां मांसं लघुतमं स्यात् 	धान्यस्य अंकुरान् चरतां पक्षिणां	जले निवसतां पक्षिणाम् / धान्यस्य अंकुरान् चरतां पक्षिणाम् / विष्किरपक्षिणाम् / बिलेशयपक्षिणाम्	विष्किरपक्षिणाम्	1	
1036	वर्चसि शाल्याः किं कर्म? 	बद्धवर्चस् + अल्पवर्चस्	बद्धवर्चस् / अल्पवर्चस् / विरेचन / १+२	अल्पवर्चस्	1	(:Mala_pob {'lemma': वर्चस्})-[:IS_DECREASED_BY]->({'lemma': शालि}); (:Mala_pob {'lemma': वर्चस्})-[:IS_DECREASED_BY]->({'lemma': शालि})
1037	गोधूमस्य कानि कर्माणि दृश्यन्ते 	सर्वाणि	 सन्धानम् / जीवनम् / बृंहणम् / सर्वाणि	सर्वाणि	1	(:Shuuka_dhanya {'lemma': गोधूम})<-[:IS_CAUSED_BY]-({'lemma': सन्धान}); (:Shuuka_dhanya {'lemma': गोधूम})<-[:IS_CAUSED_BY]-({'lemma': जीवन}); (:Shuuka_dhanya {'lemma': गोधूम})<-[:IS_CAUSED_BY]-({'lemma': बृंहण})
1038	शिम्बिधान्येषु किं स्तन्यकरम् अस्ति? 	निष्पाव + माष	 निष्पाव / मुद्ग / माष / १+३	निष्पावः	1	(:Dhaanya {'lemma': शिम्बिधान्य})<-[:IS_TYPE_OF]-({'lemma': निष्पाव}); (:Dhaanya {'lemma': शिम्बिधान्य})<-[:IS_TYPE_OF]-({'lemma': मुद्ग})
1039	रक्तधातवे चणकस्य किं कर्म? 	रक्तविकारापह	रक्तहर / रक्तविकारापह / रक्तप्रकोपक / रक्तदुष्टीकर	रक्तविकारापह	1	(:Shimbii_dhanya {'lemma': चणक})<-[:IS_CURED_BY]-({'lemma': रक्तविकार}); (:Uparasa {'lemma': रक्तधातु})-[:IS_SYNONYM_OF]->({'lemma': गैरिक}); (:Shimbii_dhanya {'lemma': चणक})<-[:IS_CURED_BY]-({'lemma': ज्वर})
1040	विशेषेण चक्षुष्यं घृतं कतम्? 	गव्य	 माहिष / आविक / गव्य / आज	गव्य	1	
1041	पथ्यायाः केन भेदेन संग्रहणं कर्म दृश्यते ?	स्विन्ना पथ्या	 पथ्या / भृष्ट-पथ्या / स्विन्ना पथ्या / चर्विता पथ्या	स्विन्ना पथ्या	1	(:Substance {'lemma': पथ्या})<-[:IS_OUTPUT_OF_PESHANA_SANSKAARA_ON]-({'lemma': पिष्ट-पथ्या}); (:Substance {'lemma': पथ्या})<-[:IS_OUTPUT_OF_SVEDANA_SANSKAARA_ON]-({'lemma': स्विन्न-पथ्या}); (:Substance {'lemma': पथ्या})<-[:IS_OUTPUT_OF_MAJJANA_SANSKAARA_ON]-({'lemma': अम्भसि-क्षिप्ता-निमज्जित-पथ्या})
1042	मंगल्यको ……. स्यान्मंगल्या च मसूरिका । 	मसूरः	 मुद्गः / मकुष्ठः / माषः / मसूरः	मसूरः	1	
1043	पर्पटास्ते सदा …….. परमरोचकाः। 	अङ्गारभृष्टाः	 भृष्टाः / अङ्गारभृष्टाः / पाचिताः / तलिताः	अङ्गारभृष्टाः	1	
1044	माषः …….। 	अनिलापहः	 अनिलापहः / त्रिदोषकारकः / पित्तहरः / कफघ्नः	अनिलापहः	1	
1045	भावप्रकाशः हीरकस्य वर्णनं कस्मिन् वर्गे कृतवान्? 	धातूपधातुरसोपरसरत्नोपरत्नविषोपविषवर्गः ; धात्वादिवर्गः		रत्नवर्गे	1	
1046	रसाञ्जनं कस्मिन् वर्गे वर्णितम्? 	हरीतक्यादिवर्गः		रसवर्गे	1	
1047	सर्षपस्य वर्णनं कस्मिन् वर्गे स्यात्? 	धान्यवर्गः		सर्षपः तैलवर्गे	1	
1048	श्यामः मुद्गः कस्मात् लघुः ? 	सर्वेभ्यः	हरित / पीतक / श्वेत / रक्त	हरित	1	
1049	हरितः मुद्गः कस्मात् गुरुः? 	श्याम-मुद्ग	पीतक / श्याम / श्वेत / रक्त	पीतक	1	
1050	किॅ वाक्यं योग्यम् अस्ति? 	नवगोधूमः भद्रतरः पुराणगोधूमात्	पुराणतिलः भद्रतरः नवतिलात् / नवगोधूमः भद्रतरः पुराणगोधूमात् / पुराणयवः भद्रतरः नवयवात् / पुराणमाषः भद्रतरः नवमाषात्	पुराणयवः भद्रतरः नवयवात्	1	(:Dhaanya {'lemma': नवगोधूम})<-[:HAS_WORSE_SNIGDHA_RUUKSHA_GUNA_THAN]-({'lemma': पुराणगोधूम}); (:Dhaanya {'lemma': नवगोधूम})<-[:HAS_WORSE_RASA_PROPERTY_THAN]-({'lemma': पुराणगोधूम}); (:Dhaanya {'lemma': नवगोधूम})<-[:HAS_WORSE_PROPERTY_THAN]-({'lemma': पुराणगोधूम}); (:Dhaanya {'lemma': पुराणतिल})-[:HAS_WORSE_SNIGDHA_RUUKSHA_GUNA_THAN]->({'lemma': नवतिल}); (:Dhaanya {'lemma': पुराणतिल})-[:HAS_WORSE_RASA_PROPERTY_THAN]->({'lemma': नवतिल}); (:Dhaanya {'lemma': पुराणतिल})-[:HAS_WORSE_PROPERTY_THAN]->({'lemma': नवतिल})
1051	कः चणकः कुष्ठव्याधिं वर्धते? 	शुष्कभृष्ट	स्विन्न / शुष्कभृष्ट / आर्द्रभृष्ट / अपक्व	अपक्व	1	
1052	त्रिपुटसेवनात् का व्याधि जायते ? 	खञ्जत्वम् + पङ्गुत्वम्	ज्वरः / खञ्जत्वम् / पङ्गुत्वम् / २+३	ज्वरः	1	
1053	सर्षपसेवनेन का व्याधि वर्धते ? 	रक्तपित्तम्	रक्तपित्तम् / ज्वरः / अम्लपित्तम् / कृमिः	रक्तपित्तम्	1	(:Nija_roga {'lemma': रक्तपित्त})-[:IS_INCREASED_BY]->({'lemma': सर्षप}); (:Nija_roga {'lemma': रक्तपित्त})-[:IS_INCREASED_BY]->({'lemma': सर्षप})
1054	अधोलिखितेषु कः शाकः सर्वज्वरहर्ता अस्ति? 	गुडूची	पटोलपत्रम्  / गुडूची  / कासमर्द  / गोजिह्वा	गुडूची	1	
1055	पिनाक-अभ्रक-सेवनात् कः रोगः जायते ? 	महाकुष्ठः	मधुमेहः / ग्रन्थिः / महाकुष्ठः / मृत्युः	मृत्युः	1	
1056	कफदोषे सर्षपस्य किं कर्म? 	 कफघ्न		शोषणम्	1	
1057	स्विन्नचणकविषये किं वाक्यं योग्यम्? 	स्विन्नचणकः पित्तं हन्ति। ; स्विन्नचणकः कफं हन्ति।	स्विन्नचणकः पित्तं हन्ति। / स्विन्नचणकः पित्तं वर्धयति। / स्विन्नचणकः कफं हन्ति।	स्विन्नचणकः पित्तं हन्ति	1	
1058	संस्वेदजाः शाकाः कान् दोषान् प्रकोपयन्ति ? 	त्रिदोषम्	वातः / पित्तम् / कफः / त्रिदोषम्	पित्तम्	1	
1059	शूकः कस्य भागः न वर्तते? 	दीर्घगोधूमः	शालिः / यवः / गोधूमः / दीर्घगोधूमः	दीर्घगोधूमः	1	(:Shuuka_dhanya {'lemma': यव})<-[:IS_PART_OF]-({'lemma': शूक}); (:Shuuka_dhanya {'lemma': यव})<-[:IS_PART_OF]-({'lemma': शूक}); (:Part_of_plant_substance {'lemma': शूक})-[:IS_PART_OF]->({'lemma': यव}); (:Part_of_plant_substance {'lemma': शूक})-[:IS_PART_OF]->({'lemma': यव}); (:Part_of_plant_substance {'lemma': शूक})-[:IS_PART_OF]->({'lemma': यव}); (:Part_of_plant_substance {'lemma': शूक})-[:IS_NOT_PART_OF]->({'lemma': दीर्घगोधूम}); (:Part_of_plant_substance {'lemma': शूक})-[:IS_NOT_PART_OF]->({'lemma': दीर्घगोधूम}); (:Part_of_plant_substance {'lemma': शूक})-[:IS_NOT_PART_OF]->({'lemma': दीर्घगोधूम})
1060	तुषः कस्य भागः नास्ति? 	निस्तुषचणकः	भृष्टयव / भृष्टचणक / शालि /निस्तुष चणक।	निस्तुष चणक	1	
1061	कः शाकः अपक्वः शुष्कः च उभयथापि सेवनं निषिद्धं न अस्ति ? 	 मूलक		पटोलनालः	1	(:Shaaka {'lemma': शाक})-[:IS_TYPE_OF]->({'lemma': शाक}); (:Shaaka {'lemma': शाक})<-[:IS_TYPE_OF]-({'lemma': शाक}); (:Shaaka {'lemma': शाक})<-[:IS_TYPE_OF]-({'lemma': पटोलनाल}); (:Shaaka {'lemma': शाक})<-[:IS_TYPE_OF]-({'lemma': शिग्रु})
1062	हरीतक्याः केन द्रव्येण सह मिश्रणं पित्तशमनं करोति?	 शर्करा	शर्करा / लवण / मधु / घृत	घृतम्	1	
1063	चूर्णकल्पनार्थे का शस्ता ? 	 चेतकी	चेतकी / अभया / पूतना / विजया	अभया	1	
1064	कुण्डलिनीनाम कृतान्ने अम्लदधेः परिमाणं किम् अस्ति? 	 अर्धप्रस्थ	अर्धप्रस्थ / द्विप्रस्थ / प्रस्थ / अर्धशराव	अर्धप्रस्थः	1	
1065	निम्बुफलपानके निम्बुफलापेक्षया शर्करोदकस्य परिमाणं किम्? 	षड्भाग	एकभाग / द्विभाग / षड्भाग / अष्टभाग	द्विभाग	1	
1066	कः कः अभयां न खादेत्?	बलवर्जितः ; गर्भवतीनारी ; पित्ताधिकः ; विमुक्तरक्तः ; रूक्षः ; कृशः ; लंघनकर्शितः ; अध्वातिखिन्नः		उत्तरम्: गर्भिणी	1	
1067	मधु-अभययोः संयोगः कस्मिन् ऋतौ शस्तः? 	वसन्तः		वसन्ते	1	(:Substance {'lemma': मधु})<-[:IS_OUTPUT_OF_MISHRANA_SANSKAARA_ON]-({'lemma': मधु-अभया})
1068	अम्लवर्जितः इति कस्य द्रव्यस्य वर्णनं स्यात्?	रसोनम्	रसोन / हरीतकी / आमलकी / गुडूची	हरीतकी	1	
1069	रसोनस्य कः भागः तिक्तरसप्रधानः? 	पत्रम्	पत्रम् / मूलम् / बीजम् / नालः	मूलम्	1	(:Substance {'lemma': रसोन})<-[:IS_PART_OF]-({'lemma': रसोन-कन्द}); (:Substance {'lemma': रसोन})<-[:IS_PART_OF]-({'lemma': रसोन-कन्द}); (:Substance {'lemma': रसोन})<-[:IS_PART_OF]-({'lemma': रसोन-पत्र}); (:Substance {'lemma': रसोन})<-[:IS_PART_OF]-({'lemma': रसोन-पत्र}); (:Substance {'lemma': रसोन})<-[:IS_PART_OF]-({'lemma': रसोन-मूल}); (:Substance {'lemma': रसोन})<-[:IS_PART_OF]-({'lemma': रसोन-मूल})
1	भावप्रकाशननिघण्टौ प्रथमं कस्य वर्गस्य उल्लेखः अस्ति? 	हरीतक्यादि		ओषधिवर्गस्य	1	
2	अमृतपानसमये भगवतः इन्द्रस्य मुखात् पृथिव्यां बिन्दुः पतित्वा किं द्रव्यम् उत्पन्नम् आसीत्? 	अभया	गुडूची / अभया / आमलकी / अमृतवल्ली	अमृतवल्ली	1	
4	हरीतक्याः कति प्रकाराः उक्ताः?	७		षट्	1	(:Substance {'lemma': हरीतकी})<-[:IS_SYNONYM_OF]-({'lemma': वयस्था}); (:Substance {'lemma': हरीतकी})<-[:IS_SYNONYM_OF]-({'lemma': विजया}); (:Substance {'lemma': हरीतकी})<-[:IS_SYNONYM_OF]-({'lemma': जीवन्ती})
5	हरीतक्याः कः प्रकारः सर्वत्र उपलभ्यते? 	रोहिणी	विजया / चेतकी / अभया / रोहिणी	अभया	1	(:Substance {'lemma': हरीतकी})<-[:IS_SYNONYM_OF]-({'lemma': विजया}); (:Substance {'lemma': हरीतकी})<-[:IS_VARIANT_OF]-({'lemma': विजया}); (:Substance {'lemma': हरीतकी})<-[:IS_SYNONYM_OF]-({'lemma': चेतकी}); (:Substance {'lemma': हरीतकी})<-[:IS_VARIANT_OF]-({'lemma': चेतकी}); (:Substance {'lemma': हरीतकी})<-[:IS_SYNONYM_OF]-({'lemma': अभया}); (:Substance {'lemma': हरीतकी})<-[:IS_VARIANT_OF]-({'lemma': अभया})
6	हरीतक्यां कति रसाः वर्तन्ते? 	५		षट्	1	(:Substance {'lemma': हरीतकी})<-[:IS_RASA_PROPERTY_OF]-({'lemma': मधुर}); (:Substance {'lemma': हरीतकी})<-[:IS_RASA_PROPERTY_OF]-({'lemma': मधुर}); (:Substance {'lemma': हरीतकी})<-[:IS_RASA_PROPERTY_OF]-({'lemma': कषाय}); (:Substance {'lemma': हरीतकी})<-[:IS_RASA_PROPERTY_OF]-({'lemma': कषाय}); (:Substance {'lemma': हरीतकी})<-[:IS_RASA_PROPERTY_OF]-({'lemma': तिक्त}); (:Substance {'lemma': हरीतकी})<-[:IS_RASA_PROPERTY_OF]-({'lemma': तिक्त})
7	उत्तमहरीतक्याः भारः कियान् भवेत्?	२ कर्षः		"प्रश्नः: उत्तमहरीतक्याः भारः कियान् भवेत्?

उत्तरम्: 4-5 ग्रामाः"	1	
9	बिभीतकस्य पर्यायः कः अस्ति? 	सर्वे	कलिद्रुमः / भूतवासः / कलियुगालयः / सर्वे	कलिद्रुमः	1	(:Substance {'lemma': कलिद्रुम})-[:IS_SYNONYM_OF]->({'lemma': बिभीतक}); (:Substance {'lemma': बिभीतक})<-[:IS_SYNONYM_OF]-({'lemma': कलिद्रुम}); (:Substance {'lemma': बिभीतक})<-[:IS_SYNONYM_OF]-({'lemma': भूतवास})
10	आमलक्याः पर्यायः कः अस्ति? 	सर्वे	वयस्या / वृष्या / जातीफलरसम् / सर्वे	जातीफलरसम्	1	(:Substance {'lemma': जातीफलरस})-[:IS_SYNONYM_OF]->({'lemma': आमलकी})
12	हरीतकीसमं ......रक्तपित्तप्रमेहघ्नं परं वृष्यं रसायनम्।  - एतत् कस्य विषये उक्तम् अस्ति?	आमलक्याः		उत्तरम्: हरीतकी	1	
13	वरा कस्य पर्यायः अस्ति? 	त्रिफलायाः		पतिः	1	
14	शुण्ठी कस्य पर्यायः अस्ति? 	सर्वेषाम्	विश्वायाः / महौषधस्य / श्रृङ्गवेरस्य / सर्वेषाम्	उत्तरम्: श्रृङ्गवेरस्य	1	
15	पिप्पली कस्य पर्यायः अस्ति?	सर्वेषाम्	कणायाः / वैदेह्याः / तीक्ष्णतण्डुलायाः / सर्वेषाम्	सर्वेषाम्	1	(:Substance {'lemma': कणा})-[:IS_SYNONYM_OF]->({'lemma': पिप्पली}); (:Substance {'lemma': वैदेही})-[:IS_SYNONYM_OF]->({'lemma': पिप्पली}); (:Substance {'lemma': पिप्पली})<-[:IS_SYNONYM_OF]-({'lemma': कणा}); (:Substance {'lemma': पिप्पली})<-[:IS_SYNONYM_OF]-({'lemma': वैदेही})
16	पिप्पली कस्य पर्यायः अस्ति? 	सर्वेषाम्	मागध्याः / कृष्णायाः / चपलायाः / सर्वेषाम्	सर्वेषाम्	1	(:Substance {'lemma': कृष्णा})-[:IS_SYNONYM_OF]->({'lemma': पिप्पली}); (:Substance {'lemma': कृष्णा})-[:IS_SYNONYM_OF]->({'lemma': पिप्पली}); (:Substance {'lemma': पिप्पली})<-[:IS_SYNONYM_OF]-({'lemma': कृष्णा}); (:Substance {'lemma': पिप्पली})<-[:IS_SYNONYM_OF]-({'lemma': चपला})
17	मरीचः कस्य पर्यायः अस्ति? 	सर्वेषाम्	कृष्णस्य / धर्मपतनस्य / वेल्लजस्य / सर्वेषाम्	वेल्लजस्य	1	
18	मरीचः कस्य पर्यायः नास्ति? 	कृष्णायाः	कृष्णायाः / ऊषणस्या / कृष्णस्य / वेल्लजस्य	वेल्लजस्य	1	
19	व्योषः कस्य पर्यायः अस्ति? 	सर्वेषाम्	त्रिकटोः / त्र्यूषणस्य / कटुत्रिकस्य / सर्वेषाम्	सर्वेषाम्	1	
20	चटकाशिरः कस्य पर्यायः अस्ति? 	पिप्पलीमूलः	शुण्ठ्याः / काकानासायाः / पिप्पलीमूलस्य / भल्लातकस्य	पिप्पलीमूलस्य	1	(:Substance {'lemma': चटकाशिरस्})-[:IS_SYNONYM_OF]->({'lemma': पिप्पलीमूल})
27	अजमोदा कस्य पर्यायः अस्ति? 	सर्वेषाम्	खराश्वस्य / मायूरस्य / ब्रह्मकुशायाः / सर्वेषाम्	मायूरस्य, ब्रह्मकुशायाः	1	(:Substance {'lemma': अजमोदा})<-[:IS_SYNONYM_OF]-({'lemma': मायूर}); (:Substance {'lemma': अजमोदा})<-[:IS_SYNONYM_OF]-({'lemma': ब्रह्मकुशा})
29	कुस्तुम्बरू कस्य पर्यायः अस्ति? 	धान्यकस्य		धन्याका	1	
30	मेथिका कस्य पर्यायः अस्ति? 	सर्वेषाम्	बहुपत्रिकायाः / बहुबीजायाः / बहुपर्ण्याः / सर्वेषाम्	सर्वेषाम्	1	(:Substance {'lemma': मेथिका})<-[:IS_SYNONYM_OF]-({'lemma': बहुबीजा}); (:Substance {'lemma': मेथिका})<-[:IS_SYNONYM_OF]-({'lemma': बहुपर्णी}); (:Substance {'lemma': मेथिका})<-[:IS_SYNONYM_OF]-({'lemma': बहुपत्रिका})
31	मेथिका अधोदत्तेषु कस्य पर्यायः अस्ति? 	सर्वे	ज्योतेः / पीतबीजस्य / मुनिच्छदायाः / सर्वेषाम्	पीतबीजस्य	1	
32	पशुमेहनकारिका अनेन शोषणस्य पर्यायः कः अस्ति?  अधोलिखितेषु	चन्द्रशूरः	मेथिका / जीरकम् / चन्द्रशूरः / अजमोदा	मेथिका	1	
33	अधोलिखितेषु हिङ्गुः इति कस्य पर्यायः न अस्ति? 	न कस्यचन	सहस्रवेधेः / रामठस्य / बाल्हीकस्य / न कस्यचन	बाल्हीकस्य	1	(:Substance {'lemma': रामठ})-[:IS_SYNONYM_OF]->({'lemma': हिङ्गु}); (:Substance {'lemma': हिङ्गु})<-[:IS_SYNONYM_OF]-({'lemma': सहस्रवेधि}); (:Substance {'lemma': हिङ्गु})<-[:IS_SYNONYM_OF]-({'lemma': सहस्रवेधि}); (:Substance {'lemma': हिङ्गु})<-[:IS_SYNONYM_OF]-({'lemma': रामठ}); (:Substance {'lemma': हिङ्गु})<-[:IS_SYNONYM_OF]-({'lemma': रामठ})
36	द्वीपान्तरवचायाः वर्णनं भावप्रकाशस्य कस्मिन् वर्गे कृतम् अस्ति?	हरीतक्यादिवर्गे		द्वीपान्तरवचायाः वर्णनं भावप्रकाशस्य निघण्टु-वर्गे कृतम् अस्ति	1	
37	विडङ्गः अधस्तनेषु कस्य पर्यायः  अस्ति?	सर्वेषाम्	कृमिघ्नस्य / चित्रतण्डुलस्य / जन्तुनाशनस्य / सर्वेषाम्	सर्वेषाम्	1	(:Substance {'lemma': कृमिघ्न})-[:IS_SYNONYM_OF]->({'lemma': विडङ्ग}); (:Substance {'lemma': चित्रतण्डुल})-[:IS_SYNONYM_OF]->({'lemma': विडङ्ग}); (:Substance {'lemma': विडङ्ग})<-[:IS_SYNONYM_OF]-({'lemma': कृमिघ्न}); (:Substance {'lemma': विडङ्ग})<-[:IS_SYNONYM_OF]-({'lemma': चित्रतण्डुल})
38	तुगाक्षीरी अधस्तनेषु कस्य पर्यायः अस्ति?	वंशलोचनस्य	वंशलोचनस्य / विडंगस्य / द्वीपांतर वचा / लवङ्गस्य	वंशलोचनस्य	1	
39	क्लीतकस्य पर्यायः अधस्तनेषु कः अस्ति?	यष्टिमधु	हरिद्रा / यष्टिमधु / मधूक / सारिवा	मधूक	1	
40	आरग्वधः अधस्तनेषु कस्य पर्यायः न अस्ति?	रोचनस्य	शम्पाकस्य / व्याधिघातस्य / रोचनस्य / कर्णिकारस्य	कर्णिकारस्य	1	
41	कुटकी अधस्तनेषु कस्य पर्यायः अस्ति?	सर्वेषाम्	कृष्णभेदायाः / कटम्भरायाः / शकुलादन्याः / सर्वेषाम्	कृष्णभेदायाः	1	
42	मत्स्यपित्ता अधस्तनेषु कस्य पर्यायः अस्ति?	कुटक्याः	कुटक्याः / मधुयष्ट्याः / आरग्वधस्य / मण्डूक्याः	आरग्वधस्य	1	
43	किराततिक्तः एतेषु कस्य पर्यायः अस्ति?	काण्डतिक्तायाः	कटुरोहिण्याः / तिक्तायाः/ कटुकायाः / काण्डतिक्तायाः	कटुरोहिण्याः	1	
44	विषपुष्पकः एतेषु कस्य पर्यायः अस्ति?	मदनफलस्य	मदनफलस्य / अर्कस्य / लाङगल्याः / करवीरस्य	करवीरस्य	1	
45	मदनफलम् एतेषु कस्य पर्यायः अस्ति?	सर्वेषाम्	छर्दनस्य / नटस्य / शल्यकस्य / सर्वेषाम्	छर्दनस्य	1	
46	रास्ना एतेषु कस्य पर्यायः न अस्ति?	रामसेनकस्य	युक्तरसायाः / एलापर्ण्याः / श्रेयस्याः / रामसेनकस्य	रामसेनकस्य	1	
48	पारावतपदी एतेषु कस्य पर्यायः अस्ति?	मालकाङ्गन्याः	मालकाङ्गन्याः / रास्नायाः / गुडुच्याः / ब्राह्म्याः	रास्नायाः	1	
49	चोकः कस्य द्रव्यस्य मूलं कथ्यते?	सत्यानाश्याः		हेमाह्वा-मूलस्य	1	(:Root {'lemma': चोक})-[:IS_SYNONYM_OF]->({'lemma': हेमाह्वा-मूल}); (:Root {'lemma': मूल})-[:IS_INGREDIENT_OF]->({'lemma': आसुत}); (:Root {'lemma': मूल})<-[:IS_OUTPUT_OF_SAMYOGA_SANSKAARA_ON]-({'lemma': कन्द-मूल-फल-स्नेह-लवण-युक्त-द्रव-द्रव्य})
51	ब्राह्मणयष्टिका एतेषु कस्य पर्यायः अस्ति?	भारङ्ग्याः	यष्टीमधुनः/ धातक्याः / भारङ्ग्याः / कायफलस्य	धातक्याः	1	
52	कट्फलः एतेषु कस्य पर्यायः न अस्ति?	अङ्गारवल्ल्याः	कैटर्यस्य/ अङ्गारवल्ल्याः / श्रीपर्णिकायाः / भद्रवत्याः	भद्रवत्याः	1	
53	धातकी एतेषु कस्य पर्यायः न अस्ति?	भद्रायाः	ताम्रपुष्प्याः / कुन्जरायाः / भद्रायाः / वह्निज्वालायाः	भद्रायाः	1	
54	भावप्रकाशानुसारं मण्डूकपर्णी एतेषु कस्य पर्यायः अस्ति?	मञ्जिष्ठा	मण्डूक्याः / ब्रह्म्याः / मञ्जिष्ठा	मञ्जिष्ठा	1	(:Substance {'lemma': मण्डूकपर्णी})-[:IS_SYNONYM_OF]->({'lemma': मञ्जिष्ठा})
55	मञ्जिष्ठा एतेषु कस्य पर्यायः नास्ति?	भद्रवत्याः	मण्डूकपर्ण्याः / योजनवल्ल्याः / रक्तयष्टिकायाः / भद्रवत्याः	भद्रवत्याः	1	(:Substance {'lemma': मण्डूकपर्णी})-[:IS_SYNONYM_OF]->({'lemma': मञ्जिष्ठा}); (:Substance {'lemma': योजनवल्ली})-[:IS_SYNONYM_OF]->({'lemma': मञ्जिष्ठा}); (:Substance {'lemma': मञ्जिष्ठा})<-[:IS_SYNONYM_OF]-({'lemma': मण्डूकपर्णी}); (:Substance {'lemma': मञ्जिष्ठा})<-[:IS_SYNONYM_OF]-({'lemma': योजनवल्ली})
56	विशेषाद्वयङ्गनाशनः एतेषु कस्य कर्म अस्ति?	अलक्तकस्य	अलक्तकस्य / शाल्मल्याः / मधुयष्ट्याः / नीमस्य	नीमस्य	1	({'lemma': मधुयष्टि}); ({'lemma': नीम}); ({'lemma': अलक्तक})
57	पलङ्कषा एतेषु कस्य पर्यायः अस्ति?	लाक्षायाः	मण्डूकपर्ण्याः / लाक्षायाः / गुगुलस्य / बह्म्याः	लाक्षायाः	1	
58	हरिद्रा एतेषु कस्य पर्यायः नास्ति?	भद्रायाः	निशायाः / योषितप्रियायाः / हटविलासन्याः / भद्रायाः	भद्रायाः	1	(:Substance {'lemma': निशा})-[:IS_SYNONYM_OF]->({'lemma': हरिद्रा}); (:Substance {'lemma': निशा})<-[:IS_SYNONYM_OF]-({'lemma': हरिद्रा}); (:Substance {'lemma': निशा})-[:IS_SYNONYM_OF]->({'lemma': हरिद्रा}); (:Substance {'lemma': निशा})<-[:IS_SYNONYM_OF]-({'lemma': हरिद्रा}); (:Substance {'lemma': हरिद्रा})-[:IS_SYNONYM_OF]->({'lemma': निशा}); (:Substance {'lemma': हरिद्रा})<-[:IS_SYNONYM_OF]-({'lemma': निशा}); (:Substance {'lemma': हरिद्रा})-[:IS_SYNONYM_OF]->({'lemma': निशा}); (:Substance {'lemma': हरिद्रा})<-[:IS_SYNONYM_OF]-({'lemma': निशा}); (:Substance {'lemma': हरिद्रा})<-[:IS_SYNONYM_OF]-({'lemma': योषित्प्रिया}); (:Substance {'lemma': हरिद्रा})<-[:IS_SYNONYM_OF]-({'lemma': योषित्प्रिया})
59	हरिद्रा एतेषु कस्य पर्यायः अस्ति?	सर्वेषाम्	काच्चन्याः / पीतायाः / वरवर्णिन्याः / सर्वेषाम्	पीतायाः	1	(:Substance {'lemma': पीता})-[:IS_SYNONYM_OF]->({'lemma': हरिद्रा}); (:Substance {'lemma': पीता})-[:IS_SYNONYM_OF]->({'lemma': हरिद्रा}); (:Substance {'lemma': हरिद्रा})<-[:IS_SYNONYM_OF]-({'lemma': काञ्चनी}); (:Substance {'lemma': हरिद्रा})<-[:IS_SYNONYM_OF]-({'lemma': काञ्चनी}); (:Substance {'lemma': हरिद्रा})<-[:IS_SYNONYM_OF]-({'lemma': पीता}); (:Substance {'lemma': हरिद्रा})<-[:IS_SYNONYM_OF]-({'lemma': पीता})
60	कर्पूरहरिद्रयोः गन्धः केन तुल्यः अस्ति?	आम्रेण		कर्पूरहरिद्रयोः गन्धः कर्पूरगन्धेन तुल्यः अस्ति	1	
61	सुरभीदारु एतेषु कस्य पर्यायः अस्ति?	कर्पूरहरिद्रायाः	दारूहरिद्रायाः / हरिद्रायाः / कर्पूरहरिद्रायाः / तेजोहवायाः	दारूहरिद्रायाः	1	
62	कुष्ठवातास्त्रनाशनः एतेषु कस्य गुणः अस्ति?	अरण्यहरिद्रायाः	कर्पूरहरिद्रायाः / हरिद्रायाः / अरण्यहरिद्रायाः / दारूहरिद्रायाः	दारूहरिद्रायाः	1	
63	दारूहरिद्रा एतेषु कस्य पर्यायः अस्ति?	सर्वेषाम्	पर्जन्यायाः / कटङ्कटेर्याः / पचम्पचायाः / सर्वेषाम्	कटङ्कटेर्याः	1	
64	निशागुणा किन्तु नेत्र कर्णास्यरोगनुत् अत्र कस्य विषये उक्तम् अस्ति?	अरण्यहरिद्रायाः	हरिद्रायाः / दारूहरिद्रायाः / अरण्यहरिद्रायाः / कर्पूरहरिद्रायाः	हरिद्रायाः	1	(:Substance {'lemma': हरिद्रा})-[:IS_SYNONYM_OF]->({'lemma': निशा}); (:Substance {'lemma': हरिद्रा})<-[:IS_SYNONYM_OF]-({'lemma': निशा}); (:Substance {'lemma': हरिद्रा})-[:IS_SYNONYM_OF]->({'lemma': निशा}); (:Substance {'lemma': हरिद्रा})<-[:IS_SYNONYM_OF]-({'lemma': निशा})
65	...... तत् नेत्रयोः परं हितम्। कस्य विषये उक्तम् अस्ति?	रसाञ्जनस्य	मुद्गस्य / रसाञ्जनस्य / गृञ्जनस्य / आमलकस्य	रसाञ्जनस्य	1	
66	तार्क्ष्यशैलं, रसगर्भः, तार्क्ष्यजं च कस्य पर्यायाः सन्ति?	रसाञ्जनस्य	रसाञ्जनस्य / हरिद्रायाः / शिलाजीतः / मुक्ताशुक्त्याः	रसाञ्जनस्य	1	(:Substance {'lemma': तार्क्ष्यशैल})-[:IS_SYNONYM_OF]->({'lemma': रसाञ्जन}); (:Substance {'lemma': तार्क्ष्यज})-[:IS_SYNONYM_OF]->({'lemma': रसाञ्जन}); (:Substance {'lemma': रसगर्भ})-[:IS_SYNONYM_OF]->({'lemma': रसाञ्जन})
67	बाकुची अधोलिखितेषु कस्य पर्यायः अस्ति?	सर्वेषाम्	सोमराज्याः / कालमेष्याः / शशिलेखायाः / सर्वेषाम्	कालमेष्याः	1	
68	बाकुची अधोलिखितेषु कस्य पर्यायः नास्ति?	भद्रवत्याः	पूतिफल्याः / कालमेष्याः / भद्रवत्याः / अवल्गुजस्य	कालमेष्याः	1	
69	मेषलोचनः अधोलिखितेषु कस्य पर्यायः अस्ति?	चक्रमर्दस्य	कुष्ठस्य/ चक्रमर्दस्य / कासमर्दस्य / मेषश्रृङ्ग्याः	कासमर्दस्य	1	
70	चक्रमर्दः अधोलिखितेषु कस्य पर्यायः अस्ति?	सर्वेषाम्	प्रपुन्नाटस्य / द्रद्रुघ्नस्य / एडगजस्य / सर्वेषाम्	सर्वेषाम्	1	(:Substance {'lemma': प्रपुन्नाट})-[:IS_SYNONYM_OF]->({'lemma': चक्रमर्द}); (:Substance {'lemma': चक्रमर्द})<-[:IS_SYNONYM_OF]-({'lemma': प्रपुन्नाट}); (:Substance {'lemma': चक्रमर्द})<-[:IS_SYNONYM_OF]-({'lemma': एडगज})
71	अतिविषा अधोलिखितेषु कस्य पर्यायः न अस्ति?	सोमराज्याः	विश्वायाः / शुक्लकन्दायाः / घुणवल्लभायाः / सोमराज्याः	सोमराज्याः	1	
72	अतिविषा अधोलिखितेषु कस्य पर्यायः अस्ति?	सर्वेषाम्	श्रृंग्याः / अरुणयाः / भङ्गुरायाः / सर्वेषाम्	अरुणयाः	1	
73	भावप्रकाशेन लोध्रस्य कति प्रकाराः उक्ताः?	२		द्वौ	1	
74	स्थूलवल्कलः अधोलिखितेषु कस्य पर्यायः अस्ति?	लोध्रस्य	अर्जुनस्य / खदिरस्य / लोध्रस्य / पीपलस्य	अर्जुनस्य	1	
75	जीर्णपत्रं, बृहत्पत्रं, क्रमुकं, लाक्षाप्रसादनं च कस्य पर्यायाः सन्ति?	पट्टिका-लोध्रस्य		ताम्रपत्रस्य	1	
76	लशुनं अधस्तनेषु कस्य पर्यायः अस्ति?	सर्वेषाम्	उग्रगन्धस्य / महौषधस्य / म्लेच्छकन्दस्य / सर्वेषाम्	म्लेच्छकन्दस्य	1	
77	लशुने कः रसः न अस्ति?	अम्लः		कटुः	1	
81	पलाण्डुः निम्नेषु कस्य पर्यायः अस्ति?	यवनेष्टस्य	यवनेष्टस्य / अरिष्टस्य / उग्रगन्धस्य / रसोनकस्य	यवनेष्टस्य	1	(:Substance {'lemma': पलाण्डु})<-[:IS_SYNONYM_OF]-({'lemma': यवनेष्ट})
82	पलाण्डुः निम्नेषु कस्य पर्यायः अस्ति?	सर्वेषाम्	मुखदूषकस्य / दुर्गन्धस्य / यवनेष्टस्य / सर्वेषाम्	दुर्गन्धस्य / मुखदूषकस्य	1	(:Substance {'lemma': दुर्गन्ध})-[:IS_SYNONYM_OF]->({'lemma': पलाण्डु}); (:Substance {'lemma': मुखदूषक})-[:IS_SYNONYM_OF]->({'lemma': पलाण्डु}); (:Substance {'lemma': पलाण्डु})<-[:IS_SYNONYM_OF]-({'lemma': दुर्गन्ध}); (:Substance {'lemma': पलाण्डु})<-[:IS_SYNONYM_OF]-({'lemma': मुखदूषक})
83	अरूष्करः निम्नेषु कस्य पर्यायः अस्ति?	भल्लातकस्य	चित्रकस्य / भल्लातकस्य / दन्त्याः / मञ्जिष्ठायाः	चित्रकस्य	1	
84	अग्निमुखी, क्षीरवृक्षः, शोफकृत् कस्य पर्यायाः सन्ति?	भल्लातकस्य		उत्तरम्: अरुन्दती	1	
85	भल्लातकस्य कः भागः केश्यः (केशेभ्यः हितकरः) अस्ति?	वृन्तम्		भल्लातक-फलः	1	(:Substance {'lemma': भल्लातक})<-[:IS_PART_OF]-({'lemma': भल्लातक-फल}); (:Substance {'lemma': भल्लातक})<-[:IS_RASA_PROPERTY_OF]-({'lemma': मधुर}); (:Substance {'lemma': भल्लातक})<-[:IS_RASA_PROPERTY_OF]-({'lemma': कषाय})
86	मोहमदवाग्वह्निवर्धिनी निम्नेषु कस्य गुणः अस्ति?	भङ्गायाः	मद्यस्य / भङ्गायाः / आफूकस्य / धत्तूरस्य	धत्तूरस्य	1	
87	आफूकस्य वर्णनं कस्य ग्रन्थे लभ्यते?	वाग्भट्टस्य ; भावप्रकाशस्य	वाग्भट्टस्य / शारंगधरस्य / भावप्रकाशस्य	भावप्रकाशस्य	1	
88	खाखसस्य कस्मात् भागात् आफूकः निष्पद्यते? 	फलस्य क्षीरात्		खाखस-फल-वल्कलात्	1	(:Substance {'lemma': खाखस})<-[:IS_PART_OF]-({'lemma': खाखस-फल-वल्कल}); (:Substance {'lemma': आफूक})<-[:HAS_SIMILAR_PROPERTY_AS]-({'lemma': खाखस-फल-वल्कल}); (:Substance {'lemma': खाखस})<-[:IS_PART_OF]-({'lemma': खाखस-फल}); (:Substance {'lemma': खाखस})<-[:IS_SYNONYM_OF]-({'lemma': तिलभेद})
90	शीतशिवः एतेषु कस्य पर्यायः अस्ति?	सैन्धवस्य	धत्तूरस्य / सैन्धवस्य / भङ्गायाः/ अहिफेनस्य	सैन्धवस्य	1	(:Substance {'lemma': शीतशिव})-[:IS_SYNONYM_OF]->({'lemma': सैन्धव}); (:Substance {'lemma': सैन्धव})<-[:IS_SYNONYM_OF]-({'lemma': शीतशिव})
91	भावप्रकाशः सैन्धवस्य वर्णनं कस्मिन् वर्गे कृतवान्?	हरीतक्यादौ		लवणवर्गे	1	
94	उर्ध्वाधः कफवातानुलोमनं कस्य लवणस्य गुणः अस्ति?	बिडस्य	सैन्धवस्य / सामुद्रस्य / बिडस्य / सौवर्चलस्य	सैन्धवस्य	1	(:Rasa_property {'lemma': लवण})-[:IS_RASA_PROPERTY_OF]->({'lemma': सैन्धव})
95	कः पाशुलवणम् उच्यते?	औद्भिद्लवणम्	सामुद्रलवणम् / औद्भिद्लवणम् / बिडः / सौवर्चलः	सौवर्चलः	1	
96	भावप्रकाशे कति प्रकाराणां लवणानां वर्णनं कृतम् अस्ति?	६		षट्	1	
97	धातुद्रावकः कः क्षारः अस्ति?	टङ्कणः		टङ्कणः	1	(:Substance {'lemma': धातुद्रावक})-[:IS_SYNONYM_OF]->({'lemma': टङ्कण}); (:Substance {'lemma': क्षार})-[:IS_SYNONYM_OF]->({'lemma': टङ्कण}); (:Substance {'lemma': क्षार})-[:IS_SYNONYM_OF]->({'lemma': स्वर्जिका}); (:Substance {'lemma': क्षार})-[:IS_SYNONYM_OF]->({'lemma': यवक्षार})
98	भावप्रकाशे कति क्षारसमूहानां वर्णनं कृतम्?	सर्वेषाम्	क्षारद्वयस्य / क्षारत्रयस्य / क्षाराष्टकस्य / सर्वेषाम्	क्षाराष्टकस्य	1	
101	चन्द्रसंज्ञ एतेषु कस्य पर्यायः अस्ति?	कर्पूरस्य	कर्पूरस्य / मिश्र्याः / लवणस्य / पूतिकायाः	कर्पूरस्य	1	
102	कस्तूरी एतेषु कस्य पर्यायः अस्ति?	सर्वेषाम्	वेदमुख्यायाः / मृगमदस्य / सहस्रभिदः / सर्वेषाम्	मृगमदस्य	1	
103	कस्तूर्याः कति प्रकाराः उक्ताः?	३		त्रयः	1	(:Substance {'lemma': कस्तूरी})-[:IS_SYNONYM_OF]->({'lemma': कस्तूरिका})
105	भद्रश्री कस्य पर्यायः अस्ति?	चन्दनस्य	हरिद्रायाः / एलायाः / चन्दनस्य / कुङ्कुमस्य	चन्दनस्य	1	(:Substance {'lemma': भद्रश्री})-[:IS_SYNONYM_OF]->({'lemma': चन्दन})
106	कालीयकं कीदृशं चन्दनम् अस्ति?	पीतम्		कृष्णम्	1	(:Substance {'lemma': चन्दन})<-[:HAS_SIMILAR_PROPERTY_AS]-({'lemma': कालीयक}); (:Substance {'lemma': चन्दन})<-[:IS_VARIANT_OF]-({'lemma': कालीयक}); (:Substance {'lemma': कालीयक})-[:HAS_SIMILAR_PROPERTY_AS]->({'lemma': चन्दन}); (:Substance {'lemma': कालीयक})-[:IS_VARIANT_OF]->({'lemma': चन्दन}); (:Substance {'lemma': कालीयक})-[:HAS_SIMILAR_PROPERTY_AS]->({'lemma': चन्दन}); (:Substance {'lemma': कालीयक})-[:IS_VARIANT_OF]->({'lemma': चन्दन}); (:Substance {'lemma': कालीयक})-[:IS_SYNONYM_OF]->({'lemma': दार्वी}); (:Substance {'lemma': कालीयक})-[:IS_SYNONYM_OF]->({'lemma': दार्वी})
107	पट्टरञ्जकः कस्य पर्यायः अस्ति?	पतङ्गस्य		पट्टरञ्जकः = हरिद्रा	1	
108	किं चन्दनं श्रेष्ठं भवति?	मलयगिरि		शीतलत्वात्	1	
109	अगुरूः कस्य पर्यायः अस्ति?	सर्वेषााम्	प्रवरस्य / राजार्हस्य / कृमिजग्धस्य / सर्वेषाम्	राजार्हस्य	1	
110	कस्य वर्णस्य अगुरूः श्रेष्ठः अस्ति?	श्वेतः	श्वेतः / रक्तः / कृष्णः / पीतः	कृष्णः	1	
111	इन्द्रदारूः कस्य पर्यायः अस्ति?	देवदारूः	देवदारूः / दारूहरिद्रा / रोहितकः / मञ्जिष्ठा	देवदारूः	1	(:Substance {'lemma': देवदारु})<-[:IS_SYNONYM_OF]-({'lemma': इन्द्रदारु}); (:Substance {'lemma': इन्द्रदारु})-[:IS_SYNONYM_OF]->({'lemma': देवदारु})
112	देवदारू एतेषु कस्य पर्यायः न अस्ति?	सुरभि दारूः	मस्तदारूः / दारूभद्रः / दारूः / सुरभि दारूः	दारूभद्रः	1	
115	गुग्गुलुः कस्य पर्यायः न अस्ति?	कृमिजग्धस्य	जटायोः / महिषाक्षस्य / पलन्कषस्य / कृमिजग्धस्य	महिषाक्षस्य	1	
116	गुग्गुलुसेवनेन सह किम् अहितकरं नास्ति?	दुग्धम्	दुग्धम् / मद्यं / अम्लपदार्थः / मैथुनम्	दुग्धम्	1	
120	लवङ्गः निम्नलिखितेषु कस्य पर्यायः अस्ति?	श्रीफलस्य	देवकुसुमस्य / श्रीप्रसूनकस्य / श्रीसंज्ञस्य / श्रीफलस्य	देवकुसुमस्य / श्रीप्रसूनकस्य	1	(:Substance {'lemma': देवकुसुम})-[:IS_SYNONYM_OF]->({'lemma': लवङ्ग}); (:Substance {'lemma': श्रीप्रसूनक})-[:IS_SYNONYM_OF]->({'lemma': लवङ्ग})
121	एला निम्नलिखितेषु कस्य पर्यायः अस्ति?	सर्वासाम्	बृहदेलायाः / भद्वैलायाः / स्थूलैलायाः / सर्वासाम्	भद्वैलायाः	1	
122	एला निम्नलिखितेषु कस्य पर्यायः नास्ति?	भद्रश्रियः	बहुलायाः / पृथ्विकायाः / भद्रश्रियः / निष्कुट्याः	निष्कुट्याः	1	
123	सूक्ष्म-एला निम्नलिखितेषु कस्य पर्यायः नास्ति?	पृथ्वीकायाः	उपकुन्चिकायाः / तुत्थायाः / द्राविड्यः / पृथ्वीकायाः	तुत्थायाः	1	
124	दारूसिता निम्नलिखितेषु कस्य पर्यायः?	त्वक्	देवदारु / त्वक् / दारूहरिद्रा / तेजपत्र	दारूहरिद्रा	1	
125	नागकेशरः निम्नलिखितेषु कस्य पर्यायः नास्ति?	नागफलस्य	चाम्पेयस्य / नागपुष्पस्य / नागफलस्य / काञ्चनाह्वयस्य	काञ्चनाह्वयस्य	1	({'lemma': नागकेशर}); ({'lemma': नागपुष्प}); ({'lemma': चाम्पेय})
127	क्व उत्पन्नः केशरः उत्तमः मन्यते?	काश्मीरे		कश्मीरदेशे	1	
128	गोरोचनः निम्नलिखितेषु कस्य पर्यायः अस्ति?	वन्द्यायाः	वन्द्यायाः / काश्मीरस्य / वाहीकस्य / चाम्पेयस्य	काश्मीरस्य	1	
130	जटामांसी निम्नेषु कस्य पर्यायः अस्ति?	सर्वेषाम्	भूतजटायाः / तपस्विन्याः / पारसीकस्य / सर्वेषाम्	तपस्विन्याः	1	({'lemma': जटामांसी}); ({'lemma': भूतजटा}); ({'lemma': तपस्विनी})
131	गुन्द्रा निम्नेषु कस्य पर्यायः अस्ति?	मुस्तायाः	गुजायाः / मुस्तायाः / गोरोचनायाः / कुङ्कुमस्य	मुस्तायाः	1	
132	कर्पूरः निम्नेषु कस्य पर्यायः अस्ति?	सर्वेषाम्	वेधमुख्यस्य / द्राविडस्य / कल्पकस्य / सर्वेषाम्	कल्पकस्य	1	
133	षड्ग्रन्था निम्नेषु कस्य पर्यायः अस्ति?	शठ्याः	शठ्याः / एलायाः / अतिविषायाः / रसोनस्य	अतिविषायाः	1	
134	पत्राढ्यं धात्रीपत्रं च कस्य पर्यायौ स्तः?	तालीसपत्रस्य		पत्राढ्यं धात्रीपत्रं च अमलकस्य पर्यायौ स्तः	1	
135	इन्द्रेण वानराणां प्रति कृतामृतवर्षायाः बिन्दवः पृथ्व्यां पतनतः कस्य द्रव्यस्य उत्पत्तिः मता अस्ति?	गुडूच्याः	गुडूच्याः / लशुनस्य / आमलक्याः / शतावर्याः	गुडूच्याः	1	
136	मधुपर्णी निम्नेषु कस्य पर्यायः अस्ति?	अमृतायाः	दालचिन्याः / अमृतायाः / एलायाः / तेजपत्रस्य	तेजपत्रस्य	1	
137	गुडूची निम्नेषु कस्य पर्यायः नास्ति?	कश्चिन्न	अमृतवल्लर्याः / छिन्नरुहायाः / सोमवल्ल्याः / कश्चिन्न	कश्चिन्न	1	
138	गुडूची निम्नेषु कस्य पर्यायः अस्ति?	सर्वेषाम्	वत्सादन्याः / तन्त्रिकायाः / चक्रलक्षणिकायाः / सर्वेषाम्	वत्सादन्याः	1	
139	ताम्बूलस्य वर्णनं भावप्रकाशे कस्मिन् वर्गे लभ्यते?	गुडूच्यादौ	हरिद्रादौ / गुडूच्यादौ / रसोनादौ / सर्वत्र	गुडूच्यादौ	1	
140	श्रीफलः कस्य पर्यायः अस्ति?	बिल्वस्य	धत्तूरस्य / बिल्वस्य / भङ्गायाः / लवङ्गस्य	बिल्वस्य	1	
141	गम्भारी कस्य पर्यायः नास्ति?	सोमवल्ल्याः	सोमवल्ल्याः / मधुपर्णिकायाः / पीतरोहिण्याः / काश्मर्याः	काश्मर्याः	1	
142	गणिकारीका कस्य पर्यायः अस्ति?	अग्निमन्थस्य		गणिकारीका पर्यायः कुमारी	1	
143	बृहत्पञ्चमूलस्य वर्णनं भावप्रकाशस्य कस्मिन् प्रकरणे कृतम्?	गुडूच्यादिवर्गे		उत्तरम्: निघण्टुप्रकरणे	1	
146	गोक्षुरः कस्य पर्यायः नास्ति?	दुःस्पर्शायाः	पलङ्कषायाः / श्वदंष्ट्रायाः / इक्षुगन्धिकायाः / दुःस्पर्शायाः	दुःस्पर्शायाः	1	
147	दशमूलस्य वर्णनं भावप्रकाशे कुत्र अस्ति?	गुडूच्यादिवर्गे		उत्तरम्: कषायप्रकरणे	1	
151	भावप्रकाशे शुक्लं रक्तं चेत्येतौ कस्य भेदौ उक्तौ?	एरण्डस्य ; स्नुह्याः	एरण्डस्य / स्नुह्याः / अर्कस्य / १-२	एरण्डस्य	1	
153	भक्षितं विषवन्मतम् कस्य विषये उक्तम्?	करवीरस्य	अर्कस्य / स्नूह्याः / कलिहार्याः / करवीरस्य	करवीरस्य	1	
154	मातुलपुत्रकः कस्य फलं कथ्यते?	धत्तूरस्य		आम्रस्य	1	
155	हिङ्गुनिर्यासः कस्य पर्यायः अस्ति?	निम्बस्य		हिङ्गु:	1	
156	निम्बः एतेषु कस्य पर्यायः अस्ति?	सर्वेषाम्	पारिभद्रस्य / पिचुमर्दस्य / अरिष्टस्य / सर्वेषाम्	अरिष्टस्य	1	
157	विषमुष्टिकः केशमुष्टिकः च कस्य पर्यायौ स्तः?	महानिम्बस्य		वातव्याधेः	1	
159	गण्डारिः एतेषु कस्य पर्यायः अस्ति?	काञ्चनारस्य	काञ्चनारस्य / पारिभद्रस्य / गुग्गुलस्य / मधुयष्ट्याः	पारिभद्रस्य	1	({'lemma': गण्डारि}); ({'lemma': काञ्चनार}); ({'lemma': पारिभद्र})
160	भावप्रकाशेन शिग्रोः कति भेदाः उक्ताः?	३		द्वौ	1	
162	भावप्रकाशानुसारं विष्णुक्रान्ता एतेषु कस्य पर्यायः अस्ति?	अपराजितायाः	शङ्खपुष्प्याः / अपराजितायाः / ब्राह्म्याः / गुडूच्याः	अपराजितायाः	1	
163	कुटजः एतेषु कस्य पर्यायः नास्ति?	सिन्दुवारस्य	गिरिमल्लिकायाः / कालिङ्गस्य / सिन्दुवारस्य / पाण्डुरद्रुमस्य	पाण्डुरद्रुमस्य	1	({'lemma': कुटज}); ({'lemma': गिरिमल्लिका}); ({'lemma': कालिङ्ग})
165	आत्मगुप्ता मर्कटी दुःस्पर्शा च कस्य पर्यायाः सन्ति?	कपिकच्छोः		उत्तरम्: हरिद्रायाः	1	
166	तत् बीजं वातशमनं स्मृतं वाजीकरणं परम्। कस्य विषये उक्तम्? 	कपिकच्छोः		उत्तरम्: अश्वगन्धायाः	1	
167	मूषकसर्पयोः विषनाशकं द्रव्यं किम्?	अड्कोटः		उत्तरम्: अरिष्टम्	1	
169	पुत्रदाऽवश्यम् (अवश्यं पुत्रं ददाति) इति किं द्रव्यम् अस्ति?	लक्ष्मणा		अश्वगन्धा	1	(:Substance {'lemma': द्रव्य})<-[:IS_TYPE_OF]-({'lemma': द्रव-द्रव्य}); (:Substance {'lemma': द्रव्य})<-[:IS_EXTRACTED_FROM]-({'lemma': द्रव्य-तैल})
170	लक्ष्मणायाः गन्धः केन समम् अस्ति?	बस्तगन्धेन		चन्दनेन	1	
173	कः त्रिवृत् हीनगुणवत् अस्ति? 	कृष्णः		त्रिवृत् हीनगुणवत् अस्ति	1	
174	प्लीहशत्रुः निम्नलिखितेषु कस्य पर्यायः अस्ति?	शरपुंखायाः	रोहितकस्य / शरपुंखायाः / पुनर्नवायाः / गिलोयस्य	रोहितकस्य	1	
175	अधःशल्यः निम्नलिखितेषु कस्य पर्यायः अस्ति?	अपामार्गस्य	त्रिवृतः / गोक्षुरस्य / अपामार्गस्य / अमलतासस्य	अपामार्गस्य	1	
176	केशरञ्जनः निम्नलिखितेषु कस्य पर्यायः अस्ति?	भृङगराजस्य	अरिष्टकस्य / सातलायाः / भृङगराजस्य/ मञ्जिष्ठायाः	भृङगराजस्य	1	
177	महौषधी निम्नलिखितेषु कस्य पर्यायः अस्ति?	मण्डूकपर्ण्याः	श्रृंगवेरस्य / मण्डूकपर्ण्याः / गिलोयस्य / आमलक्याः	गिलोयस्य	1	
178	पुष्पवर्गे सर्वप्रथमं कस्य द्रव्यस्य वर्णनं कृतम् अस्ति?	कमलस्य	कमलस्य / गुलाबस्य / चमेल्याः / जूह्याः	कमलस्य	1	
179	तुलसी निम्नलिखितेषु कस्य पर्यायः अस्ति?	सर्वेषाम्	बहुमञ्जर्याः / अपेतराक्षस्याः / भूतघ्न्याः / सर्वेषाम्	भूतघ्न्याः	1	
180	देवदुन्दुभिः निम्नलिखितेषु कस्य पर्यायः अस्ति?	तुलस्याः	धतूरस्य / कर्पूरस्य / तुलस्याः / पीपलस्य	कर्पूरस्य	1	
184	गर्भपातनः निम्नलिखितेषु कस्य पर्यायः अस्ति?	अरिष्टकस्य	अरिष्टकस्य / लाङ्गल्याः / टङ्कणस्य / उलट्कालिकस्य	लाङ्गल्याः	1	
186	मोचरसः निम्नेषु कस्य निर्यासः अस्ति?	शाल्मल्याः	शाल्मल्याः / श्ल्लक्याः / गुञ्जुलस्य / शिग्रोः	शाल्मल्याः	1	
187	सुमेलयतु i. स्थूलवल्कलम्       1. सप्तपर्णम्  ii. बहुलवल्कलम्      2. भूर्जपत्रम्  iii. विशालत्वक्      3. कट्फलः  iv. सोमवल्कलम्        4. लोध्रम्	i-4, ii-2, iii-1, iv-3	i-1, ii-2, iii-3, iv-4 / i-2, ii-1, iii-3, iv-4 / i-4, ii-2, iii-1, iv-3	उत्तरम्: i-1, ii-2, iii-3, iv-4	1	
188	सुमेलयतु - i. आमाम्रफलम्      1. वातहरम् श्लेष्मशुक्रवर्धनम् ii. शुष्कामाम्र फल    2. वातहरम् पित्तप्रकोपनम्  iii. पक्वाम्रफलम्       3. वातपित्तकृत्  iv. वृक्षपक्वाम्रफलम्  4. कफवातजित्	i-3, ii-4, iii-1, iv-2	i-3, ii-1, iii-4, iv-2 / i-1, ii-2, iii-3, iv-4 / i-1, ii-3, iii-4, iv-2 / i-3, ii-4, iii-1, iv-2	उत्तरम्: i-1, ii-3, iii-4, iv-2	1	
190	आम्रावर्तः कस्मात् भागात् भवति?	आम्ररसात्	आम्ररसात् / आम्रत्वचः / आम्रफलात् / आम्रपुष्पात्	आम्रफलात्	1	
192	अशुमतीफलं निम्नेषु कस्य पर्यायः अस्ति?	कदल्याः	कदल्याः / आम्रस्य / नारिकेलस्य / कालिन्दसस्य	कदल्याः	1	
193	सुमेलयतु - i. कण्टकारीफलम्           1. कदलीफलम्  ii. अंशुमतीफलम्       2. त्रपुसः  iii. अतिबृहत् फलम्    3. नारिकेलः iv. स्कन्धफलम्         4. कट्फलः	i-2, ii-1, iii-4, iv-3	i-2, ii-1, iii-4, iv-3 / i-1, ii-2, iii-3, iv-4 / i-1, ii-3, iii-4, iv-2 / i-3, ii-4, iii-2, iv-1	उत्तरम्: i-2, ii-1, iii-4, iv-3	1	
194	दशाङ्गुलं निम्नेषु कस्य पर्यायः अस्ति?	खर्बूजस्य	कदलीफलस्य / पनसस्य / कालिन्दसस्य / खर्बूजस्य	कालिन्दसस्य	1	
195	किं फलं शुष्कम् एव श्रेष्ठम् अस्ति?	सर्वेषाम्	द्राक्षायाः / बिल्वस्य / हरितक्याः / सर्वेषाम्	हरितक्याः	1	
196	पुष्पफलं तथा दधिफलं कस्य पर्यायौ स्तः?	कपित्थफलस्य		पुष्पफलं तथा दधिफलं कदलीफलं पर्यायौ स्तः	1	
201	द्राक्षायाः आकारः कः अस्ति?	गोस्तनसमः	गोमुखसमः / गोस्तनसमः / गोखुरसदृशः  / गवां वर्णेन समानम्	गोमुखसमः	1	
202	खर्जूरः अधस्तनेषु कस्य पर्यायः अस्ति?	सर्वेषाम्	स्वल्पखर्जूरस्य / पिण्डखर्जूरस्य / स्रोतःखर्जूरस्य / सर्वेषाम्	स्वल्पखर्जूरस्य	1	
203	सुलेमानी कस्य पर्यायः अस्ति?	पिण्डखर्जूरस्य		सुलेमानीस्य पर्यायः शिलाजतु:	1	
204	नेत्रोपमफलं कस्य पर्यायः अस्ति?	वातदस्य		आमलकम्	1	
205	मुष्टिप्रमाणं बदरं च कस्य फलस्य नामनी इति? 	सेवस्य		आमलकी	1	
209	किं फलं शुष्कम् अधिकगुणकरम् अस्ति?	सर्वे	बिल्वः / द्राक्षाः / हरीतकी / सर्वे	हरीतकी	1	
210	कपिप्रियः, दधिफलम्, दन्तराठः च कस्य पर्यायाः सन्ति?	कपित्थस्य		उत्तरम्: आम्रस्य	1	
211	त्वक्सुगन्धः मुखप्रियश्च कस्य पर्यायौ स्तः?	नारङ्गिकायाः		चन्दनस्य	1	
212	भावप्रकाशः स्वादानुसारं दाडिमस्य फलानि  कतिविधानि उक्तवान्?	३		उत्तरम्: त्रिविधानि	1	
213	पयःप्रसादी अधस्तनेषु कस्य पर्यायः अस्ति?	कतकस्य	द्राक्षायाः / परूषकस्य / कतकस्य/ शहतूतस्य	द्राक्षायाः	1	({'lemma': पयस्प्रसादिन्}); ({'lemma': द्राक्षा}); ({'lemma': परूषक})
215	पञ्चाम्ले चतुराम्लादतिरिक्तं किं द्रव्यं भवति?	बीजपूरः 		लवणम्	1	
216	भावप्रकाशे कति धातवः उक्ताः?	७		षट्	1	(:Dhaatu {'lemma': धातु})-[:IS_TYPE_OF]->({'lemma': धातु}); (:Dhaatu {'lemma': धातु})<-[:IS_TYPE_OF]-({'lemma': धातु}); (:Dhaatu {'lemma': धातु})-[:IS_TYPE_OF]->({'lemma': धातु}); (:Dhaatu {'lemma': धातु})<-[:IS_TYPE_OF]-({'lemma': धातु}); (:Dhaatu {'lemma': धातु})<-[:IS_TYPE_OF]-({'lemma': अशुद्ध-लोह}); (:Dhaatu {'lemma': धातु})<-[:IS_TYPE_OF]-({'lemma': अशुद्ध-लोह}); (:Dhaatu {'lemma': धातु})<-[:IS_TYPE_OF]-({'lemma': लोह}); (:Dhaatu {'lemma': धातु})<-[:IS_TYPE_OF]-({'lemma': लोह})
217	अग्निदेवस्य वीर्यात् कः धातुः उत्पन्नः?	स्वर्णम्		शुक्रः	1	(:Dhatu_pob {'lemma': वीर्य})-[:IS_SYNONYM_OF]->({'lemma': शुक्र}); (:Dhatu_pob {'lemma': वीर्य})-[:IS_CAUSED_BY]->({'lemma': गरघ्नीमांस}); (:Dhatu_pob {'lemma': वीर्य})-[:IS_INCREASED_BY]->({'lemma': रसाला})
218	कृत्रिमस्वर्णस्य उत्पत्तिः कस्मात् द्रव्यात् भवति?	पारदस्य वेधनात्	हिङ्गुलात् / पारदस्य वेधनात् / शिलाजतोः / स्वर्णमाक्षिकात्	पारदस्य वेधनात्	1	
221	ताम्रस्य उत्पत्तिः कथं भवति?	कार्तिकेयस्य वीर्येण		खननात्	1	
222	ताम्रस्य अनुत्कृष्टभस्मनः कति दोषाः भवन्ति?	८		त्रयः	1	
223	रङ्गस्य कति भेदाः भावप्रकाशे उक्ताः?	२		षट्	1	
224	रविप्रियः कस्य धातोः पर्यायः अस्ति? 	ताम्रस्य		ताम्रस्य	1	(:Dhaatu {'lemma': रविप्रिय})-[:IS_SYNONYM_OF]->({'lemma': ताम्र})
225	केभ्यः देवतेभ्यः का धातुः उत्पद्यते सुमेलितं कुरुत -  i. शिवः 1. सुवर्णम्  ii. कार्तिकेयः 2. रजतम्  iii. वासुकिः 3. ताम्रम्  iv. अग्निदेवः 4. नागः	i-2, ii-3, iii-4, iv-1	i-2, ii-3, iii-4, iv-1 / i-2, ii-3, iii-4, iv-1 / i-1, ii-3, iii-4, iv-2 / i-3, ii-4, iii-2, iv-1	उत्तरम्: i-3, ii-4, iii-2, iv-1	1	
226	लौहधातोः कति दोषाः उक्ताः?	७		षट्	1	
227	लौहसेवनसमये त्याज्यः पदार्थः कः?	सर्वे	कूष्माण्डम् / तिलतैलम् / मद्य / सर्वे	मद्य	1	(:Substance {'lemma': मद्य})-[:IS_NOT_ANUPAANA_OF]->({'lemma': लोह})
228	भावप्रकाशे कति उपधातवः उक्ताः सन्ति?	७		उत्तरम्: सप्त	1	
229	वितुन्नकः, शिखिग्रीवः, मयूरकः च कस्य पर्यायाः सन्ति?	तुत्थस्य		मयूरस्य	1	
233	सिन्दूरः अधोलिखितेषु कस्य उपधातुः अस्ति?	नागस्य	यशदस्य / नागस्य / ताम्रस्य / ताम्रस्य	नागस्य	1	
234	शिलाजितोः कति भेदाः सन्ति?	४		चत्वारः	1	
239	कः शिलाजितु सर्वश्रेष्ठा भवति?	लौह		शिलाजितः	1	
241	कस्य वर्णस्य पारदः रसायनकर्मणि श्रेष्ठः भवति?	रक्तः		पारदस्य	1	
244	पारदस्य स्वाभाविकदोषाः कति?	७		त्रयः	1	(:Rasa {'lemma': पारद})<-[:IS_RASA_PROPERTY_OF]-({'lemma': अम्ल}); (:Rasa {'lemma': पारद})<-[:IS_RASA_PROPERTY_OF]-({'lemma': लवण}); (:Rasa {'lemma': पारद})<-[:IS_RASA_PROPERTY_OF]-({'lemma': कटु})
249	अधोलिखितेषु कः हिङ्गुलस्य भेदः न अस्ति?	म्लेच्छः	चर्मारः / म्लेच्छः / शुक्रतुण्डः / हंसपादः	चर्मारः	1	(:Uparasa {'lemma': म्लेच्छ})-[:IS_SYNONYM_OF]->({'lemma': हिङ्गुल}); (:Uparasa {'lemma': हिङ्गुल})<-[:IS_SYNONYM_OF]-({'lemma': म्लेच्छ})
251	गन्धकः अधोलिखितेषु कस्य पर्यायः अस्ति?	सर्वेषाम्	गन्धकपाषाणस्य / बलिनः / बलरसस्य / सर्वेषाम्	गन्धकपाषाणस्य	1	
253	कः गन्धकः स्वर्णनिर्माणे उपयुज्यते?	रक्तवर्णः		गन्धकः	1	(:Substance {'lemma': गन्धक})-[:IS_SYNONYM_OF]->({'lemma': तुम्बुरु}); (:Uparasa {'lemma': गन्धक})-[:IS_SYNONYM_OF]->({'lemma': गन्ध}); (:Uparasa {'lemma': गन्धक})<-[:IS_OUTPUT_OF_NOT_SANSKAARA_ON]-({'lemma': अशुद्ध-गन्धक})
257	अधोलिखितेषु किं तथ्यं  गन्धकसन्दर्भे अयोग्यम् अस्ति?	मधुरविपाकः	कफवातहर / रसायनः / मधुरविपाकः / उष्णवीर्यः	मधुरविपाकः	1	(:Karma {'lemma': रसायन})-[:IS_KARMA_OF]->({'lemma': गन्धक})
258	अधोलिखितेषु कः अशुद्धगन्धकस्य दोषो नास्ति?	आमवातः 	ओजनाशकः / कुष्ठः / आमवातः / विषमज्वरः	कुष्ठः	1	
259	अभ्रकम् अधोलिखितेषु कस्य पर्यायः अस्ति?	उभयस्य	गगनस्य / वज्रस्य / उभयस्य / न कस्यापि	गगनस्य	1	(:Uparasa {'lemma': गगन})-[:IS_SYNONYM_OF]->({'lemma': अभ्रक}); (:Uparasa {'lemma': अभ्रक})<-[:IS_SYNONYM_OF]-({'lemma': गगन})
260	सुमेलयत  i. श्वेतम् अभ्रकम्       1. रसायनकर्म  ii. रक्तम् अभ्रकम्     2. रजतनिर्माणहेतु  iii. पीतम् अभ्रकम्    3. सुवर्णनिर्माणहेतु  iv. कृष्णम् अभ्रकम्   4. रोगनाशनहेतु	i-2, ii-1, iii-3, iv-4	i-2, ii-1, iii-4, iv-3 / i-2, ii-1, iii-3, iv-4 / i-1, ii-3, iii-4, iv-2 / i-3, ii-4, iii-2, iv-1	i-2, ii-1, iii-3, iv-4	1	
261	पिनाक-अभ्रकसेवनात् कः रोगः जायते?	महाकुष्ठः	मधुमेहः/ महाकुष्ठः / गांठिकाः / मृत्युः	मृत्युः	1	
269	स्फटिका अधोलिखितेषु कस्य पर्यायः अस्ति?	सर्वेषाम्	श्वेतायाः / शुभ्रायाः / दृढरङ्गायाः / सर्वेषाम्	शुभ्रायाः	1	
270	राजावर्तः अधोलिखितेषु कस्य पर्यायः नास्ति?	दृढरङ्गायाः	नृपावर्तस्य / दृढरङ्गायाः / रेवट्याः / आवर्तमणिसंज्ञकस्य	दृढरङ्गायाः	1	(:Uparasa {'lemma': नृपावर्त})-[:IS_SYNONYM_OF]->({'lemma': राजावर्त}); (:Uparasa {'lemma': राजावर्त})<-[:IS_SYNONYM_OF]-({'lemma': नृपावर्त}); (:Uparasa {'lemma': राजावर्त})<-[:IS_SYNONYM_OF]-({'lemma': आवर्तमणि})
271	तुत्थकम् अधोलिखितेषु कस्य पर्यायः अस्ति?	खर्परस्य	खर्परस्य / खटिकायाः / वालुकायाः / गैरिकस्य	गैरिकस्य	1	
273	सौराष्ट्री अधोलिखितेषु कस्य पर्यायः?	सर्वेषाम्	मृत्तालकस्य / आढक्याः / मृत्स्नायाः / सर्वेषाम्	आढक्याः	1	(:Uparasa {'lemma': आढकी})-[:IS_SYNONYM_OF]->({'lemma': सौराष्ट्री})
274	क्षेत्रजा अधोलिखितेषु कस्य पर्यायः?	कृष्णमृत्तिकायाः	कर्दमस्य / शङ्खस्य / बोलस्य / कृष्णमृत्तिकायाः	कर्दमस्य	1	
280	कस्य वर्णस्य हीरकः रसायनार्थम् उपयुक्तः भवति?	ब्राह्मणवर्णस्य	ब्राह्मणवर्णस्य / क्षत्रियवर्णस्य / वैश्यवर्णस्य/ शूद्रवर्णस्य	ब्राह्मणवर्णस्य	1	
287	शालिधान्यस्य उत्पत्तिः कस्मिन् ऋतौ भवति?	हेमन्ते		वसन्ते	1	
288	ब्रीहिधान्यानि कस्मिन् ऋतौ उत्पद्यन्ते?	वर्षासु		शरद्-ऋतौ	1	
295	सूप्यं वैदलं च कस्य पर्यायौ स्तः?	शिम्बीधान्यस्य		सूप्यं वैदलं च युषस्य पर्यायौ स्तः	1	
302	अधस्तनेषु क्षुज्जनिका कस्य पर्यायः अस्ति?	राजिकायाः	सर्षपस्य / राजिकायाः / कंगोः / चणकस्य	राजिकायाः	1	
303	भावप्रकाशानुसारं कति वर्षाणां पुरातनानि धान्यानि पुराणानि इति उच्यन्ते?	>२ वर्ष	>१ वर्ष / >२ वर्ष / ५ वर्ष / १० वर्ष	>१ वर्ष	1	
304	शाकस्य कति भेदाः भवन्ति?	६		त्रयः	1	(:Shaaka {'lemma': शाक})-[:IS_TYPE_OF]->({'lemma': शाक}); (:Shaaka {'lemma': शाक})<-[:IS_TYPE_OF]-({'lemma': शाक}); (:Shaaka {'lemma': शाक})<-[:IS_TYPE_OF]-({'lemma': पटोलनाल}); (:Shaaka {'lemma': शाक})<-[:IS_TYPE_OF]-({'lemma': शिग्रु})
305	निम्नलिखितान् उत्तरोत्तरं गुरूत्वस्य क्रमेण व्यवस्थापयत। नालं, पत्रं, पुष्पं, फलं, कन्दं, संस्वेदज?	पत्रं, पुष्पं, फलं, नालं, कन्दं, संस्वेदजं	पत्रं, पुष्पं, फलं, सस्वेदजं, कन्दं, नाल / पुष्पं, फलं, सस्वेदजं, नालं, कन्दं, पत्रं / पत्रं, पुष्पं, फलं, नालं, कन्दं, सस्वेदजं / पत्रं, पुष्पं, नालं, फलं, सस्वेदजं, कन्दं	पत्रं, पुष्पं, फलं, नालं, कन्दं, संस्वेदजम्	1	
306	किं शाकं दुग्धवर्धकं शुक्रजनकं च भवति?	कलम्बी		उत्तरम्: पालङ्कः	1	
307	अश्मन्तकः कस्य पर्यायः भवति?	चुक्रिकायाः		अश्मन्तकः वज्रः	1	
308	अधोलिखितेषु किं शाकं सर्वज्वरहर्ता अस्ति?	गुडूची	पटोलपत्रम् / गुडूची / कासमर्दः / गोजिह्वा	गुडूची	1	
309	भावप्रकाशस्य अनुसारं निन्दनीयं शाकं किम् अस्ति?	सर्षपः		"भावप्रकाशस्य अनुसारं निन्दनीयं शाकं ""कण्टकारी"" अस्ति"	1	
311	भावप्रकाशे सर्षपस्य वर्णनं कस्मिन् वर्गे कृतम् अस्ति?	शिम्बीधान्याम्	शूकधान्याम् / शिम्बीधान्याम् / शालिधान्याम् / शाकवर्गे	शूकधान्याम्	1	
314	आलुकस्य कति भेदाः सन्ति?	५		त्रयः	1	(:Kanda_shaaka {'lemma': आलुक})<-[:IS_VARIANT_OF]-({'lemma': रक्तालुक}); (:Kanda_shaaka {'lemma': आलुक})<-[:IS_VARIANT_OF]-({'lemma': मध्वालुक}); (:Kanda_shaaka {'lemma': आलुक})<-[:IS_VARIANT_OF]-({'lemma': पिण्डालुक})
315	किं शाकम् अपक्वं शुष्कं च उभयथापि ग्रहीतुं निषेधः न अस्ति?	मूलकः		काकमाची	1	(:Shaaka {'lemma': शाक})-[:IS_TYPE_OF]->({'lemma': शाक}); (:Shaaka {'lemma': शाक})<-[:IS_TYPE_OF]-({'lemma': शाक})
316	शाकस्य संदर्भे का व्याख्या निषिद्धा अस्ति?	सर्वे	व्याधितम् / अऋतुजम् / सशुष्कम् / सर्वे	अऋतुजम्	1	(:Shaaka {'lemma': शाक})-[:IS_TYPE_OF]->({'lemma': शाक}); (:Shaaka {'lemma': शाक})<-[:IS_TYPE_OF]-({'lemma': शाक})
317	मांसं निम्नेषु कस्य पर्यायः न अस्ति?	सर्वेषाम्	क्रव्यस्य / आमिषस्य / पललस्य / सर्वेषाम्	पललस्य	1	(:Maansa {'lemma': क्रव्य})-[:IS_SYNONYM_OF]->({'lemma': मांस}); (:Maansa {'lemma': आमिष})-[:IS_SYNONYM_OF]->({'lemma': मांस}); (:Maansa {'lemma': मांस})<-[:IS_SYNONYM_OF]-({'lemma': क्रव्य}); (:Maansa {'lemma': मांस})<-[:IS_SYNONYM_OF]-({'lemma': क्रव्य}); (:Maansa {'lemma': मांस})<-[:IS_SYNONYM_OF]-({'lemma': आमिष}); (:Maansa {'lemma': मांस})<-[:IS_SYNONYM_OF]-({'lemma': आमिष})
322	निम्नेषु कस्य मांसं नेत्रगुदविकारेषु नित्यं हितकरं भवति?	गुहाशयस्य	गुहाशयस्य / बिलेशयस्य / पर्णमृगस्य / प्रतुदस्य	पर्णमृगस्य	1	
323	के पक्षिणः विकीर्य भक्षयन्ति?	विष्किरः	प्रतुदः / विष्किरः / प्रसहः / विलेशयः	विष्किरः	1	
325	अधोलिखितेषु कः प्लवपक्षी अस्ति?	सारसः	सारसः / उलूकः / पारावतः / लावः	सारसः	1	
326	केषां पक्षिणां मांसम् अत्युत्तमं स्यात्?	धान्यस्य अङ्कुरान् चरतां पक्षिणां	जले निवसतां पक्षिणां / धान्यस्य अङ्कुरान् चरतां पक्षिणां / विस्किर- पक्षिणाम् / विलेशय-पक्षिणां	विस्किर-पक्षिणाम्	1	
327	विष्किरवर्गस्य पक्षिणां कति भेदाः सन्ति?	४		षट्	1	
328	अधोलिखितेषु किं वाक्यं मिथ्या अस्ति?	पक्षिषु स्त्रीजातिमांसं श्रेष्ठं वर्तते।	पक्षिषु स्त्रीजातिमांसं श्रेष्ठं वर्तते। / चतुष्पदेषु स्त्रीजातिजीवानां मांसं श्रेष्ठं वर्तते। / पुरुषसंज्ञकस्य शरीरस्य अधोभागस्य मांसं लघु भवति। / सर्वं मिथ्या अस्ति।	सर्वं मिथ्या अस्ति	1	
330	अधोलिखितेषु जलस्य पर्यायः कः?	सर्वे	अमृतम् / घनरसः / अर्ण / सर्वे	अर्ण	1	
332	अधोलिखितेषु कः जलस्य भेदः नास्ति?	वारि	धाराजम् / वारि / करकाभवम् / तौषारम्	करकाभवम्	1	
334	आकाशे वायुना अग्निना च घनं भूत्वा कीदृशं जलं शिलाखण्डरूपेण पतति?	कारकम्		वृष्टिः	1	
336	भौमं जलं कस्मिन् समये गृह्यमाणम् उत्तमफलदं भवति?	प्रातः काले		प्रातःकाले	1	
338	शीतलजलस्य पानं कस्मिन् रोगे निषिद्धम् अस्ति?	गलग्रहे	दाहे / मूर्च्छायाम् / गलग्रहे / तमकश्वासे	तमकश्वासे	1	
341	जीवनं जीविनां जीवौ जगत् सर्वन्तु तन्मयम् इत्येतत् कस्मिन् सन्दर्भे लिखितम् अस्ति?	जलसन्दर्भे	रक्तसन्दर्भे / जलसन्दर्भे / प्राणसन्दर्भे / नेत्रसन्दर्भे	प्राणसन्दर्भे	1	
342	पीतस्य साधारणजलस्य पाकः कतिदिनेषु भवति?	१ प्रहरे	प्रहरे / १ प्रहरे / २ प्रहरे / ३ प्रहरे	१ प्रहरे	1	
344	निम्नेषु कस्य दुग्धं अश्मरीनाशकं भवति?	आविकस्य	आविकस्य / घोटक्याः / औष्ट्रस्य / हस्तिन्याः	औष्ट्रस्य	1	({'lemma': औष्ट्र}); ({'lemma': आविक}); ({'lemma': हस्तिनी})
345	नस्यं आश्च्योतनं च कर्मभ्यां किम् दुग्धं प्रयुज्यते?	स्त्री		दुग्धम्	1	
347	निम्नेषु कस्य दुग्धं धाराशीतं उत्तमं भवति?	माहिषस्य		धारा-शीत-दुग्धस्य	1	(:Dugdha {'lemma': दुग्ध})<-[:IS_VARIANT_OF]-({'lemma': धारा-शीत-दुग्ध}); (:Dugdha {'lemma': दुग्ध})<-[:IS_VARIANT_OF]-({'lemma': धारा-शीत-दुग्ध}); (:Dugdha {'lemma': दुग्ध})<-[:IS_VARIANT_OF]-({'lemma': धारा-उष्ण-दुग्ध}); (:Dugdha {'lemma': दुग्ध})<-[:IS_VARIANT_OF]-({'lemma': धारा-उष्ण-दुग्ध})
348	यद् दुग्धं विनाऽपक्त्वैव विपक्वं जायते तत् किम्?	क्षीरशाकः	पीयूषः / किलाटः / क्षीरशाकः / मोरट्	किलाटः	1	
349	यद् दुग्धं दध्नः संयोजनेन खण्डितम् तथा तस्मात् अंशभूतं घनभागं निष्कास्य यद् द्रववस्तु शिष्टं भवति तत् किम्?	मोरट		मस्तु	1	
351	रात्रौ दुग्धं कुतः पातव्यम्?	सर्वे सम्यक्	पथ्यम् / दोषशामकम् / नेत्रहितकरम् / सर्वे सम्यक्	दोषशामकम्	1	(:Time_of_day {'lemma': रात्रि})-[:IS_TIME_OF_CONSUMPTION_OF]->({'lemma': रात्रि-दुग्ध-पान}); (:Dugdha {'lemma': दुग्ध})<-[:IS_CURED_BY]-({'lemma': पाण्डु}); (:Dugdha {'lemma': दुग्ध})<-[:IS_CURED_BY]-({'lemma': पाण्डु}); (:Dugdha {'lemma': दुग्ध})<-[:IS_CURED_BY]-({'lemma': क्लम}); (:Dugdha {'lemma': दुग्ध})<-[:IS_CURED_BY]-({'lemma': क्लम})
354	कस्मिन् ऋतौ दध्नः सेवनं निषिद्धम्?	शरदि		वसन्तग्रीष्मशरद् ऋतुषु	1	(:Dadhi {'lemma': दधि})<-[:IS_NOT_TIME_OF_CONSUMPTION_OF]-({'lemma': वसन्त}); (:Dadhi {'lemma': दधि})<-[:IS_NOT_TIME_OF_CONSUMPTION_OF]-({'lemma': वसन्त}); (:Dadhi {'lemma': दधि})<-[:IS_NOT_TIME_OF_CONSUMPTION_OF]-({'lemma': ग्रीष्म}); (:Dadhi {'lemma': दधि})<-[:IS_NOT_TIME_OF_CONSUMPTION_OF]-({'lemma': ग्रीष्म}); (:Dadhi {'lemma': दधि})<-[:IS_NOT_TIME_OF_CONSUMPTION_OF]-({'lemma': शरद}); (:Dadhi {'lemma': दधि})<-[:IS_NOT_TIME_OF_CONSUMPTION_OF]-({'lemma': शरद})
355	दध्नः उपरि स्नेहयुक्तः भागः कः?	सरः	मस्तु / पीयूषः / तक्रम् / सरः	सरः	1	(:Substance {'lemma': मस्तु})-[:IS_PART_OF]->({'lemma': दधि}); (:Dadhi {'lemma': दधि})<-[:IS_PART_OF]-({'lemma': मस्तु}); (:Dadhi {'lemma': दधि})<-[:IS_PART_OF]-({'lemma': मस्तु})
358	कस्मिन् ऋतौ अवस्थायां वा तक्रस्य सेवनं निषिद्धम्?	सर्वे	ग्रीष्मे / दाहे / रक्तपित्ते / सर्वे	रक्तपित्ते	1	
359	चक्षुष्यं नवनीतं किम्?	दुग्धोत्थं नवनीतं		चक्षुष्यं नवनीतं दृष्टिप्रसादनम्	1	
360	पुरातनं घृतं किम् उच्यते?	एकवर्षप्राचीनं	एकवर्षप्राचीनं / द्विवर्षप्राचीनं / दशवर्षप्राचीनं / शतवर्षप्राचीनं	दशवर्षप्राचीनं	1	
366	विशेषेण चक्षुष्यं घृतं किम्?	गव्यम्		चक्षुष्यं	1	(:Ghrrita {'lemma': घृत})-[:IS_SYNONYM_OF]->({'lemma': आज्य}); (:Ghrrita {'lemma': घृत})-[:IS_SYNONYM_OF]->({'lemma': आज्य}); (:Ghrrita {'lemma': घृत})-[:IS_INGREDIENT_OF]->({'lemma': शाल्मलीपुष्पशाक}); (:Ghrrita {'lemma': घृत})-[:IS_INGREDIENT_OF]->({'lemma': शाल्मलीपुष्पशाक}); (:Ghrrita {'lemma': घृत})<-[:IS_OUTPUT_OF_MISHRANA_SANSKAARA_ON]-({'lemma': सघृत-हरीतकी}); (:Ghrrita {'lemma': घृत})<-[:IS_OUTPUT_OF_MISHRANA_SANSKAARA_ON]-({'lemma': सघृत-हरीतकी})
367	भावप्रकाशे मूत्रवर्गे कति प्रकारकाणां सूत्राणां वर्णनं कृतम्?	२	२ / ३ / ५ / ७	उत्तरम्: ५	1	
368	भावप्रकाशे मूत्रवर्गे कस्य मूत्रस्य वर्णनं न कृतम्?	आविकमूत्रम्	गोमूत्रम् / मनुष्यमूत्रम् / उभयोः / आविकमूत्रम्	मनुष्यमूत्रम्	1	
370	अधोलिखितेषु किं तैलं बृंहणं लेखनं च करोति?	तिलतैलम्	सर्षपतैलम् / तिलतैलम् / राजिकातैलम् / अतसीतैलम्	तिलतैलम्	1	
372	अधोलिखितेषु कः वास्तविकस्य तैलस्य गुणः अस्ति?	सर्वे	बल्यः / चक्षुष्यः / बस्तिकर्म / सर्वे	चक्षुष्यः	1	
376	मधु अधोलिखितेषु कस्य पर्यायः अस्ति?	सर्वेषाम्	वरट्याः / भृंगवान्तस्य/ पुष्परसोद्भवस्य / सर्वेषाम्	पुष्परसोद्भवस्य	1	
387	हिमं कर्तुं द्रव्यस्य मात्रा कियती आवश्यकी?	६ पल	२ पल / ४ पल / ६ पल / ८ पल	उत्तरम्: ६ पल	1	
388	मन्थे द्रव्यस्य मात्रा कियती सम्यक् अस्ति?	४ पल	२ पल / ४ पल / ६ पल / ८ पल	६ पल	1	
397	स्नेहपरिपाकस्य कति प्रकाराः भवन्ति?	३	२ / ३ / ४ / ६	चत्वारः	1	
401	अरिष्टनिर्माणविधौ यदि द्रवपदार्थस्य मापनं न प्रोक्तं भवेत् तर्हि कियत् स्वीकर्तव्यम्?	1 द्रोणः	1 द्रोणः / 1 तुला / अर्ध तुला / 8 पलानि	अर्ध तुला	1	
405	मारणार्हे रजते कति गुणाः भवेयुः?	९	५ / ७ / ९ / १२	नव	1	
411	महती स्नेहमात्रा का?	१ दिनं रात्रौ च पचेते	१ दिनं रात्रौ च पचेते / १ दिवसः पच्यते / अर्धदिने पच्यते / चतस्रः घण्टाः पच्यते	१ दिनं रात्रौ च पचेते	1	
412	स्नेहस्य का मात्रा या अग्निदीपिका वीर्यवर्धिका च?	कनिष्ठा	कनिष्ठा / मध्यमा / ज्येष्ठा / कोई न	मध्यमा	1	
417	विरेचनाय उत्तमाः ऋतवः के?	वसन्तः शारदः च	शिशिरः वसन्तः च / वसन्तः शारदः च / हेमन्तः वर्षा च / हेमन्तः शिशिरः च	वसन्तः शारदः च	1	
420	षड् वर्षपर्यन्तम् बस्तिनेत्रस्य मानं कियत् स्यात्	८ अङ्गुलाः	६ अङ्गुलाः / ८ अङ्गुलाः / १० अङ्गुलाः / १२ अङ्गुलाः	आठाङ्गुलाः	1	
422	रेचननस्यस्य कति भेदाः?	२	२ / ३ / ४ / ५	उत्तरम्: ५	1	
423	नस्यकर्मणि तीक्ष्णस्य औषधस्य मापः कः?	१ शाणः	१/२ शाणः / १ शाणः / १ १/२ शाणः / २ शाणः	१ शाणः	1	(:Substance {'lemma': औषध})<-[:IS_OUTPUT_OF_SAMYOGA_SANSKAARA_ON]-({'lemma': औषधयुक्त-अम्बु})
424	स्नेहनस्यस्य कति भेदाः?	२	२ / ३ / ४ / नास्ति	चत्वारः	1	
427	प्रतिमर्शनस्यस्य कालः कतिवारम्?	१४	१० / १२ / १४ / २०	द्वादशवारम्	1	
428	धूम्रपानस्य प्रकाराः कति?	६	४ / ६ / ७ / ८	सप्त	1	
431	गण्डूषस्य किति प्रकाराः?	४	२ / ३ / ४ / ५	उत्तरम्: ५	1	
434	स्वेदस्य प्रकाराः कति?	४	४ / १० / १३ / १४	चतुर्दश	1	
435	मूर्द्धतैलस्य प्रकाराः कति?	४	२ / ३ / ४ / ५	उत्तरम्: ४	1	
436	लेपस्य प्रकाराः कति?	३	२ / ३ / ४ / न अस्ति	चत्वारः	1	
437	भावप्रकाशेन नेत्रचिकित्सायाः कति प्रकाराः उक्ताः?	७	३ / ५ / ७ / ९	उत्तरम्: ७	1	
438	सिक्तक्षालनाय नेत्रधारयोः सम्यक् दूरत्वं कियत्?	४ अङ्गुलः	२ अङ्गुलः / ४ अङ्गुलः / ६ अङ्गुलः / ३ अङ्गुलः	उत्तरम्: ४ अङ्गुलः	1	
440	अञ्जनस्य भेदाः कति?	३	२ / ३ / ४ / ५	त्रयः	1	(:Uparasa {'lemma': अञ्जन})<-[:IS_VARIANT_OF]-({'lemma': स्रोतः-अञ्जन}); (:Uparasa {'lemma': अञ्जन})<-[:IS_VARIANT_OF]-({'lemma': सौवीर-अञ्जन}); (:Uparasa {'lemma': अञ्जन})<-[:IS_SYNONYM_OF]-({'lemma': कापोताञ्जन})
442	भावप्रकाशस्य अनुसारं भेषजभक्षणसमयाः कति उक्ताः?	५	३ / ५ / ७ / ११	सप्त	1	
3	हरीतक्याः पर्यायः कः ? 	सर्वे	कायस्था / हेमवती / शिवा / सर्वे	कायस्था	1	(:Substance {'lemma': कायस्था})-[:IS_SYNONYM_OF]->({'lemma': हरीतकी}); (:Substance {'lemma': हरीतकी})<-[:IS_SYNONYM_OF]-({'lemma': कायस्था}); (:Substance {'lemma': हरीतकी})<-[:IS_SYNONYM_OF]-({'lemma': शिवा})
8	हरीतक्याः सेवनाय अयोग्याः के?	सर्वे	बलवर्जिताः / कृशः / विमुक्तरक्तः / सर्वे	सर्वे	1	(:Substance {'lemma': हरीतकी})<-[:IS_NOT_BENEFITTED_BY]-({'lemma': कृश}); (:Substance {'lemma': हरीतकी})<-[:IS_NOT_BENEFITTED_BY]-({'lemma': विमुक्तरक्त}); (:Substance {'lemma': हरीतकी})<-[:IS_NOT_BENEFITTED_BY]-({'lemma': बलवर्जित})
21	निम्नलिखितेषु पर्यायेषु चतुरूषणस्य घटकः कः ? 	पिप्पलीमूल	चव्यः / चित्रकः / पिप्पलीमूलः / बिभीतकः	चित्रकः	1	
22	अधोलिखितेषु कः गजपिप्पल्याः पर्यायः अस्ति? 	सर्वे	कपिवल्ली / कोलवल्ली / श्रेयसी / सर्वे	कपिवल्ली	1	
23	ऊषणः कस्य पर्यायः अस्ति? 	चित्रकस्य ; मरिचः	चित्रकस्य / मरिचः / शुण्ठ्याः	मरिचः	1	(:Substance {'lemma': मरिच})<-[:IS_SYNONYM_OF]-({'lemma': ऊषण}); (:Substance {'lemma': मरिच})<-[:IS_SYNONYM_OF]-({'lemma': ऊषण}); (:Substance {'lemma': शुण्ठी})<-[:IS_SYNONYM_OF]-({'lemma': ऊषण}); (:Substance {'lemma': ऊषण})-[:IS_SYNONYM_OF]->({'lemma': मरिच}); (:Substance {'lemma': ऊषण})-[:IS_SYNONYM_OF]->({'lemma': मरिच}); (:Substance {'lemma': ऊषण})-[:IS_SYNONYM_OF]->({'lemma': मरिच}); (:Substance {'lemma': ऊषण})-[:IS_SYNONYM_OF]->({'lemma': मरिच}); (:Substance {'lemma': ऊषण})-[:IS_SYNONYM_OF]->({'lemma': चित्रक}); (:Substance {'lemma': ऊषण})-[:IS_SYNONYM_OF]->({'lemma': चित्रक}); (:Substance {'lemma': ऊषण})-[:IS_SYNONYM_OF]->({'lemma': चित्रक}); (:Substance {'lemma': ऊषण})-[:IS_SYNONYM_OF]->({'lemma': चित्रक})
24	निम्नेषु कः पञ्चकोलस्य घटकः नास्ति? 	मरिच	शुण्ठी / मरिचः / पिप्पली / पिप्पलीमूलः	मरिचः	1	
25	निम्नेषु कः द्रव्यः हरीतक्यादि वर्गे वर्णितः ? 	सर्वे	त्रिफला / त्रिकटुः / पञ्चकोलः / सर्वे	त्रिफला	1	
26	अधोलिखितेषु यवान्याः पर्यायः कः?	सर्वे	उग्रगन्धा / ब्रह्मदर्भा / अजमोदिका / सर्वे 	अजमोदिका	1	
28	निम्नेषु कः जीरकस्य भेदः न अस्ति? 	यवानी	शुक्लजीरकः / उद्गारशोधनः / कालाजाजी / यवानी	उद्गारशोधनः	1	
34	उग्रगन्धा इति कस्य पर्यायः अस्ति?	वचायाः ; पलाण्डोः	वचायाः / पलाण्डोः / यवान्याः	वचायाः	1	(:Substance {'lemma': वचा})<-[:IS_SYNONYM_OF]-({'lemma': उग्रगन्धा}); (:Substance {'lemma': उग्रगन्धा})-[:IS_SYNONYM_OF]->({'lemma': वचा}); (:Substance {'lemma': उग्रगन्धा})-[:IS_SYNONYM_OF]->({'lemma': वचा}); (:Substance {'lemma': उग्रगन्धा})-[:IS_SYNONYM_OF]->({'lemma': यवानी}); (:Substance {'lemma': उग्रगन्धा})-[:IS_SYNONYM_OF]->({'lemma': यवानी})
35	निम्नेषु कः वचायाः पर्यायः ? 	सर्वे	षड्ग्रन्था / शतपर्विका / क्षुद्रपत्री / सर्वे	क्षुद्रपत्री	1	
47	भावप्रकाशे कस्मिन् वर्गे रास्ना वर्णिता अस्ति? 	हरीतक्यादि		भावप्रकाशे रास्ना वर्णिता अस्ति पुष्पवर्गे	1	
78	रसोनं सेवमाने किं हितकरं भवति?	मांसम्	दुग्धम् / गुडः / मांसम् / व्यायामः	व्यायामः	1	
79	रसोनसेवनेन सह किम् अहितकरम्?	गुडः	मद्यम् / अम्लरसः / मांसम् / गुडः	मद्यम्	1	
80	रसोनतुल्यगुणः किः द्रव्यम्?	पलाण्डु 		पलाण्डुः	1	(:Substance {'lemma': रसोन})<-[:HAS_SIMILAR_PROPERTY_AS]-({'lemma': पलाण्डु}); (:Substance {'lemma': रसोन})<-[:HAS_SIMILAR_PROPERTY_AS]-({'lemma': पलाण्डु}); (:Substance {'lemma': रसोन})<-[:IS_SYNONYM_OF]-({'lemma': अरिष्ट}); (:Substance {'lemma': रसोन})<-[:IS_SYNONYM_OF]-({'lemma': अरिष्ट}); (:Substance {'lemma': रसोन})<-[:IS_SYNONYM_OF]-({'lemma': म्लेच्छकन्द}); (:Substance {'lemma': रसोन})<-[:IS_SYNONYM_OF]-({'lemma': म्लेच्छकन्द})
89	खाखसतिलस्य उपयुक्ताङ्गं किम्?	खसफलम्		बीजम्	1	(:Substance {'lemma': खाखसतिल})-[:IS_SYNONYM_OF]->({'lemma': खसबीज})
92	शाकम्भरीयः इति कस्य पर्यायः?	रोमक-लवणः		शाकम्भरीयः इति दुर्गायाः पर्यायः	1	
93	लवणोदधिसम्भवः इति कस्य पर्यायः?	सामुद्रलवणः		सिन्धुः	1	
99	अधोलिखितेषु कः क्षाराष्टकस्य घटकः न अस्ति ?	टङ्कणः	यवक्षारः / अपामार्गक्षारः / टङ्कणः / पलाशक्षारः	टङ्कणः	1	
100	निम्नेषु कः हरीतक्यादिवर्गे नास्ति? 	कर्पूरः	लवणः / क्षारः / कर्पूरः / रसोनः	कर्पूरः	1	(:Rasa_property {'lemma': लवण})-[:IS_RASA_PROPERTY_OF]->({'lemma': रसोन})
104	कस्तूर्याः कः भेदः श्रेष्ठः? 	कामरूपः	कामरूपः / नेपाली / काश्मीरी / लताकस्तूरी	काश्मीरी	1	
113	सुरभिदारु कस्य पर्यायः?	सरलः	देवदारुः / दारूहरिद्रा / अगुरुः / सरलः	देवदारुः	1	
114	कालानुसार्यं कस्य पर्यायः?	तगरः	तगरः / अगुरुः / देवदारुः / सरलः	अगुरुः	1	
117	देवधूप इति कस्य पर्यायः?	रालः	गुग्गुलुः / रालः / अगुरुः / चन्दनम्	रालः	1	(:Substance {'lemma': राल})<-[:IS_SYNONYM_OF]-({'lemma': देवधूप}); (:Substance {'lemma': देवधूप})-[:IS_SYNONYM_OF]->({'lemma': राल}); (:Substance {'lemma': देवधूप})-[:IS_SYNONYM_OF]->({'lemma': राल})
119	जातिपत्री इति का?	जातीफलस्य त्वक्	जातीफलस्य मूलम् / जातीफलस्य त्वक् / जातीफलस्य स्तम्भः / जातीफल पुष्पम्	जातीफलस्य त्वक्	1	
126	निम्नेषु कः त्रिजातस्य घटकः न? 	नागकेशरः	एला / नागकेशरः / त्वक् / पत्रकः	पत्रकः	1	
129	हट्टविलासिनी कस्य पर्यायः?	स्वल्पनखी	कुक्कुमम् / स्वल्पनखी / भङ्गा / धत्तूरः	भङ्गा	1	(:Substance {'lemma': हट्टविलासिनी})-[:IS_SYNONYM_OF]->({'lemma': हरिद्रा})
144	बृहती इति कस्य पर्यायः?	वार्ताकी ; कण्टकारी ; द्वयोः	वार्ताकी / कण्टकारी / द्वयोः / किमपि न	वार्ताकी	1	
145	अंशुमती कस्य पर्यायः?	शालपर्णी 	शालपर्णी / शतावरी / काकोली / जीवन्ती	जीवन्ती	1	
148	शाकश्रेष्ठा इति कस्य पर्यायः?	जीवन्ती	जीवन्ती / वार्ताकी / चाङ्गेरी / पालङ्क्या	पालङ्क्या	1	
149	सूर्यपर्णी कस्य पर्यायः?	मुद्गपर्णी	शालपर्णी / पृष्णिपर्णी / मुद्गपर्णी / माषपर्णी	शालपर्णी	1	
150	भावप्रकाशे निम्नेषु द्रव्येषु किं द्रव्यं जीवनीयगणस्य घटकः न? 	कश्चन 	माषपर्णी / मुद्गपर्णी / यष्टिमधु / कश्चन 	मुद्गपर्णी	1	
152	सप्तविध-वृद्धिं किं द्रव्यं अपाकरोति?	एरण्डः	एरण्डः / स्नुही / रास्ना / शाल्लकी	एरण्डः	1	
158	किं द्रव्यं मूषकविषनाशकम् अस्ति? 	महानिम्बः	अर्कः / निम्बः / भल्लातकः / महानिम्बः	अर्कः	1	
164	करंजभेदः कः ? 	कण्टक-करञ्जः ; घृत-करञ्जः	वल्ली-करञ्जः / कण्टक-करञ्जः / घृत-करञ्जः	घृत-करञ्जः	1	
168	बलाचतुष्टयस्य द्रव्याः के? 	(बला + महाबला + अतिबला + नागबला) ; (बरियारा + सहदेवी + ककहिया + गुलशकरी)	बला + महाबला + अतिबला + नागबला / बरियारा + सहदेवी + ककहिया + गुलशकरी / बला + सहदेवी + महाबला + ऋष्यप्रोक्ता	उत्तरम्: बला + महाबला + अतिबला + नागबला	1	({'lemma': बला}); ({'lemma': महाबला}); ({'lemma': अतिबला})
171	दर्भद्वये के द्रव्ये स्तः?	कुश-क्षुरपत्रम्	कुश-काशः / नल-दर्भः / कुश-इक्षुः / कुश-क्षुरपत्रम्	कुश-काशः	1	
172	स्वादुकन्दा इति कस्य पर्यायः?	विदारीकन्दः	वराहीकन्दः / विदारीकन्दः / सूरणकन्दः / मुशलीकन्दः	विदारीकन्दः	1	
181	क्षीरीवृक्षपञ्चके किं द्रव्यं न अस्ति ? 	शिरीषः	शिरीषः / पारीषः / प्लक्षः / उदुम्बरः	पारीषः	1	
182	न्यग्रोधः उदुम्बरः पिप्पलम् पारीषः प्लक्षश्च सङ्कलितं किं कथ्यते?	पञ्चवल्कलम् ; पञ्चक्षीरी	पञ्चवल्कलम् / पञ्चक्षीरी / पञ्चमूलम्	पञ्चवल्कलम्	1	
183	अर्जुनः कस्मिन् वर्गे वर्ण्यते?	वटादिवर्गे	आम्रादिवर्गे / वटादिवर्गे / हरीतक्यादिवर्गे / गुडूच्यादिवर्गे	हरीतक्यादिवर्गे	1	
185	क्षारश्रेष्ठः इति कस्य पर्यायः?	पलाशः 	अपामार्गः / पलाशः / टङ्कणः / सर्जकः	टङ्कणः	1	
189	आम्रातियोगात् उत्पन्नानां दोषाणां निवारणचिकित्सा का?	शुण्ठी + जलम् ; सौवर्चललवणम् + जीरकम्	शुण्ठी + जलम् / सौवर्चललवणम् + जीरकम् / मधुयष्टी + मधु + घृतम्	सौवर्चललवणम् + जीरकम्	1	
191	गुल्मिभिः मन्दवह्निभिः च विशेषेण किं वर्ज्यम्?	पनसः	पनसः / आम्रः / लकुचः / कदली	कदली	1	
197	बहुलवल्कलः कस्य पर्यायः अस्ति?	प्रियालः	प्रियालः / खदिरः / भूर्जपत्रम्	प्रियालः	1	
198	गर्भसंस्थापकं परम् इति कस्य वर्णनम् अस्ति?	पद्माक्षः	पद्माक्षः / अरिष्ठकः / लक्ष्मणा / पुत्रजीवकः	पुत्रजीवकः	1	
199	जलफलः इति कस्य पर्यायः?	श्रृङ्गाटकः	नारिकेलः / खर्बूजः / श्रृङ्गाटकः / कालिन्दः	श्रृङ्गाटकः	1	({'lemma': जलफल}); ({'lemma': नारिकेल}); ({'lemma': खर्बूज})
200	स्वादुफला इति कस्य पर्यायः?	द्राक्षा	द्राक्षा / आम्रः / कदली / कालिन्दः	द्राक्षा	1	({'lemma': स्वादुफल}); ({'lemma': द्राक्षा}); ({'lemma': आम्र})
206	निम्नलिखितेषु पर्यायेषु किं फलं मुद्गलानां देशे आधिक्येन प्राप्यते?	अमृतफलम्	सेवम् / वातादः / अमृतफलम् / आम्रम्	आम्रम्	1	
207	कृमिसमूहनाशकः इति कस्य वर्णनम्?	निम्बूकम्	बीजपूरक / जम्बीरी निम्बूः / निम्बूकम् / मधुकर्कटी	निम्बूकः	1	({'lemma': बीजपूरक}); ({'lemma': जम्बीरीनिम्बू}); ({'lemma': निम्बूक})
208	बिल्वकर्कटी इति कस्य पर्यायः?	बिल्वफलम्	बिल्वफलम् / बिल्वमज्जा / बिल्वपत्रम् / बिल्वमूलम्	बिल्वमज्जा	1	({'lemma': बिल्वकर्कटी}); ({'lemma': बिल्वफल}); ({'lemma': बिल्वमज्जन्})
214	निम्नलिखितेषु पर्यायेषु चतुरम्ले किम् नास्ति?	बीजपूरकनिम्बूः	अम्लवेतसः / बीजपूरकनिम्बूः / वृक्षाम्लः / जम्बीरनिम्बूः	वृक्षाम्लः	1	
219	रजतस्य उत्पत्तिः कस्मात् भवति?	शिवस्य अश्रुभ्यः	शिवस्य वीर्यतः / शिवस्य अश्रुभ्यः / पार्वत्याः अश्रुभ्यः / चन्द्रमसः	चन्द्रमसः	1	
220	कृत्रिमं रूप्यं कस्मात् उत्पद्यते?	वङ्गादि एवं पारदतः	पारदतः / स्वर्णतः / वङ्गादि एवं पारदतः / वङ्गादि एवं गन्धकतः	वङ्गादि एवं गन्धकतः	1	
230	कांस्यस्य उत्पत्तिः कस्मात् भवति?	ताम्र + वङ्गात्	ताम्रात् / ताम्र + वङ्गात् / यशद + ताम्रात् / यशद + वङ्गात्	ताम्र + वङ्गात्	1	(:Dhaatu {'lemma': ताम्र})<-[:IS_UPADHAATU_OF]-({'lemma': कांस्य}); (:Dhaatu {'lemma': ताम्र})<-[:HAS_SIMILAR_PROPERTY_AS]-({'lemma': कांस्य}); (:Upadhaatu {'lemma': कांस्य})-[:IS_UPADHAATU_OF]->({'lemma': ताम्र}); (:Upadhaatu {'lemma': कांस्य})-[:HAS_SIMILAR_PROPERTY_AS]->({'lemma': ताम्र}); (:Upadhaatu {'lemma': कांस्य})-[:IS_UPADHAATU_OF]->({'lemma': रङ्ग}); (:Upadhaatu {'lemma': कांस्य})-[:HAS_SIMILAR_PROPERTY_AS]->({'lemma': रङ्ग})
231	आरकूटम् इति कस्य पर्यायः?	पित्तलम्	स्वर्णमाक्षिकम् / कांस्यम् / खर्परम् / पित्तलम्	स्वर्णमाक्षिकम्	1	
232	पित्तलस्य उत्पत्तिः कस्मात् भवति?	ताम्र-यशदात्	ताम्र-यशदात् / ताम्र-वङगात् / यशद-वङगात् / स्वर्ण-ताम्रात्	यशद-वङगात्	1	
235	सौवर्णशिलाजतोः वर्णः कः भवति?	जपापुष्पवर्णः	पाण्डुरः / मयूरकण्ठवर्णः / जपापुष्पवर्णः / जटायुपक्षाभः	मयूरकण्ठवर्णः	1	
236	राजतशिलाजतोः वर्णः कः भवति?	पाण्डुरः	कृष्णः / पाण्डुरः / रक्तः / जपापुष्पवर्णः	कृष्णः	1	
237	ताम्रशिलाजतोः वर्णः कः भवति?	मयूरकण्ठसमः	जपापुष्पसमानः / मयूरकण्ठसमः / कृष्णः / पाण्डुरः	मयूरकण्ठसमः	1	
238	लौहशिलाजतोः वर्णः कः भवति?	जटायुपक्षाभम्	कृष्णः / श्वेतः / जटायुपक्षाभम् / मयूरकण्ठसमः	कृष्णः	1	
240	पारदस्य कति भेदाः भवन्ति?	४		चत्वारः	1	(:Rasa {'lemma': पारद})<-[:IS_VARIANT_OF]-({'lemma': शूद्र-पारद}); (:Rasa {'lemma': पारद})<-[:IS_VARIANT_OF]-({'lemma': वैश्य-पारद}); (:Rasa {'lemma': पारद})<-[:IS_VARIANT_OF]-({'lemma': क्षत्रिय-पारद})
242	रुजायाः नाशाय उत्तमः पारदः कः?	श्वेतः	श्वेतः / पीतः / रक्तः / कृष्णः	श्वेतः	1	(:Varna_property {'lemma': श्वेत})-[:IS_VARNA_PROPERTY_OF]->({'lemma': श्वेत-पारद})
243	पारदस्य पर्यायाः के?	सर्वे	रसधातुः / सूतः / महारसः / सर्वे	सर्वे	1	
245	पारदस्य वङ्गदोषस्य कार्यं किम्?	कुष्ठम्	मूर्च्छा / कुष्ठम् / जडता / वीर्यनाशः	कुष्ठम्	1	(:Rasa {'lemma': पारद})<-[:IS_CURED_BY]-({'lemma': कुष्ठ})
246	कति उपरसाः सन्ति?	२०	१० / २० / ३० / ३६	३६	1	(:Uparasa {'lemma': उपरस})<-[:IS_TYPE_OF]-({'lemma': वालुका}); (:Uparasa {'lemma': उपरस})<-[:IS_TYPE_OF]-({'lemma': सौराष्ट्री}); (:Uparasa {'lemma': उपरस})<-[:IS_TYPE_OF]-({'lemma': चुम्बक})
247	अधोलिखितेषु हिङ्गुलः कस्य पर्यायः नास्ति?	चर्मारः	दरदः / म्लेच्छः / चूर्णपारदः / चर्मारः	म्लेच्छः	1	(:Uparasa {'lemma': दरद})-[:IS_SYNONYM_OF]->({'lemma': हिङ्गुल}); (:Uparasa {'lemma': चूर्णपारद})-[:IS_SYNONYM_OF]->({'lemma': हिङ्गुल}); (:Uparasa {'lemma': हिङ्गुल})<-[:IS_SYNONYM_OF]-({'lemma': दरद}); (:Uparasa {'lemma': हिङ्गुल})<-[:IS_SYNONYM_OF]-({'lemma': चूर्णपारद})
248	हिङ्गुलस्य कति भेदाः?	३	२ / ३ / ४ / ६	चत्वारः	1	(:Uparasa {'lemma': हिङ्गुल})<-[:IS_VARIANT_OF]-({'lemma': हंसपाद-हिङ्गुल}); (:Uparasa {'lemma': हिङ्गुल})<-[:IS_VARIANT_OF]-({'lemma': चर्मार-हिङ्गुल}); (:Uparasa {'lemma': हिङ्गुल})<-[:IS_VARIANT_OF]-({'lemma': शुकतुण्डक-हिङ्गुल})
250	सर्वोत्तमः हिङ्गुलप्रकारः कः?	हंसपादः	चर्मारः / शुक्रतुण्डकः / हंसपादः / दरदः	हंसपादः	1	
252	गन्धकस्य कति भेदाः?	४	२ / ३ / ४ / ६	चत्वारः	1	(:Uparasa {'lemma': गन्धक})<-[:IS_OUTPUT_OF_NOT_SANSKAARA_ON]-({'lemma': अशुद्ध-गन्धक}); (:Uparasa {'lemma': गन्धक})<-[:IS_VARIANT_OF]-({'lemma': अशुद्ध-गन्धक}); (:Uparasa {'lemma': गन्धक})<-[:IS_VARIANT_OF]-({'lemma': असित-गन्धक}); (:Uparasa {'lemma': गन्धक})<-[:IS_VARIANT_OF]-({'lemma': सित-गन्धक})
254	व्रणादिषु लेपनाय योग्यः कः गन्धकः?	श्वेतः	रक्तवर्णः / पीतः / कृष्णः / श्वेतः	पीतः	1	
255	श्रेष्ठः गन्धकः कः?	कृष्णवर्णः	रक्तवर्णः / कृष्णवर्णः / पीतवर्णः / श्वेतः	पीतवर्णः	1	
256	सुदुर्लभः गन्धकः कः अस्ति?	कृष्णः	श्वेतः / रक्तः / कृष्णः / पीतः	कृष्णः	1	
262	कस्मिन् पर्वते उत्पन्नं अभ्रकं अत्यन्तं बहुसत्त्वम् भवति?	उत्तरशैले	उत्तरशैले / पूर्वशैले / दक्षिणशैले / पश्चिमशैले	उत्तरशैले	1	
263	स्वल्पसत्त्वम् अभ्रकं कस्मिन् पर्वते भवति?	दक्षिणशैले	उत्तरशैले / पूर्वशैले / दक्षिणशैले / पश्चिमशैले	उत्तरशैले	1	
264	हरितालस्य कति भेदाः सन्ति?	२	२ / ३ / ४ / ६	चत्वारः	1	(:Uparasa {'lemma': हरिताल})<-[:IS_VARIANT_OF]-({'lemma': अशुद्ध-हरिताल}); (:Uparasa {'lemma': हरिताल})<-[:IS_VARIANT_OF]-({'lemma': पिण्ड-हरिताल}); (:Uparasa {'lemma': हरिताल})<-[:IS_VARIANT_OF]-({'lemma': पत्र-हरिताल})
266	मनःशिलायाः पर्यायाः के सन्ति?	सर्वे	नैपाली / कुनटी / गोला / सर्वे	गोला, कुनटी	1	(:Uparasa {'lemma': मनःशिला})<-[:IS_SYNONYM_OF]-({'lemma': दिव्यौषधि}); (:Uparasa {'lemma': मनःशिला})<-[:IS_SYNONYM_OF]-({'lemma': गोला}); (:Uparasa {'lemma': मनःशिला})<-[:IS_SYNONYM_OF]-({'lemma': कुनटी})
267	अशुद्धायाः मनःशिलायाः कः दोषः भवति?	मूत्रकृच्छ्रः	मूत्रकृच्छ्रः / मधुमेहः / कुष्ठः / अग्निमान्द्यम्	कुष्ठः	1	
268	अञ्जनस्य कति भेदाः भवन्ति?	२	२ / ३ / ४ / ६	चत्वारः	1	(:Uparasa {'lemma': अञ्जन})<-[:IS_VARIANT_OF]-({'lemma': स्रोतः-अञ्जन}); (:Uparasa {'lemma': अञ्जन})<-[:IS_VARIANT_OF]-({'lemma': सौवीर-अञ्जन}); (:Uparasa {'lemma': अञ्जन})-[:IS_TYPE_OF]->({'lemma': उपरस})
272	सुरमृत्तिका कस्य पर्यायः अस्ति?	सौराष्ट्री	कासीसम् / खर्परः / सौराष्ट्री / वालुका	सौराष्ट्री	1	(:Uparasa {'lemma': सुरमृत्तिका})-[:IS_SYNONYM_OF]->({'lemma': सौराष्ट्री})
275	निषद्वरः कस्य पर्यायः अस्ति?	कर्दमः	कर्दमः / कृष्णमृत्तिका / बोलम् / कङ्कुष्ठः	कृष्णमृत्तिका	1	
277	चुलुकः कस्य पर्यायः अस्ति?	मलः ; पलितः	वराटः / मलः / पलितः	वराटः	1	
278	कङ्कुष्ठस्य भेदाः कति?	२	२ / ३ / ४ / ६	चत्वारः	1	
279	हीरकः अधोलिखितेषु कस्य पर्यायः अस्ति?	सर्वे	चन्द्रः / मणिवरः / वज्रः / सर्वे	सर्वे	1	(:Ratna {'lemma': हीरक})<-[:IS_SYNONYM_OF]-({'lemma': मणिवर}); (:Ratna {'lemma': हीरक})<-[:IS_SYNONYM_OF]-({'lemma': वज्र}); (:Ratna {'lemma': हीरक})<-[:IS_SYNONYM_OF]-({'lemma': चन्द्र})
281	शोणरत्नं कस्य पर्यायः अस्ति?	माणिक्यम्	हीरकः / माणिक्यम् / नीलमणिः / वैदूर्यम्	माणिक्यम्	1	(:Ratna {'lemma': माणिक्य})<-[:IS_SYNONYM_OF]-({'lemma': शोणरत्न})
282	अश्मगर्भः कस्य पर्यायः अस्ति?	हरिन्मणिः	हरिन्मणिः / नीलमणिः / वैदूर्यमणिः / पुष्परागः	वैदूर्यमणिः	1	
283	केतुग्रहवल्लभः अधोलिखितेषु कस्य पर्यायः अस्ति?	वैदूर्यम्	इन्द्रनालः / पुष्परागः / माणिक्यम् / वैदूर्यम्	वैदूर्यम्	1	
284	स्थावरविषाणि कति सन्ति?	९	५ / ७ / ९ / ११	पञ्च	1	
285	उपविषाणि कति सन्ति?	७	५ / ७ / ९ / ११	उत्तरम्: ९	1	
286	धान्यस्य  प्रकाराः कति सन्ति?	५	२ / ३ / ४ / ५	त्रयः	1	(:Dhaanya {'lemma': धान्य})<-[:IS_TYPE_OF]-({'lemma': क्षुद्रधान्य}); (:Dhaanya {'lemma': धान्य})<-[:IS_TYPE_OF]-({'lemma': शिम्बिधान्य}); (:Dhaanya {'lemma': धान्य})<-[:IS_TYPE_OF]-({'lemma': शूकधान्य})
289	सर्वोत्तमम् व्रीहिधान्यम् किम्?	कृष्णव्रीहिः	कुकटाण्डकः / शालामुखः / कृष्णव्रीहिः / जतुमुखः	कृष्णव्रीहिः	1	
290	सर्वोत्तमः शालिधान्यम् किम्?	रक्तशालिः	वापिता शालिः / रक्तशालिः / छिन्नरूढा शालिः / पुराणशालिः	पुराणशालिः	1	
291	यवस्य विपाकः कः अस्ति?	कटुः	मधुरः / अम्लः / कटुः / तिक्तः	कटुः	1	(:Shuuka_dhanya {'lemma': यव})<-[:IS_VIPAAKA_PROPERTY_OF]-({'lemma': कटु}); (:Shuuka_dhanya {'lemma': यव})<-[:IS_VIPAAKA_PROPERTY_OF]-({'lemma': कटु}); (:Kshudra_dhanya {'lemma': यव})<-[:IS_VIPAAKA_PROPERTY_OF]-({'lemma': कटु}); (:Shuuka_dhanya {'lemma': यव})<-[:IS_RASA_PROPERTY_OF]-({'lemma': मधुर}); (:Shuuka_dhanya {'lemma': यव})<-[:IS_RASA_PROPERTY_OF]-({'lemma': मधुर})
293	गोधूमस्य प्रकाराः कति सन्ति?	३	२ / ३ / ४ / ५	उत्तरम्: ५	1	
294	शुक्रजनकः गोधूमप्रकारः कः अस्ति?	मधूली	मधूली / दीर्घगोधूमः / महागोधूमः / सर्वे	दीर्घगोधूमः	1	
296	नेत्राभ्यां हितकरम् शिम्बीधान्यम् किम्?	मुद्गः	मुद्गः / माषः / आढकी / राजमाषः	मुद्गः	1	
297	निम्नलिखितेषु कृमिकारकम् शिम्बीधान्यम् किम्?	वनमुद्गः	मुद्गः / वनमुद्गः / निष्पावः / मसूरः	निष्पावः	1	
298	निम्नलिखितेषु कः चणकस्य पर्यायः?	सर्वे	हरिमन्थः / सकलप्रियः / चणकः / सर्वे	हरिमन्थः	1	
299	निम्नलिखितेषु कः कलायस्य पर्यायः नास्ति?	हरिमन्थः	वर्त्तुलः / सतीनः / हरेणुकः / हरिमन्थः	वर्त्तुलः	1	
300	तिलस्य भेदाः कतयः भवन्ति?	३	२ / ३ / ४ / कोऽपि भेदः नास्ति	३	1	(:Substance {'lemma': तिलभेद})-[:IS_SYNONYM_OF]->({'lemma': खाखस})
301	अतसी निम्नेषु कस्मै पर्यायः?	सर्वे	पार्वती / उमा / क्षुमा / सर्वे	क्षुमा	1	
310	निम्नलिखितेषु पर्यायेषु किं द्रव्यं सुखविरचकम् अस्ति?	पटोलमूलम्	पटोलपुष्पम् / पटोलनालः / पटोलपत्रम् / पटोलमूलम्	पटोलपत्रम्	1	
312	अर्शरोगिभ्यः विशेषेण पथ्यं शाकं किमस्ति?	सूरणः	सूरणः / डिण्डिशः / डोडिका / सर्वाणि	सूरणः	1	
313	कन्दशाकेषु सर्वश्रेष्ठम् किम्?	सूरणः	नालः / कर्कोटी / सर्षपः / सूरणः	सूरणः	1	
318	जाङ्गलमांसस्य भेदाः कतयः?	८	२ / ४ / ६ / ८	६	1	
319	अधोलिखितेषु पर्यायेषु पर्णमृगाणां विषये किं वाक्यं उचितम् अस्ति?	वृक्षेषु आरोहन्ति	विकीर्य भक्षयन्ति / जङ्घायाः बलतः गच्छन्ति / वृक्षेषु आरोहन्ति / ग्रामे वसन्ति	वृक्षेषु आरोहन्ति	1	(:Parnamriga_praani {'lemma': पर्णमृग})-[:IS_TYPE_OF]->({'lemma': जाङ्गल}); (:Parnamriga_praani {'lemma': पर्णमृग})-[:IS_TYPE_OF]->({'lemma': जाङ्गल}); (:Parnamriga_praani {'lemma': पर्णमृग})<-[:IS_TYPE_OF]-({'lemma': वृक्षमर्कटिका}); (:Parnamriga_praani {'lemma': पर्णमृग})<-[:IS_TYPE_OF]-({'lemma': वृक्षमर्कटिका}); (:Parnamriga_praani {'lemma': पर्णमृग})<-[:IS_TYPE_OF]-({'lemma': वृक्षमार्जार}); (:Parnamriga_praani {'lemma': पर्णमृग})<-[:IS_TYPE_OF]-({'lemma': वृक्षमार्जार})
320	आनूपमांसस्य कति प्रकाराः सन्ति?	५	२ / ३ / ४ / ५	द्वौ	1	(:Aanupa_maansa {'lemma': आनूपमांस})-[:IS_TYPE_OF]->({'lemma': मांस}); (:Aanupa_maansa {'lemma': आनूपमांस})<-[:IS_TYPE_OF]-({'lemma': मत्स्यमांस}); (:Aanupa_maansa {'lemma': आनूपमांस})<-[:IS_TYPE_OF]-({'lemma': पादिनमांस})
321	शशकाः के इति कथ्यन्ते?	बिलेशयाः	पर्णमृगाः / गुहाशयाः / बिलेशयाः / विष्किराः	बिलेशयाः	1	
324	कः जीवः कूलेचरः इति  कथ्यते?	यः जलाशयस्य कूले चरति	यः भ्रमित्वा खादति / यः जलाशयस्य कूले चरति / यः समूहसहितं खादति / यः जलाशये प्रविश्य चरति	यः जलाशयस्य कूले चरति	1	(:Kulechara_praani {'lemma': कूलेचर})-[:IS_TYPE_OF]->({'lemma': आनुप}); (:Kulechara_praani {'lemma': कूलेचर})<-[:IS_LOCATION_OF]-({'lemma': कूल}); (:Kulechara_praani {'lemma': कूलेचर})<-[:IS_TYPE_OF]-({'lemma': मण्डूक})
329	श्रेष्ठं मत्स्यमांसं किम्?	रोहितमांसम्	शिलोन्ध्रमांसम् / भाकुरमांसम् / रोहितमांसम् / श्रृङ्गीमांसम्	रोहितमांसम्	1	
331	जलस्य कति भेदाः सन्ति?	४	२ / ३ / ४ / ५	चत्वारः	1	
333	धाराजलस्य कति भेदाः सन्ति?	२	२ / ३ / ४ / ५	उत्तरम्: ५	1	
335	भौमजलस्य कति प्रकाराः भवन्ति?	३	२ / ३ / ४ / ५	उत्तरम्: ५	1	
337	जलपानस्य विधेः कः कालः उचितः?	मुहुर्मुहुः	भोजनात्पूर्वम् / भोजनमध्यम् / भोजनान्ते / मुहुर्मुहुः	भोजनान्ते	1	
339	कस्मिन् रोगे शीतलजलपानम् शस्यते?	मदात्ययः	विद्रधिः / मदात्ययः / पार्श्वशूलः / वद्धकोष्ठः	मदात्ययः	1	
340	कस्मिन् रोगे अल्पजलपानम् शस्यते?	सर्वे	उदररोगः / मुखप्रसेकः / क्षयः / सर्वे	उदररोगः	1	
343	दुग्धपानम् कस्मिन् रोगे शस्यते?	सर्वेषु	जीर्णज्वरे / योनिरोगे / उदावर्ते / सर्वेषु	सर्वेषु	1	
346	किं दुग्धं कृमिकुष्ठनाशकम् अस्ति?	औष्ट्रदुग्धम्	औष्ट्रदुग्धम् / घोटकीदुग्धम्  / आविकदुग्धम्  / स्त्रीदुग्धम् 	आविकदुग्धम्	1	
350	सितायुक्तं दुग्धं किम् भवति?	शुक्रजनकः	वातनाशकः / शुक्रजनकः / कृच्छ्रनाशकः / कफकारकः	कफकारकः	1	
352	दध्नः भेदाः कति?	५	२ / ३/ ४ / ५	चत्वारः	1	(:Dadhi {'lemma': दधि})<-[:IS_TYPE_OF]-({'lemma': गो-दधि}); (:Dadhi {'lemma': दधि})<-[:IS_TYPE_OF]-({'lemma': गो-दधि}); (:Dadhi {'lemma': दधि})<-[:IS_TYPE_OF]-({'lemma': अजा-दधि}); (:Dadhi {'lemma': दधि})<-[:IS_TYPE_OF]-({'lemma': अजा-दधि}); (:Dadhi {'lemma': दधि})<-[:IS_TYPE_OF]-({'lemma': आविक-दधि}); (:Dadhi {'lemma': दधि})<-[:IS_TYPE_OF]-({'lemma': आविक-दधि})
353	किम् दधि उत्तमम् स्यात्?	आजम्	माहिषम् / गव्यम् / आजम् / गालितम्	गव्यम्	1	
357	अधोलिखितेषु पर्यायेषु तक्रस्य पर्यायाः के?	सर्वे	छोल / छच्छिका / श्वित / सर्वे	सर्वे	1	
361	किं घृतं विषनाशकम् अस्ति?	वडवा	नारी घृतः / आविकः / माक्षिषः / वडवा	माक्षिषः	1	
362	अमृतोपमं घृतं इति कस्य वर्णनं?	स्त्री	माहिष घृतम् / गव्य / स्त्री / औष्ट्र	गव्य	1	
363	किं घृतं कृमि-कुष्ठ-गुल्म-उदर-रोग-नाशकम्?	औष्ट्र	गव्य घृतम् / ह्यस्तन / आविक / औष्ट्र	गव्य घृतम्	1	
364	कास-श्वास-क्षये हितकरं घृतं किम् अस्ति?	अज	अज / आविक / गव्य / माहिष	गव्य	1	
365	वीर्यवर्धकं घृतं किम्?	माहिष	माहिष / अज / औष्ट्र / गव्य	अज	1	(:Graamya_praani {'lemma': अज})-[:IS_SYNONYM_OF]->({'lemma': छाग}); (:Graamya_praani {'lemma': अज})<-[:IS_VARIANT_OF]-({'lemma': बालअजासुत})
369	श्रेष्ठं तैलं किम्?	तिल	सर्षप / तिल / तुवरी / अतसी	तिल	1	
371	किं घृतं हीनवीर्यम् इति कथ्यते?	>1 वर्ष प्राचीनस्य पक्वः	<1 वर्ष प्राचीनस्य पक्वः / >1 वर्ष प्राचीनस्य पक्वः / 10 वर्ष प्राचीनं घृतम् / 100 वर्ष प्राचीनं घृतम्	>1 वर्ष प्राचीनस्य पक्वः	1	(:Ghrrita {'lemma': घृत})<-[:IS_VARIANT_OF]-({'lemma': पुराण-घृत}); (:Ghrrita {'lemma': घृत})<-[:IS_VARIANT_OF]-({'lemma': पुराण-घृत}); (:Ghrrita {'lemma': घृत})<-[:IS_VARIANT_OF]-({'lemma': अब्द-पुराण-घृत}); (:Ghrrita {'lemma': घृत})<-[:IS_VARIANT_OF]-({'lemma': अब्द-पुराण-घृत})
373	मद्यस्य पर्यायाः के?	सर्वे	कादम्बरी / हाला / वलवल्लभा / सर्वे	सर्वे	1	(:Sandhaana {'lemma': हाला})-[:IS_SYNONYM_OF]->({'lemma': मद्य})
374	सुरायाः विषये किं विधानं योग्यम्?	शालि च साठी च धान्यचूर्णात् निर्मिता मद्या	पक्वा औषधं च जलं च साधितं मद्यम् / शालि च साठी च धान्यचूर्णात् निर्मिता मद्या / ईखात् निर्मिता मद्या / किञ्चित् अपि नैव	किञ्चित् अपि नैव	1	(:Sandhaana {'lemma': मद्य})<-[:IS_TYPE_OF]-({'lemma': सुरा}); (:Sandhaana {'lemma': मद्य})<-[:IS_SYNONYM_OF]-({'lemma': सुरा}); (:Sandhaana {'lemma': सुरा})-[:IS_TYPE_OF]->({'lemma': मद्य}); (:Sandhaana {'lemma': सुरा})-[:IS_SYNONYM_OF]->({'lemma': मद्य}); (:Sandhaana {'lemma': सुरा})<-[:IS_TYPE_OF]-({'lemma': वारुणी}); (:Sandhaana {'lemma': मद्य})<-[:IS_SYNONYM_OF]-({'lemma': वारुणी})
375	वारुण्याः विषये किं विधानं योग्यम्?	पुनर्नवा च शालि धान्यं च	पुनर्नवा च शालि धान्यं च / शालि च साठी च धान्यम् / ईखात् निर्मिता / औषधात् निर्मिता	औषधात् निर्मिता	1	
377	मधुनः कति भेदाः सन्ति?	८	२ / ४ / ६ / ८	८	1	(:Substance {'lemma': मधु})<-[:IS_OUTPUT_OF_MISHRANA_SANSKAARA_ON]-({'lemma': मधु-अभया}); (:Substance {'lemma': मधु})<-[:IS_OUTPUT_OF_MISHRANA_SANSKAARA_ON]-({'lemma': मधु-संयुक्त-पिप्पली})
378	मधूच्छिष्टस्य पर्यायाः के?	सर्वे	सिक्थकः / मदनकः / मधूषितः / सर्वे	सर्वे	1	({'lemma': मधूच्छिष्ट}); ({'lemma': मधूषय्}); ({'lemma': सिक्थक})
379	इक्षोः पर्यायाः के?	सर्वे	दीर्घच्छदः / असिपत्रः / मधुतृणः / सर्वे	मधुतृणः	1	
380	इक्षोः कति भेदाः सन्ति?	१३	३ / ७ / १० / १३	सप्त	1	
381	अधः लिखितेषु कः इक्षोः पर्यायः नास्ति?	काण्डेक्षुः	मूरिरसः / गूढमूलः / काण्डेक्षुः / असिपत्रः	असिपत्रः	1	
382	गुडस्य शुण्ठ्या सह अनुपानं किं कार्यं करोति?	वातनाशकः	कफनाशकः / पित्तनाशकः / वातनाशकः / किमपि न	कफनाशकः	1	
383	मागधमानानुसारं द्रोणस्य मात्रा का?	४ आढक	२ आढक / ३ आढक / ४ आढक / ६ आढक	चत्वारः आढकाः	1	
384	कलिङ्गमानानुसारं ८ रत्ति मात्रा का?	१ माषः	१ शाणः / १ माषः / १ कोलः / १ कोलः	१ माषः	1	
385	कषायस्य प्रकाराः कति?	५	३ / ५ / ७ / ९	सप्त	1	
386	स्वरसस्य् मात्रा का?	अर्द्धपलः	अर्द्धपलः / 1 पलः / सार्धैक पलः / 2 पलः	अर्द्धपलः	1	
389	फाण्टार्थे द्रव्यस्य मात्रा का?	1 कुडवः	4 पलः / 8 पलः / 1 कुडवः / 1 प्रस्थः	1 कुडवः	1	
390	कल्कस्य मात्रा का?	1 कर्षः	1 कर्षः / 1 पलः / 2 कर्षः / 3 पलः	1 कर्षः	1	
391	फाण्टस्य सम्यक् मात्रा का?	2 पलः	1 पलः / 2 पलः / 4 पलः / 6 पलः	उत्तरम्: 1 पलः	1	
392	मन्थस्य मात्रा का?	2 पलः	अर्ध पलः / 1 पलः / सार्धैक पलः / 2 पलः	अर्ध पलः	1	
393	चूर्णस्य मात्रा का?	1 कर्षः	अर्ध कर्षः / 1 कर्षः / अर्ध पलः / 1 पलः	अर्ध कर्षः	1	(:Chuurna_kalpanaa {'lemma': चूर्ण})<-[:IS_APPROPRIATE_FOR_KALPANA]-({'lemma': चेतकी})
394	वातसम्बन्धिषु रोगेषु चूर्ण-अवलेह-वटी-कल्कैः सह अनुपानस्य मात्रा का?	2 पलः	1 पलः / 2 पलः / 3 पलः / 4 पलः	उत्तरम्: 1 पलः	1	
396	अवलेहेन सह उत्तमम् अनुपानं किम्?	सर्वे	दुग्धम् / इक्षुरसः / पञ्चमूलक्वाथः / सर्वे	दुग्धम्	1	(:Dugdha {'lemma': दुग्ध})-[:IS_TYPE_OF]->({'lemma': दुग्ध}); (:Dugdha {'lemma': दुग्ध})<-[:IS_TYPE_OF]-({'lemma': दुग्ध}); (:Dugdha {'lemma': दुग्ध})-[:IS_TYPE_OF]->({'lemma': दुग्ध}); (:Dugdha {'lemma': दुग्ध})<-[:IS_TYPE_OF]-({'lemma': दुग्ध})
398	सीध्वाः प्रकाराः कति भवन्ति?	2	2 / 3 / 4 / न कश्चित्	द्वौ	1	(:Sandhaana {'lemma': सीधु})<-[:IS_VARIANT_OF]-({'lemma': शीतरस-सीधु}); (:Sandhaana {'lemma': सीधु})<-[:IS_VARIANT_OF]-({'lemma': पक्वरस-सीधु}); (:Sandhaana {'lemma': सीधु})-[:IS_TYPE_OF]->({'lemma': सन्धान})
399	वारुण्याः विषये कः नियमः उचितः ?	क-ख	ताḍरसमध्ये / खर्जूररसस्य मद्य / यवेन मद्य / क-ख	यवेन मद्य	1	
400	चुक्रं किं कथ्यते?	सर्वे वाक्याः सत्याः	यः मद्यम् अम्लं भवेत् / अम्लं जातस्य मद्यस्य विकारेण यः संधानं कुर्यात् / गुडजलमं तैलं कन्दं शाकं च फलसंयुक्तं यः अम्लं भवेत् / सर्वे वाक्याः सत्याः	चुक्रम्	1	(:Rasa_property {'lemma': अम्ल})-[:IS_RASA_PROPERTY_OF]->({'lemma': चुक्र}); (:Rasa_property {'lemma': अम्ल})-[:IS_RASA_PROPERTY_OF]->({'lemma': मद्य}); (:Substance {'lemma': चुक्र})<-[:IS_RASA_PROPERTY_OF]-({'lemma': अम्ल}); (:Sandhaana {'lemma': मद्य})<-[:IS_RASA_PROPERTY_OF]-({'lemma': अम्ल})
402	गजपुटस्य प्रमाणं किम् अस्ति?	त्रिंशङ्गुलि	विंशत्यङ्गुलि / पञ्चविंशत्यङ्गुलि / त्रिंशङ्गुलि / किञ्चित् न	त्रिंशङ्गुलि	1	
403	वराहपुटस्य प्रमाणं किम् ?	अरत्निमात्रा	त्रिंशङ्गुलि / अरत्निमात्रा / बालिशतम् / किञ्चित् न	त्रिंशङ्गुलि	1	
404	कुक्कुटपुटस्य प्रमाणं किम् ?	एकबालिशतम्	एकबालिशतम् / एकारत्निः / सप्तदशाङ्गुलि / त्रिंशङ्गुलि	त्रिंशङ्गुलि	1	
406	ताम्रस्य दोषाः कति?	अष्टौ	द्वे / चत्वारि / षट् / अष्टौ	अष्टौ	1	
407	वङ्गस्य भेदाः कति?	द्वे	षट् / पञ्च / चत्वारि / द्वे	त्रयः	1	(:Dhaatu {'lemma': वङ्ग})<-[:IS_VARIANT_OF]-({'lemma': हीन-वङ्ग}); (:Dhaatu {'lemma': वङ्ग})<-[:IS_VARIANT_OF]-({'lemma': मिश्रक}); (:Dhaatu {'lemma': वङ्ग})<-[:IS_VARIANT_OF]-({'lemma': क्षुरक})
408	दीप्ताग्निपुरुषस्य स्नेहपानप्रमाणं  किं भवति?	एकः पलः	एकः पलः / त्रयः कर्षाः / द्वौ कर्षौ / एकः तोलः	त्रयः कर्षाः	1	
409	मध्यमाग्निपुरुषस्य स्नेहमात्रा का?	त्रयः कर्षाः	चत्वारः कर्षाः / त्रयः कर्षाः / द्वौ कर्षौ / एकः कर्षः	द्वौ कर्षौ	1	
410	हीनाग्निपुरूषस्य सम्यक् स्नेहमात्रा का?	2 तोला	4 तोला / 3 तोला / 2 तोला / 1 तोला	1 तोला	1	
413	घृतपानानन्तरं अनुपानं किम्?	उष्ण जलम्	उष्ण जलम् / तैलम् / माण्डम् / यूषम्	उष्ण जलम्	1	
414	वसा मज्जा च पीत्वा अनुपानं किम्?	माण्डम्	शीतल जलम् / माण्डम् / तैलम् / उष्ण जलम्	उष्ण जलम्	1	
415	स्नेहस्य पाचनानन्तरं चिकित्सा का?	उष्ण जल पानम्	वमनम् / विरेचनम् / उष्ण जल पानम् / न किञ्चित्	वमनम्	1	
416	वमनातियोगे चिकित्सा का?	मृदु विरेचनम्	पुनः वमन औषध प्रयोगः / मृदु विरेचनम् / तीक्ष्ण विरेचनम् / नस्य	मृदु विरेचनम्	1	
418	मात्रावस्तौ स्नेहमात्रा का?	उभे	1 पल / 2 पल / उभे / न किञ्चित्	उभे	1	
419	अनुवासनवस्त्यै अयोग्यः कः?	सर्वे	मेह रोगः / कुष्ठम् / उदर रोगः / सर्वे	उत्तरम्: सर्वे	1	
425	मर्श-नस्यस्य मात्रा का?	8 शाण	2 शाण / 4 शाण / 8 शाण / 10 शाण	8 शाण	1	
426	प्रतिमर्श-नस्यस्य मात्रा का?	2 बिन्दु	अर्द्ध बिन्दु / 1 बिन्दु / 2 बिन्दु / 4 बिन्दु	अर्द्ध बिन्दु	1	
432	गण्डूषं धारयितुं चूर्णस्य मात्रा का अस्ति?	1 कोल	अर्ध कोल / 1 कर्ष / 1 कोल / अर्ध कर्ष	अर्ध कर्ष	1	(:Chuurna_kalpanaa {'lemma': चूर्ण})<-[:IS_APPROPRIATE_FOR_KALPANA]-({'lemma': चेतकी})
433	कवलं धारयितुं कल्कस्य का मात्रा गृह्णीयात्?	1 कर्ष	अर्ध कर्ष / 1 कर्ष / 2 कर्ष / 1 कोल	अर्ध कर्ष	1	
439	वर्त्मगतरोगेषु कियत् वाक्-शतपर्यन्तं तर्पणं कार्यम्?	100	100 / 500 / 600 / 700	उत्तरम्: 500	1	
441	रसरूपं चूर्णरूपं वर्त्तिरूपं च एते कस्य भेदाः?	अञ्जन	पुटपाक / तर्पण / अञ्जन / सेक	अञ्जनस्य	1	
443	भावप्रकाशे उक्ता रोगिणः परीक्षा केन आचार्येण उक्तपरीक्षातुल्या?	वाग्भट्टः	चरकः / सुश्रुतः / वाग्भट्टः / माधवः	सुश्रुतः	1	
11	आमलकी एतेषु कस्य पर्यायः नास्ति?	कर्षफलम्	शिवः / धात्रीफलम् / श्रीफलम् / कर्षफलम्	श्रीफलम्	1	
