sentence	gold	id	gpt-4o	llama-v3p1-405b-instruct	gpt-4o-mini	llama-v3p1-8b-instruct
शत्रुरावणः राजा रावणः मैथिलीं इति उक्त्वा ततः सर्वा राक्षसीर् संदिश्य च निर्जगाम ह	O O B-ASURA O O O O O B-RAKSHASA O O O O	1	{'B-RAKSHASA': ['रावणः', 'रावणः', 'राक्षसीः']}	{'B-RAKSHASA': ['रावणः'], 'B-HUMAN': ['मैथिलीं']}	{'B-<RAKSHASA>': ['शत्रुरावणः', 'राजा', 'रावणः'], 'B-<HUMAN>': ['मैथिलीं']}	{'B-
राक्षसेन्द्रे निष्क्रान्ते तु पुनर् अन्तःपुरं गते भीमरूपास्ताः राक्षस्यो सीतां समभिदुद्रुवुः	B-ASURA O O O O O O B-RAKSHASA B-HUMAN O	2	{'B-RAKSHASA': ['राक्षसेन्द्रे', 'राक्षस्यः'], 'B-HUMAN': ['सीताम्‌'], 'B-PALACE': ['अन्तःपुरम्‌']}	{'B-RAKSHASA': ['राक्षसेन्द्रे', 'राक्षस्यो'], 'B-HUMAN': ['सीतां']}	{'B-ASURA': ['राक्षसेन्द्रे'], 'B-RAKSHASA': ['भीमरूपास्ताः', 'राक्षस्यो'], 'B-HUMAN': ['सीतां']}	{'B-RAKSHASA': ['राक्षसेन्द्रे', 'राक्षस्यो', 'राक्षस्यो'], 'B-DEVA': ['भीमरूपास्ताः']}
ततः क्रोधमूर्छिताः राक्षस्यः सीताम् उपागम्य परं परुषया वाचा वैदेहीम् इदम् अब्रुवन्	O O B-RAKSHASA B-HUMAN O O O O O O O	3	{'B-RAKSHASA': ['राक्षस्यः'], 'B-HUMAN': ['सीताम्', 'वैदेहीम्']}	{'B-RAKSHASA': ['राक्षस्यः']}	{'B-RAKSHASA': ['क्रोधमूर्छिताः', 'राक्षस्यः'], 'B-HUMAN': ['सीताम्', 'वैदेहीम्'], 'O': ['ततः', 'उपागम्य', 'परं', 'परुष	{'B-RAKSHASA': ['राक्षस्यः'], 'B-DEVA': ['वैदेहीम्']}
सीते पौलस्त्यस्य वरिष्ठस्य दशग्रीवस्य महात्मनः रावणस्य भार्या त्वम् न बहु मन्यसे	B-HUMAN B-KULA O O O B-ASURA O O O O O	4	{'B-HUMAN': ['सीते'], 'B-ASURA': ['दशग्रीवस्य', 'रावणस्य']}	{'B-RAKSHASA': ['पौलस्त्यस्य', 'दशग्रीवस्य', 'रावणस्य']}	{'B-<HUMAN>': ['सीते'], 'B-<ASURA>': ['दशग्रीवस्य', 'रावणस्य']}	{'B-RAKSHASA': ['रावणस्य', 'दशग्रीवस्य', 'महात्मनः'], 'B-HUMAN': ['सीते', 'पौलस्त्यस्य', 'वरिष्ठस्य', 'भार्या']}
ततस् तु एकजटा नाम राक्षसी क्रोधताम्राक्षी करतलोदरीम् सीतां आमन्त्र्य वाक्यम् अब्रवीत्	O O B-RAKSHASA O O O O B-HUMAN O O O	5	{'B-RAKSHASA': ['एकजटा']}	{'B-RAKSHASA': ['एकजटा', 'करतलोदरीम्']}	{'B-RAKSHASA': ['एकजटा'], 'B-HUMAN': ['सीता'], 'B-ASURA': ['क्रोधताम्राक्षी']}	{'B-RAKSHASA': ['एकजटा नाम राक्षसी', 'क्रोधताम्राक्षी'], 'B-HUMAN': ['सीतां']}
षण्णां प्रजापतीनां यः चतुर्थो प्रजापतिः तु ब्रह्मणः मानसो पुत्रः पुलस्त्य इति विश्रुतः	O O O O O O O O O B-HUMAN O O	6	{'B-HUMAN': ['पुलस्त्य', 'ब्रह्मणः']}	{'B-DEVA': ['ब्रह्मणः']}	{'B-<ASURA>': ['पुलस्त्य']}	{'B-DEVA': ['प्रजापतीनां', 'प्रजापतिः', 'ब्रह्मणः', 'पुलस्त्य'], 'B-HUMAN': ['षण्णां']}
पुलस्त्यस्य मानसः सुतः नाम्ना महर्षिर् विश्रवा नाम स तु प्रजापतिसमप्रभः तेजस्वी	B-HUMAN O O O O B-HUMAN O O O O O	7	{'B-HUMAN': ['पुलस्त्यस्य', 'विश्रवा']}	{'B-HUMAN': ['पुलस्त्यस्य', 'विश्रवा']}	{'B-HUMAN': ['महर्षिर्', 'विश्रवा']}	{'B-DEVA': ['पुलस्त्यस्य', 'विश्रवा'], 'B-HUMAN': ['मानसः', 'सुतः', 'महर्षिर्', 'प्रजापतिसमप्रभः', 'तेजस्वी']}
विशालाक्षि शत्रुरावणः रावणः तस्य पुत्रो	O O B-ASURA O O	8	{'B-RAKSHASA': ['रावणः', 'रावणः']}	{'B-RAKSHASA': ['विशालाक्षि', 'रावणः'], 'B-HUMAN': ['पुत्रो']}	{'B-ASURA': ['शत्रु', 'रावणः', 'रावणः'], 'B-HUMAN': ['विशालाक्षि'], 'B-KULA': ['तस्य']}	{'B-RAKSHASA': ['विशालाक्षि', 'रावणः'], 'B-HUMAN': ['रावणः', 'तस्य पुत्रो']}
ततो मार्जार सदृश ईक्षणा हरिजटा नाम राक्षसी कोपात् नयने विवृत्य वाक्यम् अब्रवीत्	O O O O O O B-RAKSHASA O O O O O	9	{'B-RAKSHASA': ['मार्जार', 'हरिजटा']}	{'B-RAKSHASA': ['हरिजटा']}	{'B-<RAKSHASA>': ['हरिजटा']}	{'B-RAKSHASA': ['मार्जार सदृश ईक्षणा हरिजटा नाम राक्षसी']}
येन त्रयस्त्रिंशत् देवाः च देवराजः निर्जितः	O O B-DEVA O B-DEVA O	10	{'B-DEVA': ['देवाः', 'देवराजः']}	{'B-DEVA': ['देवाः', 'देवराजः']}	{'B-<DEVA>': ['त्रयस्त्रिंशत्', 'देवाः', 'देवराजः']}	{'B-DEVA': ['त्रयस्त्रिंशत् देवाः', 'देवराजः']}
महाबलः राजा रावणः सर्वासां प्रियां महाभागां च बहुमतां भार्या त्यक्त्वा त्वाम् उपैष्यति	O O B-ASURA O O O O O O O O O	11	{'B-HUMAN': ['राजा'], 'B-RAKSHASA': ['रावणः']}	{'B-RAKSHASA': ['रावणः']}	{'B-<RAKSHASA>': ['<पदम्‌_2>'], 'B-<HUMAN>': ['<पदम्‌_3>'], 'B-<HUMAN>': ['<पदम्‌_5>']}	{'B-RAKSHASA': ['राजा रावणः'], 'B-HUMAN': ['त्वाम्'], 'B-DEVA': ['सर्वासां', 'महाभागां']}
रावणः सहस्रेण स्त्री समृद्धं नाना रत्न उपशोभितम् अन्तःपुरं समुत्सृज्य त्वाम् उपैष्यति	B-ASURA O B-HUMAN O O O O B-PALACE O O O	12	{'B-RAKSHASA': ['रावणः'], 'B-PALACE': ['अन्तःपुरं']}	{'B-RAKSHASA': ['रावणः']}	{'B-<KINGDOM>': ['अन्तःपुरं']}	
येन असकृद् युद्धे देवता समरे नाग गन्धर्व दानवाः निर्जिताः	O O O B-DEVA O B-NAGA B-GANDHARVA B-RAKSHASA O	13	{'B-DEVA': ['देवता'], 'B-NAGA': ['नाग'], 'B-GANDHARVA': ['गन्धर्व']}	{'B-DEVA': ['देवता'], 'B-NAGA': ['नाग'], 'B-GANDHARVA': ['गन्धर्व']}	{'B-DEVA': ['देवता'], 'B-NAGA': ['नाग'], 'B-GANDHARVA': ['गन्धर्व'], 'B-ASURA': ['दानवाः']}	{'B-DEVA': ['देवता'], 'B-NAGA': ['नाग'], 'B-GANDHARVA': ['गन्धर्व'], 'B-ASURA': ['दानवाः']}
ऽधमे तस्य सर्वसमृद्धस्य राक्षसेन्द्रस्य महात्मनः रावणस्य भार्या त्वम् किमर्थं न इच्छसे	O O O O O B-ASURA O O O O O	14	{'B-RAKSHASA': ['राक्षसेन्द्रस्य', 'रावणस्य']}	{'B-RAKSHASA': ['राक्षसेन्द्रस्य', 'रावणस्य']}	{'B-<RAKSHASA>': ['राक्षसेन्द्रस्य'], 'B-<RAKSHASA>': ['रावणस्य'], 'B-<HUMAN>': ['त्वम्']}	{'B-RAKSHASA': ['राक्षसेन्द्रस्य', 'रावणस्य'], 'B-HUMAN': ['त्वम्']}
आयतापाङ्गे यस्य भीतो सूर्यो न तपति यस्य च मारुतः न वाति स्म तस्य त्वं किं न तिष्ठसि	O O O B-DEVA O O O O B-DEVA O O O O O O O O	15	{'B-HUMAN': ['सूर्यो', 'मारुतः']}	{'B-DEVA': ['सूर्यो', 'मारुतः']}	{'B-<HUMAN>': ['तस्य'], 'B-<DEVA>': ['सूर्यो'], 'B-<ASURA>': ['मारुतः']}	{'B
सुभ्रु! यस्य भयात् तरवो पुष्प वृष्टिम् च वै यदा इच्छति शैलाश्च जलदाश्च पानीयं मुमुचुर्	O O O B-TREE B-FLOWER O O O O O B-MOUNTAIN O O O	16	{'B-TREE': ['तरवो'], 'B-FLOWER': ['पुष्प'], 'B-MOUNTAIN': ['शैलाश्च'], 'B-GRAHA': ['जलदाश्च']}	{'B-TREE': ['तरवो'], 'B-FLOWER': ['पुष्प'], 'B-MOUNTAIN': ['शैलाश्च'], 'B-GRAHA': ['जलदाश्च']}	{'B-<सत्त्व:1>': ['तरवो', 'पुष्प'], 'B-<सत्त्व:2>': ['शैलाश्च', 'जलदाश्च']}	
भामिनि तस्य नैरृतराजस्य राजराजस्य रावणस्य भार्यार्थे त्वं बुद्धिं हि किं न कुरुषे	O O O O B-ASURA O O O O O O O	17	{'B-RAKSHASA': ['नैरृतराजस्य', 'राजराजस्य', 'रावणस्य']}	{'B-RAKSHASA': ['नैरृतराजस्य', 'राजराजस्य', 'रावणस्य']}	{'B-ASURA': ['नैरृतराजस्य', 'राजराजस्य', 'रावणस्य']}	{'B-DEVA': ['राजराजः', 'रावणः'], 'B-HUMAN': ['भामिनि']}
देवि ते तत्त्वतो साधु कथितं ततः परुषा विकृताननाः राक्षस्यो नार्य सीताम् उपागम्य ताम् परुषं अप्रियम् वाक्यम् ऊचुः	B-HUMAN O O O O O O O O B-RAKSHASA B-HUMAN O O O O O O	18	{'B-DEVA': ['देवि'], 'B-RAKSHASA': ['राक्षस्यो'], 'B-HUMAN': ['सीताम्']}	{'B-RAKSHASA': ['राक्षस्यो']}	{'B-<RAKSHASA>': ['<पदम्‌_4>', '<पदम्‌_5>']}	वाक्यम्‌: देवि ते तत्त्वतो साधु कथितं ततः परुषा विकृताननाः राक्षस्यो नार्य सीताम् उपागम्य ताम् परुषं अप्रियम् वाक्यम् ऊ
सीते सर्वभूतमनोहरे महार्ह शयन उपेते अन्तःपुरे वासम् त्वम् किं न अनुमन्यसे	B-HUMAN O O O O B-PALACE O O O O O	19	{'B-HUMAN': ['सीते'], 'B-HOUSE': ['अन्तःपुरे']}	{'B-HUMAN': ['सीते']}	{'B-<सत्त्व:1>': ['सीते'], 'B-<सत्त्व:2>': ['शयन', 'अन्तःपुरे']}	{'B-DEVA': ['सीते', 'महार्ह'], 'B-HUMAN': ['त्वम्'], 'B-RAKSHASA': ['अन्तःपुरे'], 'B-ASURA': ['अनुमन्यसे']}
मानुषी मानुषस्य भार्या एव त्वम् बहु मन्यसे	B-HUMAN O O O O O O	20	{'B-HUMAN': ['मानुषी', 'मानुषस्य']}	{'B-HUMAN': ['मानुषी', 'मानुषस्य']}	{'B-HUMAN': ['मानुषी', 'मानुषस्य']}	{'B-DEVA': ['मानुषी'], 'B-HUMAN': ['मानुषस्य', 'त्वम्', 'बहु', 'मन्यसे']}
रामात् मनो प्रत्याहर त्वं जातु न भविष्यसि	B-HUMAN O O O O O O	21	{'B-HUMAN': ['रामात्']}	{'B-HUMAN': ['रामात्']}	{'B-<HUMAN>': ['रामात्'], 'B-<HUMAN>': ['त्वं']}	{'B-<सत्त्व:1>': ['रामात्', 'त्वं'], 'B-<सत्त
अनिन्दिते शोभने मानुषी राज्याद् भ्रष्टम् असिद्धार्थं विक्लवं मानुषं तं रामम् तु त्वम् इच्छसि	O O B-HUMAN B-KINGDOM O O O B-HUMAN O B-HUMAN O O O	22	{'B-HUMAN': ['मानुषी', 'मानुषं', 'रामम्']}	{'B-HUMAN': ['मानुषी', 'मानुषं', 'रामम्']}	{'B-HUMAN': ['मानुषी', 'मानुषं', 'रामम्'], 'B-ASURA': ['भृष्टम्'], 'B-RAKSHASA': ['विक्लवं'], 'O': ['अनिन्दिते', 'शोभने', 'राज्याद्	"वाक्यम्‌: अनिन्दिते शोभने मानुषी राज्याद् भ्रष्टम् असिद्धार्थं विक्लवं मानुषं तं रामम् तु त्वम् इच्छसि
फ"
पद्मनिभेक्षणा सीता राक्षसीनां वचः श्रुत्वा अश्रुपूर्णाभ्याम् नेत्राभ्याम् इदं वचनम् अब्रवीत्	O B-HUMAN B-RAKSHASA O O O O O O O	23	{'B-HUMAN': ['सीता'], 'B-RAKSHASA': ['राक्षसीनां']}	{'B-HUMAN': ['सीता']}	{'B-<ASURA>': ['राक्षसीनां']}	{'B-DEVA': ['पद्मनिभेक्षणा'], 'B-HUMAN': ['सीता'], 'B-RAKSHASA': ['राक्षसीनां'], 'B-HUMAN': ['वचः'], 'B-RAKSHASA': ['श्रुत्व
संगताः यद् इदं लोकविद्विष्टम् उदाहरथ एतत् किल्बिषं वाक्यं मे मनसि न प्रतितिष्ठति	B-RAKSHASA O O O O O O O O O O O	24	{'O': ['संगताः', 'यद्', 'इदं', 'लोकविद्विष्टम्', 'उदाहरथ', 'एतत्', 'किल्बिषं', 'वाक्यं', 'मे', 'मनसि', 'न', '	{'B-HUMAN': ['संगताः']}	{}	{'B-
मानुषी राक्षसस्य भार्या न भवितुम् अर्हति	B-HUMAN B-RAKSHASA O O O O	25	{'B-HUMAN': ['मानुषी'], 'B-RAKSHASA': ['राक्षसस्य']}	{'B-HUMAN': ['मानुषी'], 'B-RAKSHASA': ['राक्षसस्य']}	{'B-RAKSHASA': ['<पदम्‌_3>'], 'B-HUMAN': ['<पदम्‌_1>']}	{'B-DEVA': ['मानुषी'], 'B-RAKSHASA': ['राक्षसस्य'], 'B-HUMAN': ['भार्या'], 'B-RAKSHASA': ['राक्षसस्य'], 'B-HUMAN': ['भार्य
रावणचोदिताः राक्षस्यः सीताया वचनं श्रुत्वा क्रोधमूर्छिताः परुषैर् वाक्यै भर्त्सयन्ति स्म	O B-RAKSHASA B-HUMAN O O O O O O O	26	{'B-RAKSHASA': ['राक्षस्यः'], 'B-HUMAN': ['सीताया']}	{'B-RAKSHASA': ['राक्षस्यः']}	{'B-<ASURA>': ['राक्षस्यः']}	{'B-RAKSHASA': ['रावणचोदिताः', 'राक्षस्यः'], 'B-HUMAN': ['सीताया'], 'B-DEVA': ['क्रोधमूर्छिताः'], 'B-RAKSHASA': ['पर
स कपिः हनुमाञ् निर्वाक्यो शिंशपाद्रुमे अवलीनः सीतां संतर्जयतीः ताः राक्षसीर् अशृणोत्	O B-VANARA B-VANARA O B-TREE O B-HUMAN O O B-RAKSHASA O	27	{'B-VANARA': ['कपिः'], 'B-HUMAN': ['हनुमाञ्', 'सीतां'], 'B-TREE': ['शिंशपाद्रुमे'], 'B-RAKSHASA': ['राक्षसीर्']}	{'B-HUMAN': ['सीतां'], 'B-TREE': ['शिंशपाद्रुमे'], 'B-RAKSHASA': ['राक्षसीर् '], 'B-VANARA': ['हनुमाञ्']}	{'B-<HUMAN>': ['हनोमाञ्'], 'B-<TREE>': ['शिंशपाद्रुमे'], 'B-<ASURA>': ['राक्षसीर्']}	{'B-DEVA': ['हनुमाञ्'], 'B-RAKSHASA': ['राक्षसीर्']}
परमक्रुद्धाः परश्वधान् प्रगृह्य आशु च ऊचुः	O B-AXE O O O O	28	{'B-AXE': ['परश्वधान्']}	{'B-AXE': ['परश्वधान्']}	{'B-<ASURA>': ['परमक्रुद्धाः'], 'B-<AXE>': ['परश्वधान्']}	{'B-DEVA': ['परमक्रुद्धाः', 'परश्वधान्', 'प्रगृह्य', 'आशु', 'च', 'ऊचुः']}
इयम् राक्षसाधिपम् रावणं भर्तारं न अर्हति	O O B-ASURA O O O	29	{'B-RAKSHASA': ['राक्षसाधिपम्', 'रावणं']}	{'B-RAKSHASA': ['राक्षसाधिपम्', 'रावणं']}	{'B-<ASURA>': ['राक्षसाधिपम्', 'रावणं']}	{'B-RAKSHASA': ['राक्षसाधिपम्', 'रावणं'], 'B-HUMAN': ['भर्तारं', 'न अर्हति']}
भीमाभी राक्षसीभिर् भर्त्स्यमाना सा वरानना सा बाष्पम् अपमार्जन्ती ताम् शिंशपां उपागमत्	O B-RAKSHASA O O O O O O O B-TREE O	30	{'B-RAKSHASA': ['राक्षसीभिः'], 'B-TREE': ['शिंशपाम्']}	{'B-RAKSHASA': ['राक्षसीभिर्'], 'B-HUMAN': ['भीमाभी', 'वरानना']}	{'B-<RAKSHASA>': ['भीमाभी', 'राक्षसीभिर्'], 'B-<HUMAN>': ['सा'], 'B-<TREE>': ['शिंशपां']}	{'B-RAKSHASA': ['भीमाभी', 'राक्षसीभि'], 'B-DEVA': ['शिंशपां']}
ततस् विशालाक्षी शोकपरिप्लुता सीता राक्षसीभिः समावृता ताम् शिंशपां अभिगम्य तस्थौ	O O O B-HUMAN B-RAKSHASA O O B-TREE O O	31	{'B-HUMAN': ['सीता'], 'B-RAKSHASA': ['राक्षसीभिः'], 'B-TREE': ['शिंशपां']}	{'B-HUMAN': ['सीता'], 'B-TREE': ['शिंशपाम्']}	{'B-<RAKSHASA>': ['<पदम्‌_4>'], 'B-<HUMAN>': ['<पदम्‌_3>']}	{'B-DEVA': ['विशालाक्षी'], 'B-HUMAN': ['सीता'], 'B-RAKSHASA': ['राक्षसी']}
ताः भीमा राक्षस्यः कृशां दीनवदनां मलिनाम्बरधारिणीम् तां समन्तत: भर्त्सयांचक्रिरे	O O B-RAKSHASA O O O O O O	32	{'B-RAKSHASA': ['भीमा', 'राक्षस्यः']}	{'B-RAKSHASA': ['राक्षस्यः']}	{'B-<RAKSHASA>': ['भीमा', 'राक्षस्यः'], 'B-<HUMAN>': ['कृशां'], 'B-<HUMAN>': ['दीनवदनां'], 'B-<ORNAMENT>': ['मलिन	{'B-RAKSHASA': ['ताः', 'भीमा', 'राक्षस्यः', 'कृशां', 'दीनवदनां', 'मलिनाम्बरधारिणीम्', 'तां', 'भर्त्सयांच
ततस् भीमदर्शना कुपिताकारा कराला निर्णतोदरी विनता नाम राक्षसी ताम् अब्रवीत्	O O O O O B-RAKSHASA O O O O	33	{'B-RAKSHASA': ['भीमदर्शना', 'कुपिताकारा', 'निर्णतोदरी', 'विनता']}	{'B-RAKSHASA': ['विनता']}	{'B-<RAKSHASA>': ['कुपिताकारा', 'कराला', 'निर्णतोदरी', 'विनता']}	{'B-RAKSHASA': ['भीमदर्शना', 'कुपिताकारा', 'कराला', 'निर्णतोदरी', 'विनता']}
सीते भर्तृ स्नेहः निदर्शितः एतावद् पर्याप्तम्	B-HUMAN O O O O O	34	{'B-HUMAN': ['सीते']}	{'B-HUMAN': ['सीते']}	{'B-HUMAN': ['सीते', 'भर्तृ']}	{'B-DEVA': ['सीते', 'भरतृ', 'स्नेहः', 'निदर्शितः', 'एतावद्', 'पर्याप्तम्']}
मैथिलि मानुषः विधिः कृतो तु ते परितुष्टा अस्मि ते भद्रं मम ब्रुवन्त्याः पथ्यं वचः अपि कुरु	B-HUMAN O O O O O O O O O O O O O O O	35	{'B-HUMAN': ['मानुषः']}	{'B-HUMAN': ['मैथिलि']}	{'B-HUMAN': ['मैथिलि'], 'B-ASURA': ['मानुषः'], 'B-HUMAN': ['ते'], 'B-HUMAN': ['भद्रं'], 'B-HUMAN': ['वचः']}	"वाक्यम्‌: मैथिलि मानुषः विधिः कृतो तु ते परितुष्टा अस्मि ते भद्रं मम ब्रुवन्त्याः पथ्यं वचः अपि कुरु
फ"
सर्व रक्षसाम् भर्तारं विक्रान्तं सुरेशम् इव रूपवन्तं वासवम् च रावणं भर्तारं भज	O B-RAKSHASA O O B-DEVA O O B-DEVA O B-ASURA O O	36	{'B-RAKSHASA': ['राक्षसाम्', 'रावणं'], 'B-DEVA': ['सुरेशम्', 'वासवम्']}	{'B-RAKSHASA': ['रक्षसाम्', 'रावणं'], 'B-DEVA': ['सुरेशम्', 'वासवम्']}	{'B-<ASURA>': ['रावणं'], 'B-<HUMAN>': ['भर्तारं', 'भर्तारं'], 'B-<DEVA>': ['वासवम्', 'सुरेशम्'], 'I-<DEVA>': ['र	{'B-RA
मानुषं कृपणं रामं त्यक्त्वा सर्वस्य प्रियवादिनम् दक्षिणं च त्यागशीलं रावणम् आश्रय	O O B-HUMAN O O O O O O B-ASURA O	37	"{ 
  'B-HUMAN': ['मानुषं', 'रामं'], 
  'B-RAKSHASA': ['रावणम्'] 
}"	{'B-HUMAN': ['मानुषं', 'रामं'], 'B-RAKSHASA': ['रावणम्']}	{'B-HUMAN': ['मानुषं', 'रामं'], 'B-ASURA': ['रावणम्']}	{'B-
वैदेहि दिव्य अङ्ग रागा दिव्याभरणभूषिता अद्य प्रभृति सर्वेषां लोकानाम् ईश्वरी भव	B-HUMAN O O O B-ORNAMENT O O O O O O	38	{'B-HUMAN': ['वैदेहि']}	{'B-HUMAN': ['वैदेहि']}	{'B-<सत्त्व:1>': ['वैदेहि'], 'B-<सत्त्व:2>': ['अङ्ग', 'अभरणभूषिता'], 'B-<सत्त्व:3>': ['ईश्वरी']}	{'B-DEVA': ['
शोभने यथा अग्नेः स्वाहा देवी शची इन्द्रस्य इव	O O B-DEVA B-DEVA O B-DEVA B-DEVA O	39	{'B-DEVA': ['अग्नेः', 'शची', 'इन्द्रस्य']}	{'B-DEVA': ['अग्नेः', 'इन्द्रस्य'], 'B-DEVI': ['स्वाहा देवी', 'शची']}	{'B-<DEVA>': ['देवी', 'शची'], 'B-<ASURA>': ['इन्द्रस्य']}	{'B-DEVA': ['शची', 'इन्द्रस्य'], 'B-DEVA': ['देवी']}
वैदेहि कृपणेन गतायुषा रामेण ते किं	B-HUMAN O O B-HUMAN O O	40	{'B-HUMAN': ['वैदेहि', 'रामेण']}	{'B-HUMAN': ['वैदेहि', 'रामेण']}	{'B-HUMAN': ['रामेण']}	{'B-DEVA': ['वैदेहि', 'रामेण'], 'B-HUMAN': ['कृपणेन', 'गतायुषा']}
एतद् च मे उक्तं वाक्यं यदि त्वं न करिष्यसि वयम् सर्वाः अस्मिन् मुहूर्ते त्वा भक्षयिष्यामहे	O O O O O O O O O O O O B-MUHURTA O O	41	{'B-MUHURTA': ['मुहूर्ते']}	{'B-MUHURTA': ['मुहूर्ते']}	{'B-<सत्त्व:1>': ['<पदम्‌_5>']}	"वाक्यम्‌: एतद् च मे उक्तं वाक्यं यदि त्वं न करिष्यसि वयम् सर्वाः अस्मिन् मुहूर्ते त्वा भक्षयिष्यामहे
फलित"
अन्या तु लम्बमानपयोधरा विकटा नाम कुपिता मुष्टिम् उद्यम्य गर्जती सीतां अब्रवीत्	O O O B-RAKSHASA O O O O O B-HUMAN O	42	{'B-HUMAN': ['अन्या', 'सीतां']}	{'B-HUMAN': ['सीता']}	{'B-<ASURA>': ['लम्बमानपयोधरा'], 'B-<HUMAN>': ['सीता'], 'B-<ASURA>': ['विकटा'], 'B-<ASURA>': ['कुपिता']}	{'B-DEVA': ['अन्या'], 'B-RAKSHASA': ['लम्बमानपयोधरा'], 'B-HUMAN': ['सीतां'], 'B-ASURA': ['कुपिता']}
सुदुर्मते मैथिलि तव बहूनि अप्रतिरूपाणि वचनानि अनुक्रोशात् मृदु च त्वात् सोढानि	O B-HUMAN O O O O O O O O O	43	'B-HUMAN': ['मैथिलि']	{'B-HUMAN': ['मैथिलि']}	{}	{'B-DEVA': ['सुदुर्मते', 'मैथिलि', 'तव', 'अनुक्रोशात्', 'मृदु', 'च', 'त्वात्'], 'B-HUMAN': ['बहूनि', 'अप्रतिर
मैथिलि आनीता असि समुद्रस्य पारम् रावणस्य घोरं अन्तःपुरम् प्रविष्टा असि च अन्यैर् दुरासदम्	B-HUMAN O O B-SEA O B-ASURA O B-PALACE O O O O O	44	{'B-HUMAN': ['मैथिलि'], 'B-SEA': ['समुद्रस्य'], 'B-ASURA': ['रावणस्य'], 'B-PALACE': ['अन्तःपुरम्']}	{'B-SEA': ['समुद्रस्य'], 'B-RAKSHASA': ['रावणस्य'], 'B-PALACE': ['अन्तःपुरम्']}	{'B-<सत्त्व:1>': ['समुद्रस्य'], 'B-<सत्त्व:2>': ['रावणस्य', 'अन्तःपुरम्']}	{'B-DEVA': ['मैथिलि', 'रावणस्य'], 'B-HUMAN': ['असि', 'पारम्', 'प्रविष्टा'], 'B-RAKSHASA': ['अन्तःपुरम्'], 'B-
रावणस्य गृहे रुद्धा तु अस्माभिः सुरक्षिता त्वां परित्रातुम् साक्षात् पुरंदरः अपि न शक्तः	B-ASURA B-HOUSE O O O O O O O B-DEVA O O O	45	{'B-RAKSHASA': ['रावणस्य'], 'B-HOUSE': ['गृहे'], 'B-DEVA': ['पुरंदरः']}	{'B-RAKSHASA': ['रावणस्य'], 'B-HOUSE': ['गृहे'], 'B-DEVA': ['पुरंदरः']}	{'B-<HUMAN>': ['रावणस्य'], 'B-<HOUSE>': ['गृहे'], 'B-<DEVA>': ['पुरंदरः']}	{'
मैथिलि हित वादिन्याः मम वचनं कुरुष्व	B-HUMAN O O O O O	46	{'B-HUMAN': ['मैथिलि']}	{'B-HUMAN': ['मैथिलि']}	{}	{'B-DEVA': ['मैथिलि', 'हित', 'वादिन्याः'], 'B-HUMAN': ['मम', 'वचनं', 'कुरुष्व']}
सीते त्यज नित्य दैन्यताम् भज प्रीतिं प्रहर्षं च राक्षसराजेन सह यथासुखम् क्रीड	B-HUMAN O O O O O O O B-RAKSHASA O O O	47	{'B-HUMAN': ['सीते'], 'B-RAKSHASA': ['राक्षसराजेन']}	{'B-RAKSHASA': ['राक्षसराजेन']}	{'B-RAKSHASA': ['राक्षसराजेन']}	{'B-DEVA': ['स
मदिरेक्षणे त्वं राक्षसराजेन सह उद्यानानि च रम्याणि पर्वत च उपवनानि चर	O O O O B-GARDEN O O B-MOUNTAIN O B-FOREST O	48	{'B-RAKSHASA': ['राक्षसराजेन'], 'B-GARDEN': ['उद्यानानि'], 'B-MOUNTAIN': ['पर्वत'], 'B-FOREST': ['उपवनानि']}	{'B-RAKSHASA': ['राक्षसराजेन']}	{'B-<RAKSHASA>': ['राक्षसराजेन'], 'B-<GARDEN>': ['उद्यानानि'], 'B-<MOUNTAIN>': ['पर्वत'], 'B-<FOREST>': ['उपवनानि']}	{'B-RAKSHASA': ['राक्षसराजेन'], 'B-DEVA': ['त्वं'], 'B-RAKSHASA': ['राक्षसराजेन'], 'B-RAKSHASA': ['राक्षसराजेन'], 'B-RAK
सर्व रक्षसाम् भर्तारं रावणं भर्तारं भज	O O O B-ASURA O O	49	{'B-RAKSHASA': ['राक्षसाम्', 'रावणम्']}	{'B-RAKSHASA': ['रक्षसाम्', 'रावणं']}	{'B-<ASURA>': ['रक्षसाम्', 'रावणं'], 'I-<ASURA>': ['भर्तारं', 'भर्तारं']}	{'B-RAKSHASA': ['रावण']}
मैथिलि मे व्याहृतं वाक्यं यदि यथावत् न करिष्यसि ते हृदयं उत्पाट्य वा भक्षयिष्यामि	B-HUMAN O O O O O O O O O O O O	50	{'B-HUMAN': ['मैथिलि']}	{'B-RAKSHASA': ['मैथिलि']}	{'B-<ASURA>': ['उत्पाट्य'], 'B-<ASURA>': ['भक्षयिष्यामि']}	{'
ततस् क्रूरदर्शना चण्डोदरी नाम राक्षसी महत् शूलम् भ्रामयन्ती इदं वचनम् अब्रवीत्	O O B-RAKSHASA O O O B-ASTRA O O O O	51	{'B-RAKSHASA': ['चण्डोदरी']}	{'B-RAKSHASA': ['चण्डोदरी']}	{'B-<RAKSHASA>': ['चण्डोदरी'], 'B-<ASTRA>': ['शूलम्']}	{'B-RAKSHASA': ['ततस् क्रूरदर्शना चण्डोदरी नाम राक्षसी'], 'B-शूलम्': ['महत्'], 'B-वचनम्': ['इदं']}
रावणेन हृतां हरिणलोलाक्षीं त्रास उत्कम्प पयोधराम् इमां दृष्ट्वा मे महान् दौर्हृदो अभूत्	B-ASURA O O O O O O O O O O O	52	{'B-RAKSHASA': ['रावणेन']}	{'B-RAKSHASA': ['रावणेन']}	{'B-ASURA': ['रावणेन'], 'B-HUMAN': ['हरिणलोलाक्षीं'], 'B-SEA': ['पयोधराम्']}	{'B
ततस् तु प्रघसा नाम राक्षसी वाक्यम् अब्रवीत्	O O B-RAKSHASA O O O O	53	{'B-RAKSHASA': ['प्रघसा']}	{'B-RAKSHASA': ['प्रघसा']}	{'B-<RAKSHASA>': ['प्रघसा']}	{'B-RAKSHASA': ['प्रघसा'], 'B-HUMAN': ['राक्षसी']}
ततो राज्ञे निवेद्यतां ह सा मानुषी मृता इति	O B-ASURA O O O B-HUMAN O O	54	{'B-HUMAN': ['राज्ञे', 'मानुषी']}	{'B-HUMAN': ['राज्ञे', 'मानुषी']}	{'B-HUMAN': ['सा'], 'B-ASURA': ['मृता']}	{'B-DEVA': ['राज्ञे'], 'B-HUMAN': ['मानुषी']}
ततस् तु अजामुखी नाम राक्षसी वाक्यम् अब्रवीत्	O O B-RAKSHASA O O O O	55	{'B-RAKSHASA': ['अजामुखी']}	{'B-RAKSHASA': ['अजामुखी']}	{'B-<RAKSHASA>': ['अजामुखी'], 'I-<RAKSHASA>': ['राक्षसी']}	{'B-RAKSHASA': ['अजामुखी']}
ततः शूर्पणखा नाम राक्षसी वाक्यम् अब्रवीत्	O B-RAKSHASA O O O O	56	{'B-RAKSHASA': ['शूर्पणखा']}	{'B-RAKSHASA': ['शूर्पणखा']}	{'B-Rakshasa': ['शूर्पणखा']}	{'B-RAKSHASA': ['शूर्पणखा']}
अजामुख्या यद् उक्तं तद् एव मम हि रोचते	B-RAKSHASA O O O O O O O	57	{'B-ASURA': ['अजामुख्या']}	{'B-HUMAN': ['अजामुख्या']}	{}	{'B-<सत्त्व:1>': ['अजामुख्या', 'यद्', 'तद्
सर्वशोकविनाशिनी सुरा च क्षिप्रं आनीयताम्	O B-VINE O O O	58	{'B-DEVA': ['सुरा']}	{'B-DEVA': ['सुरा']}	{'B-<DEVA>': ['सुराऽ'], 'B-<ASURA>': ['शोकविनाशिनी']}	{'B-DEVA': ['सर्वशोकविनाशिनी', 'सुरा']}
मानुषं मांसम् आसाद्य ऽथ निकुम्भिलाम् नृत्यामो	B-HUMAN O O O B-DEVA O	59	{'B-HUMAN': ['मानुषं'], 'B-RAKSHASA': ['निकुम्भिलाम्']}	{'B-RAKSHASA': ['निकुम्भिलाम्']}	{'B-HUMAN': ['मानुषं'], 'B-ASURA': ['निकुम्भिलाम्']}	{'B-DEVA': ['मानुषं'], 'B-HUMAN': ['मांसम्'], 'B-DEVA': ['आसाद्य'], 'B-RAKSHASA': ['निकुम्भिलाम्'], 'B-HUMAN': ['नृत्यामो']}
सुघोराभिर् राक्षसीभिः एवं संभर्त्स्यमाना सुरसुतोपमा सा सीता धैर्यम् उत्सृज्य रोदिति	O B-RAKSHASA O O O O B-HUMAN O O O	60	{'B-RAKSHASA': ['राक्षसीभिः'], 'B-HUMAN': ['सीता']}	{'B-RAKSHASA': ['राक्षसीभिः'], 'B-DEVA': ['सुरसुतोपमा']}	{'B-<ASURA>': ['सुघोराभिर्', 'राक्षसीभिः'], 'B-<DEVA>': ['सुरसुतोपमा'], 'B-<HUMAN>': ['सीता']}	{'B-RAKSHASA': ['सुघोराभिर्', 'राक्षसीभिः'], 'B-HUMAN': ['सुरसुतोपमा', 'सीता']}
भीरु जानासि हि यथा स्त्रीणां यौवनम् अध्रुवम् यावत् ते न व्यतिक्रामेत् तावत् सुखम् अवाप्नुहि तासां असौम्यानां राक्षसीनाम् परुषं दारुणं वदन्तीनां तथा जनकात्मजा बहु रुरोद	B-HUMAN O O O O O O O O O O O O O O O B-RAKSHASA O O O O B-HUMAN O O	61	{'B-RAKSHASA': ['राक्षसीनाम्']}	{'B-HUMAN': ['जनकात्मजा']}	{'B-RAKSHASA': ['तासां', 'राक्षसीनाम्'], 'B-HUMAN': ['जानासि', 'जनकात्मजा']}	{'B-DEVA': ['भीरु', 'स्त्रीणां', 'राक्षसीनाम्', 'दारुणं', 'जनकात्मजा'], 'B-HUMAN': ['हि', 'ते', 'तावत्', 'तासां
राक्षसीभिर् एवम् उक्ता तु परमत्रस्ता मनस्विनी वैदेही बाष्प गद्गदया गिरा उवाच	B-RAKSHASA O O O O O O O O O O	62	{'B-RAKSHASA': ['राक्षसीभिः'], 'B-HUMAN': ['वैदेही']}	{'B-RAKSHASA': ['राक्षसीभिर्'], 'B-HUMAN': ['वैदेही']}	{'B-ASURA': ['राक्षसीभिः'], 'B-HUMAN': ['वैदेही'], 'B-FLOWER': ['बाष्प'], 'B-ORNAMENT': ['गद्गदया']}	{'B-RAKSHASA': ['राक्षसीभिर्'], 'B-DEVA': ['परमत्रस्ता'], 'B-HUMAN': ['वैदेही'], 'B-TREE': ['गिरा']}
मानुषी राक्षसस्य भार्या न भवितुम् अर्हति	B-HUMAN B-RAKSHASA O O O O	63	{'B-HUMAN': ['मानुषी'], 'B-RAKSHASA': ['राक्षसस्य']}	{'B-HUMAN': ['मानुषी'], 'B-RAKSHASA': ['राक्षसस्य']}	{'B-HUMAN': ['मानुषी'], 'B-ASURA': ['राक्षसस्य'], 'B-HUMAN': ['भार्या']}	{'B-DEVA': ['मानुषी'], 'B-RAKSHASA': ['राक्षसस्य'], 'B-HUMAN': ['भार्या'], 'B-RAKSHASA': ['राक्षसस्य'], 'B-HUMAN': ['भार्य
राक्षसीमध्यगता सुरसुतोपमा सा सीता रावणेन तर्जिता च दुःखार्ता शर्म न लेभे	O O O B-HUMAN B-ASURA O O O O O O	64	{'B-RAKSHASA': ['राक्षसीमध्यगता'], 'B-HUMAN': ['सीता'], 'B-ASURA': ['रावणेन']}	{'B-RAKSHASA': ['राक्षसीमध्यगता'], 'B-HUMAN': ['सुरसुतोपमा', 'सीता'], 'B-ASURA': ['रावणेन']}	{'B-ASURA': ['राक्षसीमध्यगता'], 'B-HUMAN': ['सीता', 'रावणेन'], 'B-DEVA': ['सुरसुतोपमा'], 'B-KINGDOM': ['दुःखार्ता']}	{'B-RAKSHASA': ['राक्षसीमध्यगता'], 'B-DEVA': ['सुरसुतोपमा'], 'B-HUMAN': ['सीता'], 'B-HUMAN': ['रावणेन'], 'B-HUMAN': ['शर्म
वने यूथपरिभ्रष्टा कोकैर् अर्दिता मृगी इव सीता आत्मनः अङ्गम् विशती इव अधिकम् वेपते स्म	B-FOREST O O O O O B-HUMAN O O O O O O O	65	{'B-FOREST': ['वने'], 'B-HUMAN': ['सीता']}	{'B-HUMAN': ['सीता']}	{'B-<HUMAN>': ['सीता'], 'B-<ANIMAL>': ['मृगी'], 'B-<FOREST>': ['वने']}	"वाक्यम्‌: वने यूथपरिभ्रष्टा कोकैर् अर्दिता मृगी इव सीता आत्मनः अङ्गम् विशती इव अधिकम् वेपते स्म

फलितम्"
शोकेन भग्नमानसा सा तु अशोकस्य विपुलां पुष्पिताम् शाखाम् आलम्ब्य भर्तारं चिन्तयामास	O O O O B-TREE O O O O O O	66	{'B-TREE': ['अशोकस्य']}	{'B-TREE': ['अशोकस्य']}	{'B-<सत्त्व:1>': ['अशोकस्य', 'पुष्पिताम्', 'शाखाम्']}	{'B-DEVA': ['शोकेन', 'अशोकस्य'], 'B-HUMAN': ['सा', 'भर्तारं'], 'B-TREE': ['शाखाम्']}
प्रवाते वेपमाना कदली यथा सा राक्षसीनां भयत्रस्ता पतिता विवर्ण वदना अभवत्	O O B-TREE O O B-RAKSHASA O O O O O	67	{'B-RAKSHASA': ['राक्षसीनां']}	{'B-RAKSHASA': ['राक्षसीनां']}	{'B-<RAKSHASA>': ['कदली'], 'B-<HUMAN>': ['सा'], 'B-<HUMAN>': ['पतिता'], 'B-<HUMAN>': ['विवर्ण वदना']}	{'B-DEVA': ['प्रवाते'], 'B-RAKSHASA': ['वेपमाना कदली'], 'B-HUMAN': ['यथा सा राक्षसीनां भयत्रस्ता पतिता विवर्ण वदना
तदा वेपन्त्याः सा सीतया तस्याः दीर्घ विपुला कम्पिनी वेणी परिसर्पती व्याली इव ददृशे	O O O B-HUMAN O O O O O O O O O	68	{'B-HUMAN': ['सीतया']}	{'B-HUMAN': ['सीतया']}	{'B-<सत्त्व:1>': ['सीता'], 'B-<सत्त्व:2>': ['विपुला', 'व्याली']}	{'B-DEVA': ['तदा', 'सा', 'सीतया', 'दीर्घ', 'विपुला', 'कम्पिनी', 'वेणी', 'परिसर्पती', 'व्याली'], 'B-RAKSH
दुःखार्ता शोक उपहत चेतना आर्ता सा मैथिली निःश्वसन्ती अश्रूणि व्यसृजद् विललाप ह	O O O O O O B-HUMAN O O O O O	69	{'B-HUMAN': ['मैथिली']}	{'B-HUMAN': ['मैथिली']}	{'B-<ASURA>': ['दुःखार्ता', 'शोक', 'आर्ता'], 'B-<HUMAN>': ['सा'], 'B-<FLOWER>': ['मैथिली'], 'B-<GARDEN>': ['अश्रूण	"वाक्यम्‌: दुःखार्ता शोक उपहत चेतना आर्ता सा मैथिली निःश्वसन्ती अश्रूणि व्यसृजद् विललाप ह
फलितम्‌"
भाविनि दुःख आर्ता हा रामैः इति पुनर् हा लक्ष्मणैः इति च हा मम श्वश्रु कौसल्ये च हा सुमित्रा इति	B-HUMAN O O O B-HUMAN O O O B-HUMAN O O O O O B-HUMAN O O B-HUMAN O	70	{'B-HUMAN': ['रामैः', 'लक्ष्मणैः', 'कौसल्ये', 'सुमित्रा']}	{'B-HUMAN': ['रामैः', 'लक्ष्मणैः', 'कौसल्ये', 'सुमित्रा']}	{'B-<HUMAN>': ['भाविनि', 'रामैः', 'लक्ष्मणैः', 'मम', 'श्वश्रु', 'कौसल्ये', 'सुमित्रा']}	"भाविनि दुःख आर्ता हा रामैः इति पुनर् हा लक्ष्मणैः इति च हा मम श्वश्रु कौसल्ये च हा सुमित्रा इति

फलितम्"
पण्डितैः ऽयं लोकप्रवादः सत्यो समुदाहृतः स्त्रिया वा पुरुषस्य वा अकाले मृत्युः दुर्लभो	B-HUMAN O O O O B-HUMAN O B-HUMAN O O O O	71	{'B-HUMAN': ['पण्डितैः', 'पुरुषस्य', 'स्त्रिया']}	{'B-HUMAN': ['पण्डितैः']}	{'B-<HUMAN>': ['पण्डितैः'], 'B-<HUMAN>': ['स्त्रिया', 'पुरुषस्य']}	{'B-DEVA': ['पण्डितैः', 'लोकप्रवादः', 'सत्यो', 'समुदाहृतः', 'दुर्लभो'], 'B-HUMAN': ['स्त्रिया', 'पुरुषस्य', 'अकाल
यत्र अहम् क्रूराभी राक्षसीभिर् अर्दिता रामेण आभिः हीना दुःखिता इह मुहूर्तम् अपि जीवामि	O O O B-RAKSHASA O B-HUMAN O O O O O O O	72	{'B-RAKSHASA': ['राक्षसीभिः'], 'B-HUMAN': ['रामेण'], 'B-MUHURTA': ['मुहूर्तम्']}	{'B-RAKSHASA': ['राक्षसीभिर्'], 'B-HUMAN': ['रामेण']}	{'B-RAKSHASA': ['क्रूराभी', 'राक्षसीभिर्'], 'B-HUMAN': ['रामेण'], 'B-MUHURTA': ['मुहूर्तम्']}	"वाक्यम्‌: यत्र अहम् क्रूराभी राक्षसीभिर् अर्दिता रामेण आभिः हीना दुःखिता इह मुहूर्तम् अपि जीवामि
फलितम्"
अल्प पुण्या कृपणा एषा समुद्रमध्ये वायु वेगैः आहता पूर्णा नौः इव अनाथ वत् विनशिष्यामि	O O O O B-SEA O O O O O O O O O	73	{'B-SEA': ['समुद्रमध्ये']}	{'B-SEA': ['समुद्रमध्ये']}	{'B-<HUMAN>': ['अल्प', 'पुण्या', 'कृपणा'], 'B-<SEA>': ['समुद्रमध्ये'], 'B-<VANARA>': ['वायु'], 'B-<RATHA>': ['नौः']	{'B-DEVA': ['अल्प', 'पूर्णा'], 'B-HUMAN': ['एषा', 'कृपणा'], 'B-ASTRA': ['वायु', 'वेगैः'], 'B-RAKSHASA': ['आहता
राक्षसीवशम् आगता भर्तारं तम् अपश्यन्ती तोय हतम् कूलं यथा शोकेन सीदामि खलु	O O O O O O O B-RIVERBANK O O O O	74	"{'B-RAKSHASA': ['राक्षसी'],
 'B-HUMAN': ['भर्तारं'],
 'B-KULA': ['कूलं']}"	{'B-RAKSHASA': ['राक्षसी'], 'B-HUMAN': ['भर्तारं']}	{'B-<ASURA>': ['राक्षसीवशम्'], 'B-<HUMAN>': ['भर्तारं'], 'B-<SEA>': ['तोय'], 'B-<KULA>': ['कूलं']}	'RAKSHASA', 'HUMAN', 'WATER', 'MOUNTAIN', 'TREE', 'FLOWER', 'HOUSE', 'GARDEN', 'FOREST', 'ASTRA', 'VINE', 'RIVERBANK', 'GRAHA', 'CITY', 'GRIDHRA
पद्मदलपत्राक्षं सिंहविक्रान्तगामिनम् कृतज्ञं प्रियवादिनम् मे नाथं पश्यन्ति तं धन्याः	O O O O O B-HUMAN O O O	75	{'B-HUMAN': ['पद्मदलपत्राक्षं', 'सिंहविक्रान्तगामिनम्', 'कृतज्ञं', 'प्रियवादिनम्', 'मे', 'नाथं']}	{'B-DEVA': ['पद्मदलपत्राक्षं']}	{'B-<HUMAN>': ['<पदम्‌_3>']}	"वाक्यम्‌: पद्मदलपत्राक्षं सिंहविक्रान्तगामिनम् कृतज्ञं प्रियवादिनम् मे नाथं पश्यन्ति तं धन्याः
फलितम्‌"
तीक्ष्णं विषम् आस्वाद्य इव विदितात्मना तेन रामेण हीनाया मम जीवितम् सर्वथा दुर्लभं	O O O O O O B-HUMAN O O O O O	76	{'B-HUMAN': ['रामेण']}	{'B-HUMAN': ['रामेण']}	{'B-HUMAN': ['रामेण'], 'B-ASURA': ['विषम्']}	{'B-DE
राक्षसीभिः रक्षन्त्या मया रामो न आसाद्यते महता शोकेन वृता च जीवितं त्यक्तुम् इच्छामि	B-RAKSHASA O O B-HUMAN O O O O O O O O O	77	{'B-RAKSHASA': ['राक्षसीभिः'], 'B-HUMAN': ['रामः']}	{'B-RAKSHASA': ['राक्षसीभिः'], 'B-HUMAN': ['रामो']}	{'B-ASURA': ['राक्षसीभिः'], 'B-HUMAN': ['रामो'], 'B-FLOWER': ['महता'], 'B-FESTIVAL': ['शोकेन']}	{'B
मानुष्यं धिक् अस्तु खलु परवश्यताम् धिक् धिग् यत् आत्मच्छन्देन जीवितम् परित्यक्तुम् न शक्यं प्रसक्त अश्रु मुखा बाला जनकात्मजा एवम् ब्रुवन्ती इति अधोमुखमुखी विलप्तुम् उपचक्रमे	B-HUMAN O O O O O O O O O O O O O O O O B-HUMAN O O O O O O	78	{'B-HUMAN': ['मानुष्यं'], 'B-HUMAN': ['जनकात्मजा']}	{'B-HUMAN': ['मानुष्यं']}	{'B-<सत्त्व:HUMAN>': ['मानुष्यं'], 'B-<सत्त्व:HUMAN>': ['जनकात्मजा']}	{'B-DEVA': ['मानुष्यं', 'धिक्', 'अस्तु', 'खलु', 'परवश्यताम्', 'धिक्', 'धिग्', 'यत्', 'आत्मच्छन्देन', 'जीव
उन्मत्ता इव प्रमत्ता इव भ्रान्त चित्ता इव शोचती महीतले उपावृत्ता किशोरी इव विवेष्टन्ती	O O O O O O O O O O B-HUMAN O O	79	{'B-HUMAN': ['किशोरी'], 'B-PLACE': ['महीतले']}	{'B-HUMAN': ['किशोरी']}	{'B-<HUMAN>': ['किशोरी'], 'B-<TREE>': ['महीतले']}	{'
राघवस्य प्रमत्तस्य कामरूपिणा रक्षसा प्रमथ्य रावणेन बलात् क्रोशती अहम् आनीता	B-HUMAN O O B-RAKSHASA O B-ASURA O O O O	80	{'B-HUMAN': ['राघवस्य'], 'B-RAKSHASA': ['रावणेन']}	{'B-HUMAN': ['राघवस्य', 'रावणेन', 'अहम्'], 'B-RAKSHASA': ['रक्षसा']}	{'B-<ASURA>': ['कामरूपिणा', 'रक्षसा', 'रावणेन'], 'B-<HUMAN>': ['राघवस्य'], 'B-<HUMAN>': ['अहम्']}	{'B-DEVA': ['राघवस्य', 'कामरूपिणा'], 'B-RAKSHASA': ['रक्षसा'], 'B-HUMAN': ['रावणेन'], 'B-DEVA': ['अहम्'], 'B-DEVA
राक्षसी वशम् आपन्ना सुदारुणम् भर्त्स्यमाना चिन्तयन्ती सु दुःख आर्ता अहम् जीवितुम् न उत्सहे	B-RAKSHASA O O O O O O O O O O O O	81	{'B-RAKSHASA': ['राक्षसी']}	{'B-RAKSHASA': ['राक्षसी']}	{'B-ASURA': ['राक्षसी'], 'B-HUMAN': ['अहम्'], 'B-FLOWER': ['सुदारुणम्'], 'B-ORNAMENT': ['दुःख']}	{'B-RAKSHASA': ['राक्षसी'], 'B-DEVA': ['सुदारुणम्'], 'B-HUMAN': ['भर्त्स्यमाना', 'चिन्तयन्ती', 'सु', 'दुःख', 'आर्त
महारथम् रामं विना राक्षसी मध्ये वसन्त्या मे जीवितेन अर्थः हि न अर्थैः एव न भूषणैः च न	O B-HUMAN O B-RAKSHASA O O O O O O O O O O B-ORNAMENT O O	82	{'B-RATHA': ['महारथम्'], 'B-HUMAN': ['रामं'], 'B-RAKSHASA': ['राक्षसी']}	{'B-HUMAN': ['रामं']}	{'B-<RAKSHASA>': ['<पदम्‌_3>']}	{'B-RAKSHASA': ['राक्षसी'], 'B-DEVA': ['रामं'], 'B-ORNAMENT': ['भूषणैः'], 'B-FLower': ['फलैः']}
असतीं अनार्याम् माम् धिक् अपि या अहम् तेन विना कृता पापजीविता मुहूर्तम् जीवितं रक्षामि	O O O O O O O O O O O B-MUHURTA O O	83	{'B-MUHURTA': ['मुहूर्तम्']}	{'B-HUMAN': ['असतीं', 'अनार्याम्', 'माम्', 'अहम्']}	{'B-<सत्त्व:1>': ['असतीं', 'अनार्याम्'], 'B-<सत्त्व:2>': ['पापजीविता', 'मुहूर्तम्', 'जीवितं']}	{'B
सागरान्ताया वसुधायाः भर्तारं प्रियंवदम् तं प्रियं च विना मे जीविते सुखे वा श्रद्धा का	B-SEA B-GRAHA O O O O O O O O O O O O	84	{'B-SEA': ['सागरान्ताया'], 'B-HOUSE': ['वसुधायाः']}	{'B-HUMAN': ['भर्तारं']}	{'B-<HUMAN>': ['प्रियंवद'], 'B-<HUMAN>': ['भर्तारं']}	{'B-DEVA': ['प्रियंवदम्', 'भर्तारं', 'प्रियं']}
विगर्हितम् निशाचरम् रावणं अहं सव्येन चरणेन अपि न स्पृशेयं कामयेयं किं पुनर्	O B-RAKSHASA B-RAKSHASA O O O O O O O O O	85	{'B-RAKSHASA': ['निशाचरम्', 'रावणं']}	{'B-RAKSHASA': ['निशाचरम्', 'रावणं']}	{'B-ASURA': ['रावणं']}	{'B-RAKSHASA': ['रावणं'], 'B-HUMAN': ['अहं']}
यो नृशंसस्वभावेन मां प्रार्थयितुम् इच्छति प्रत्याख्यातं न जानाति आत्मानम् न आत्मनः कुलम् न	O O O O O O O O O O O B-KULA O	86	{'B-HUMAN': ['यो'], 'B-KULA': ['कुलम्']}	{'B-HUMAN': ['यो']}	{'B-<HUMAN>': ['यो'], 'B-<ASURA>': ['प्रार्थयितुम्'], 'B-<HUMAN>': ['आत्मानम्'], 'B-<KULA>': ['आत्मनः कुलम्']}	{'B-DEVA': ['नृशंसस्वभावेन', 'मां', 'प्रत्याख्यातं', 'आत्मानम्', 'आत्मनः', 'कुलम्']}
छिन्ना भिन्ना विभक्ता वा दीप्ते अग्नौ प्रदीपिता वा रावणं न उपतिष्ठेयम् चिरम् प्रलापेन वः किं	O O O O O B-ASTRA O O B-ASURA O O O O O O	87	{'B-RAKSHASA': ['रावणं']}	{'B-RAKSHASA': ['रावण']}	{'B-<ASURA>': ['रावणं']}	"वाक्यम्‌: छिन्ना भिन्ना विभक्ता वा दीप्ते अग्नौ प्रदीपिता वा रावणं न उपतिष्ठेयम् चिरम् प्रलापेन वः किं
फलित"
राघवः प्राज्ञः कृतज्ञः सानुक्रोशश्च सद्वृत्तो ख्यातः च	B-HUMAN O O O O O O	88	{'B-HUMAN': ['राघवः']}	{'B-HUMAN': ['राघवः']}	{'B-HUMAN': ['राघवः']}	{'B-DEVA': ['राघवः'], 'B-HUMAN': ['प्राज्ञः', 'कृतज्ञः', 'सानुक्रोशश्च', 'सद्वृत्तो', 'ख्यातः']}
जनस्थाने येन एकेन चतुर्दश सहस्राणि राक्षसानां निरस्तानि स मां किं न अभिपद्यते	B-FOREST O O O O B-RAKSHASA O O O O O O	89	{'B-RAKSHASA': ['राक्षसानां']}	{'B-RAKSHASA': ['राक्षसानां']}	{'B-<RAKSHASA>': ['<पदम्‌_4>', '<पदम्‌_5>']}	{'B-DEVA': ['जनस्थाने', 'एकेन', 'स'], 'B-RAKSHASA': ['राक्षसानां']}
अल्पवीर्येण रावणेन रक्षसा अहम् निरुद्धा	O B-ASURA O O O	90	{'B-RAKSHASA': ['रावणेन', 'रक्षसा']}	{'B-RAKSHASA': ['रावणेन', 'रक्षसा']}	{'B-ASURA': ['रावणेन'], 'B-RAKSHASA': ['रक्षसा'], 'B-HUMAN': ['अहम्']}	{'B-DEVA': ['अहं'], 'B-RAKSHASA': ['रावणेन'], 'B-HUMAN': ['अहं']}
मे भर्ता आहवे रावणं हन्तुम् समर्थः खलु	O O O B-ASURA O O O	91	{'B-HUMAN': ['भर्ता'], 'B-RAKSHASA': ['रावणम्']}	{'B-RAKSHASA': ['रावणं']}	{'B-HUMAN': ['मे', 'भर्ता'], 'B-ASURA': ['रावणं'], 'O': ['आहवे', 'हन्तुम्', 'समर्थः', 'खलु']}	{'B-DEVA': ['रावणं'], 'B-HUMAN': ['मे भर्ता'], 'B-RAKSHASA': ['रावणं'], 'B-RAKSHASA': ['रावणं']}
येन रामेण दण्डकारण्ये राक्षसपुंगवः विराधो रणे निहतः स मां किं न अभिपद्यते	O B-HUMAN B-FOREST O B-RAKSHASA O O O O O O O	92	{'B:HUMAN': ['रामेण'], 'B:FOREST': ['दण्डकारण्ये'], 'B:RAKSHASA': ['राक्षसपुंगवः', 'विराधो']}	{'B-HUMAN': ['रामेण'], 'B-RAKSHASA': ['विराधो']}	{'B-Rakshasa': ['राक्षसपुंगवः'], 'B-Human': ['रामेण'], 'B-Forest': ['दण्डकारण्ये'], 'B-Arrow': ['रणे']}	{'B-DEVA': ['रामेण'], 'B-HUMAN': ['रामेण'], 'B-RAKSHASA': ['विराधो'], 'B-RAKSHASA': ['विराधो'], 'B-RAKSHASA': ['विराधो'], '
इयम् लङ्का समुद्रस्य मध्ये दुष्प्रधर्षणा कामं तु राघव बाणानाम् गतिरोधी न विद्यते ह	O B-CITY B-SEA O O O O B-HUMAN O O O O O	93	{'B-KINGDOM': ['लङ्का'], 'B-SEA': ['समुद्रस्य'], 'B-HUMAN': ['राघव'], 'B-ARROW': ['बाणानाम्']}	{'B-KINGDOM': ['लङ्का'], 'B-SEA': ['समुद्रस्य'], 'B-HUMAN': ['राघव']}	{'B-<KINGDOM>': ['लङ्का'], 'B-<SEA>': ['समुद्रस्य'], 'B-<HUMAN>': ['राघव'], 'B-<ASTRA>': ['बाणानाम्']}	{'B-DEVA': ['राघव'], 'B-RAKSHASA': ['लङ्का']}
तत् कारणं किं नु येन दृढपराक्रमः रामो रक्षसा अपहृताम् इष्टां भार्याम् न अभ्यवपद्यते	O O O O O O B-HUMAN B-RAKSHASA O O O O O	94	{'B-RAKSHASA': ['रक्षसा'], 'B-HUMAN': ['रामो']}	{'B-HUMAN': ['रामो'], 'B-RAKSHASA': ['रक्षसा']}	{'B-RAKSHASA': ['<पदम्‌_4>']}	{'B-DEVA': ['रामो'], 'B-HUMAN': ['रामो'], 'B-RAKSHASA': ['रक्षसा']}
लक्ष्मणपूर्वजः तेजस्वी मां इहस्थां न जानीते शङ्के हि जानन्न् अपि धर्षणां मर्षयिष्यति	B-HUMAN O O O O O O O O O O O	95	{'B-HUMAN': ['लक्ष्मणपूर्वजः']}	{'B-HUMAN': ['लक्ष्मणपूर्वजः']}	{'B-HUMAN': ['लक्ष्मणपूर्वजः'], 'B-ASURA': ['धर्षणां']}	{'B-DEVA': ['लक्ष्मणपूर्वजः', 'तेजस्वी', 'मां', 'शङ्के', 'जानन्न्', 'धर्षणां', 'मर्षयिष्यति'], 'B-HUMAN': ['इहस
यो ऽधिगत्वा मां रावणेन हृता इति राघवाय निवेदयेत् स गृध्रराजो ऽपि रणे निपातितः	O O O B-ASURA O O B-HUMAN O O B-GRIDHRA O O O	96	{'B-RAKSHASA': ['रावणेन'], 'B-HUMAN': ['राघवाय'], 'B-ARROW': ['गृध्रराजः']}	{'B-RAKSHASA': ['रावणेन'], 'B-HUMAN': ['राघवाय'], 'B-GRIDHRA': ['गृध्रराजो']}	{'B-<ASURA>': ['रावणेन'], 'B-<RAKSHASA>': ['गृध्रराजो']}	"वाक्यम्‌: यो ऽधिगत्वा मां रावणेन हृता इति राघवाय निवेदयेत् स गृध्रराजो ऽपि रणे निपातितः
फलितम्‌"
तेन जटायुषा वृद्धेन अपि मां अभ्यवपद्यता रावण द्वंद्वे तिष्ठता तदा महत् कर्म कृतं	O B-GRIDHRA O O O O B-ASURA O O O O O O	97	{'B-GRIDHRA': ['जटायुषा'], 'B-RAKSHASA': ['रावण']}	{'B-RAKSHASA': ['रावण']}	{'B-ASURA': ['रावण'], 'B-HUMAN': ['जटायुषा', 'वृद्धेन', 'मां'], 'B-RAKSHASA': ['तदा']}	{'B-RAKSHASA': ['रावण'], 'B-DEVA': ['जटायुषा']}
यदि स राघवः माम् इह वर्तमानां जानीयाद् अद्य अभिक्रुद्धः बाणैर् लोकम् अराक्षसम् कुर्याल्	O O B-HUMAN O O O O O O B-ARROW O O O	98	{'B-HUMAN': ['राघवः'], 'B-ARROW': ['बाणैर्']}	{'B-HUMAN': ['राघवः']}	{'B-HUMAN': ['स', 'राघवः'], 'B-ASURA': ['लोकम्', 'अराक्षसम्']}	{'B-DEVA': ['राघवः'], 'B-HUMAN': ['स'], 'B-RAKSHASA': ['अराक्षसम्'], 'B-ARROW': ['बाणैः']}
लङ्कां पुरीं विधमेत् च महोदधिम् शोषयेत् च नीचस्य रावणस्य नाम च कीर्तिं च नाशयेत्	B-KINGDOM B-CITY O O B-SEA O O O B-ASURA O O O O O	99	{'B-KINGDOM': ['लङ्कां'], 'B-SEA': ['महोदधिम्'], 'B-ASURA': ['रावणस्य']}	{'B-KINGDOM': ['लङ्कां'], 'B-CITY': ['पुरीं'], 'B-SEA': ['महोदधिम्'], 'B-RAKSHASA': ['रावणस्य']}	{'B-<RAKSHASA>': ['<पदम्‌_5>'], 'B-<CITY>': ['<पदम्‌_1>']}	{'B-DEVA': ['लङ्कां', 'पुरीं', 'महोदधिम्'], 'B-RAKSHASA': ['नीचस्य रावणस्य']}
ततो यथा एवं अहम् रुदती तथा गृहे गृहे निहतनाथानां राक्षसीनां भूयो न संशयः	O O O O O O B-HOUSE B-HOUSE O B-RAKSHASA O O O	100	{'B-HOUSE': ['गृहे', 'गृहे'], 'B-RAKSHASA': ['राक्षसीनां']}	{'B-RAKSHASA': ['राक्षसीनां']}	{'B-RAKSHASA': ['राक्षसीनां']}	{'B-DEVA': ['अहम्'], 'B-HUMAN': ['रुदती'], 'B-RAKSHASA': ['राक्षसीनां'], 'B-HUMAN': ['निहतनाथानां']}
सलक्ष्मणः रामः लङ्कां अन्विष्य रक्षसां कुर्याद्	B-HUMAN B-HUMAN B-KINGDOM O B-RAKSHASA O	101	{'B-HUMAN': ['सलक्ष्मणः', 'रामः'], 'B-KINGDOM': ['लङ्कां'], 'B-RAKSHASA': ['रक्षसां']}	{'B-HUMAN': ['सलक्ष्मणः', 'रामः'], 'B-KINGDOM': ['लङ्कां'], 'B-RAKSHASA': ['रक्षसां']}	{'B-HUMAN': ['सलक्ष्मणः', 'रामः'], 'B-KINGDOM': ['लङ्कां'], 'B-ASURA': ['रक्षसां']}	{'B-DEVA': ['रामः'], 'B-HUMAN': ['सलक्ष्मणः'], 'B-RAKSHASA': ['रक्षसां']}
ताभ्यां दृष्टो रिपुर् मुहूर्तम् अपि न जीवति हि	O O O B-MUHURTA O O O O	102	{'B-MUHURTA': ['मुहूर्तम्']}	{'B-MUHURTA': ['मुहूर्तम्']}	{'B-HUMAN': ['रिपु'], 'B-MUHURTA': ['मुहूर्तम्']}	{'B-DEVA': ['ताभ्यां'], 'B-ASTRA': ['रिपुर्'], 'B-MUHURTA': ['मुहूर्तम्'], 'B-DEVA': ['हि']}
अचिरेण इयम् लङ्का चिता धूम आकुल पथा तु गृध्र मण्डल संकुला श्मशान सदृशा भवेत् तु लङ्कायाम् यादृशानि अशुभानि दृश्यन्ते तु अचिरेण कालेन एव हतप्रभा भविष्यति	O O B-KINGDOM O O O B-ROAD O B-GRIDHRA O O O O O O B-KINGDOM O O O O O O O O O	103	{'B-KINGDOM': ['लङ्का', 'लङ्कायाम्'], 'B-GRIDHRA': ['गृध्र']}	{'B-KINGDOM': ['लङ्का']}	{'B-<कुल:1>': ['लङ्का'], 'B-<वनर:1>': ['गृध्र'], 'B-<शहर:1>': ['लंका']}	वाक्यम्‌: अचिरेण इयम् लङ्का चिता धूम आकुल पथा तु गृध्र मण्डल संकुला श्मशान सदृशा भवेत् तु लङ्कायाम् यादृश
पापे राक्षसाधिपे रावणे हते दुर्धर्षा लङ्का नूनं विधवा प्रमदा यथा शोषं यास्यति	O B-RAKSHASA B-ASURA O O B-KINGDOM O O O O O O	104	{'B-RAKSHASA': ['राक्षसाधिपे', 'रावणे'], 'B-KINGDOM': ['लङ्का']}	{'B-RAKSHASA': ['राक्षसाधिपे', 'रावणे'], 'B-KINGDOM': ['लङ्का']}	{'B-<RAKSHASA>': ['राक्षसाधिपे'], 'B-<KINGDOM>': ['लङ्का']}	{'B
पुण्य उत्सव समृद्धा नष्टभर्त्री लङ्का पुरी च नष्टभर्त्री अङ्गना यथा नष्टभर्त्री भविष्यति	O B-FESTIVAL O B-RAKSHASA B-KINGDOM B-CITY O O O O O O	105	{'B-FESTIVAL': ['उत्सव'], 'B-KINGDOM': ['लङ्का'], 'B-CITY': ['पुरी']}	{'B-KINGDOM': ['लङ्का']}	{'B-<कULA>': ['पुण्य', 'उत्सव', 'समृद्धा', 'लङ्का', 'पुरी', 'अङ्गना'], 'B-<HUMAN>': ['नष्टभर्त्री', 'नष्टभर्त्री', 'नष्ट	"वाक्यम्‌: पुण्य उत्सव समृद्धा नष्टभर्त्री लङ्का पुरी च नष्टभर्त्री अङ्गना यथा नष्टभर्त्री भविष्यति
फ"
इह नूनं नचिराद् एव गृहे गृहे दुःखार्तानाम् रुदन्तीनां राक्षसकन्यानां ध्वनिम् श्रोष्यामि	O O O O B-HOUSE B-HOUSE O O O O O	106	{'B-HOUSE': ['गृहे', 'गृहे'], 'B-RAKSHASA': ['राक्षसकन्यानां']}	{'B-RAKSHASA': ['राक्षसकन्यानाम्']}	{'B-<RAKSHASA>': ['<पदम्‌_4>']}	{'B-DEVA': ['इह', 'नूनं', 'नचिराद्', 'एव', 'गृहे', 'गृहे', 'रुदन्तीनां', 'राक्षसकन्यानां', 'ध्वनिम्', '
लङ्का पुरी राम सायकैः निर्दग्धा हतद्योता सान्धकारा हतराक्षसपुंगवा भविष्यति	B-KINGDOM B-CITY B-HUMAN B-ARROW O O O O O	107	"{
  'B-KINGDOM': ['लङ्का'],
  'B-CITY': ['पुरी'],
  'B-HUMAN': ['राम'],
  'B-ARROW': ['सायकैः'],
  'B-RAKSHASA': ['राक्षसपुंगवा']
}"	{'B-KINGDOM': ['लङ्का'], 'B-HUMAN': ['राम'], 'B-RAKSHASA': ['राक्षस']}	{'B-<KINGDOM>': ['लङ्का', 'पुरी'], 'B-<HUMAN>': ['राम'], 'B-<ASURA>': ['हतराक्षसपुंगवा']}	{'B-DEVA': ['राम'], 'B-RAKSHASA': ['हतराक्षसपुंगवा'], 'B-HUMAN': ['भविष्यति'], 'B-RAKSHASA': ['हतराक्षसपुंगवा'], 'B
यदि शूरो रक्तान्तलोचनः नाम स रामो मां रावणस्य निवेशने वर्तमानां हि जानीयाद्	O O O O O O O B-ASURA B-PALACE O O O	108	{'B-HUMAN': ['रामः'], 'B-RAKSHASA': ['रावणस्य'], 'B-PALACE': ['निवेशने']}	{'B-RAKSHASA': ['रक्तान्तलोचनः'], 'B-HUMAN': ['रामो'], 'B-RAKSHASA': ['रावणस्य']}	{'B-<HUMAN>': ['रामो'], 'B-<ASURA>': ['रावणस्य']}	{'B-DEVA': ['रामो'], 'B-HUMAN': ['शूरो'], 'B-RAKSHASA': ['रावणस्य']}
अनेन नृशंसेन अधमेन रावणेन यः समयो मे निर्दिष्टः तु तस्य कालो ऽयम् तु आगतः	O O O B-ASURA O O O O O O O O O O	109	{'B-RAKSHASA': ['रावणेन']}	{'B-RAKSHASA': ['रावणेन']}	{'B-ASURA': ['नृशंसेन', 'रावणेन'], 'B-MUHURTA': ['समयो'], 'B-HUMAN': ['अधमेन'], 'O': ['यं', 'मे', 'निर्दिष्टः', 'तु', 'तस्य',	{'B-<सत्त्व
ये पापकारिणः नैरृताः अकार्यं न जानन्ति	O O B-RAKSHASA O O O	110	{'B-ASURA': ['नैरृताः']}	{'B-RAKSHASA': ['नैरृताः']}	{'B-ASURA': ['नैरृताः']}	{'B-DEVA': ['नैरृताः'], 'B-RAKSHASA': ['नैरृताः'], 'B-HUMAN': ['पापकारिणः'], 'B-RAKSHASA': ['अकार्यं न जानन्ति']}
पिशिताशनाः एते राक्षसाः धर्मं न विजानन्ति	O O B-RAKSHASA O O O	111	{'B-RAKSHASA': ['राक्षसाः']}	{'B-RAKSHASA': ['राक्षसाः']}	{'B-<ASURA>': ['एते', 'राक्षसाः']}	{'B-RAKSHASA': ['पिशिताशनाः', 'राक्षसाः'], 'B-DEVA': ['धर्मं']}
राक्षसः ध्रुवं प्रातराशार्थे मां कल्पयिष्यति	B-RAKSHASA O O O O	112	{'B-RAKSHASA': ['राक्षसः'], 'B-HUMAN': ['ध्रुवं']}	{'B-RAKSHASA': ['राक्षसः']}	{'B-ASURA': ['राक्षसः'], 'B-HUMAN': ['ध्रुवं'], 'B-MUHURTA': ['प्रातराशार्थे']}	{'B-RAKSHASA': ['राक्षसः'], 'B-DEVA': ['ध्रुवं'], 'B-HUMAN': ['मां']}
रक्तान्तनयनम् प्रियदर्शनम् तं रामं विना अपश्यन्ती सुदुःखिता सा अहम् कथं करिष्यामि	O O O B-HUMAN O O O O O O O	113	{'B-HUMAN': ['राम']}	{'B-HUMAN': ['रामं']}	{'B-<सत्त्व:HUMAN>': ['रामं'], 'B-<सत्त्व:HUMAN>': ['सा']}	{'B-
यदि अद्य कश्चित् मे विषस्य प्रदाता इह भवेद् पतिना विना क्षिप्रं वैवस्वतं देवं पश्येयं	O O O O O O O O O O O O B-DEVA O	114	{'B-DEVA': ['वैवस्वतं']}	{'B-DEVA': ['वैवस्वतं']}	{'B-<DEVA>': ['वैरस्वतं'], 'B-<HUMAN>': ['पतिना']}	{'B
लक्ष्मणपूर्वजः स रामः मां जीवतीम् न अजानात्	B-HUMAN O B-HUMAN O O O O	115	{'B-HUMAN': ['लक्ष्मणपूर्वजः', 'रामः']}	{'B-HUMAN': ['लक्ष्मणपूर्वजः', 'रामः']}	{'B-HUMAN': ['रामः'], 'B-ASURA': ['लक्ष्मणपूर्वजः']}	{'B-DEVA': ['लक्ष्मणपूर्वजः', 'रामः'], 'B-HUMAN': ['मां']}
तौ जानन्तौ हि उर्व्याम् मम मार्गणम् न कुर्यातां न	O O O B-GRAHA O O O O O	116	{'B-ARROW': ['मार्गणम्']}	{'B-HUMAN': ['तौ']}	{'B-HUMAN': ['तौ'], 'B-ROAD': ['मार्गणम्']}	{'B-DEVA': ['तौ', 'जानन्तौ', 'हि', 'उर्व्याम्', 'मम', 'मार्गणम्', 'न', 'कुर्यातां', 'न']}
नूनं लक्ष्मण अग्रजः स वीरो मम शोकेन एव महीतले देहं त्यक्त्वा इतो देवलोकम् यातः	O B-HUMAN B-HUMAN O O O O O O O O O B-SWARGA O	117	{'B-HUMAN': ['लक्ष्मण', 'अग्रजः']}	{'B-RAKSHASA': ['लक्ष्मण'], 'B-HUMAN': ['अग्रजः']}	{'B-<HUMAN>': ['लक्ष्मण', 'अग्रजः'], 'B-<DEVA>': ['देवलोकम्']}	{'B-<सत्त्व
देवाः सगन्धर्वाः सिद्धाः च परम ऋषयः धन्या ये मम नाथं राजीवलोचनम् रामं पश्यन्ति	B-DEVA B-GANDHARVA O O O O O O O O O B-HUMAN O	118	{'B-DEVA': ['देवाः'], 'B-GANDHARVA': ['सगन्धर्वाः'], 'B-HUMAN': ['ऋषयः'], 'B-HUMAN': ['रामं']}	{'B-DEVA': ['देवाः'], 'B-GANDHARVA': ['सगन्धर्वाः'], 'B-HUMAN': ['सिद्धाः', 'ऋषयः', 'रामं']}	{'B-<DEVA>': ['देवाः'], 'B-<GANDHARVA>': ['सगन्धर्वाः'], 'B-<HUMAN>': ['रामं']}	{'
अथवा धर्मकामस्य धीमतः राजर्षेर् परमात्मनः तस्य रामस्य भार्यया मया अर्थे न हि	O O O B-HUMAN B-DEVA O B-HUMAN O O O O O	119	{'B-HUMAN': ['रामस्य']}	{'B-HUMAN': ['राजर्षेः', 'रामस्य']}	{'B-<HUMAN>': ['रामस्य'], 'B-<ASURA>': ['धर्मकामस्य', 'धीमतः', 'राजर्षेर्', 'परमात्मनः', 'भार्यया', 'मया', 'अर्थे']}	{'B-RAKSHASA': ['राजर्षे'], 'B-DEVA': ['परमात्मनः'], 'B-HUMAN': ['रामस्य', 'मया']}
कृतघ्नाः नाशयन्ति तु रामो न नाशयिष्यति	O O O B-HUMAN O O	120	{'B-HUMAN': ['राम']}	{'B-HUMAN': ['रामो']}	{'B-HUMAN': ['रामो']}	{'B-DEVA': ['रामो']}
मे केचित् गुणाः न किं वा मे भाग्यक्षयो हि किं नु या अहम् भामिनी सीता रामेण हीना वरार्हेण	O O O O O O O O O O O O O O B-HUMAN B-HUMAN O O	121	{'B-HUMAN': ['सीता', 'रामेण']}	{'B-HUMAN': ['सीता', 'रामेण']}	{'B-HUMAN': ['<पदम्‌_4>', '<पदम्‌_5>'}, 'B-ASURA': ['<पदम्‌_2>']}	"वाक्यम्‌: मे केचित् गुणाः न किं वा मे भाग्यक्षयो हि किं नु या अहम् भामिनी सीता रामेण हीना वरार्हेण
फलितम्‌"
महात्मना अक्लिष्ट चारित्रात् शूरात् शत्रु निबर्हणात् या रामाद् विहीना मे जीवितात् मर्तुम् श्रेयो	O O O O O O O B-HUMAN O O O O O	122	{'B-HUMAN': ['रामात्']}	{'B-HUMAN': ['रामाद्']}	{'B-<HUMAN>': ['रामाद्'], 'B-<HUMAN>': ['महात्मना']}	"वाक्यम्‌: महात्मना अक्लिष्ट चारित्रात् शूरात् शत्रु निबर्हणात् या रामाद् विहीना मे जीवितात् मर्तुम् श्रेयो

फलितम"
अथवा नरश्रेष्ठौ तौ भ्रातरौ चरन्तौ वने मूल फल अशनौ वनगोचरौ न्यस्त शस्त्रौ हि	O O O O O B-FOREST O B-FRUIT O O O B-ASTRA O	123	{'B-HUMAN': ['नरश्रेष्ठौ', 'भ्रातरौ']}	{'B-HUMAN': ['नरश्रेष्ठौ']}	{'B-HUMAN': ['नरश्रेष्ठौ', 'तौ', 'भ्रातरौ'], 'B-TREE': ['मूल'], 'B-FRUIT': ['फल'], 'B-VANARA': ['वनगोचरौ'], 'B-AXE': ['शस्त्रौ']}	{'B-DEVA': ['तौ'], 'B-HUMAN': ['नरश्रेष्ठौ'], 'B-TREE': ['वने'], 'B-FLower': ['मूल फल'], 'B-AXE': ['शस्त्रौ']}
अथवा दुरात्मना राक्षसेन्द्रेण रावणेन छद्मना शूरौ भ्रातरौ रामलक्ष्मणौ घातितौ	O O O B-ASURA O O O B-HUMAN O	124	{'B-RAKSHASA': ['राक्षसेन्द्रेण', 'रावणेन'], 'B-HUMAN': ['रामलक्ष्मणौ']}	{'B-RAKSHASA': ['राक्षसेन्द्रेण', 'रावणेन'], 'B-HUMAN': ['रामलक्ष्मणौ']}	{'B-<RAKSHASA>': ['दुरात्मना', 'राक्षसेन्द्रेण', 'रावणेन'], 'B-<HUMAN>': ['रामलक्ष्मणौ'], 'B-<ASURA>': ['भ्रातरौ']}	{'B-RAKSHASA': ['राक्षसेन्द्रेण', 'रावणेन'], 'B-DEVA': ['रामलक्ष्मणौ']}
प्रियात् दुःखम् अप्रियाद् अधिकं भयम् न सम्भवेद् ये ताभ्यां हि वियुज्यन्ते तेषाम् महात्मनाम् नमः	O O O O O O O O O O O O B-HUMAN O	125	{'B-HUMAN': ['महात्मनाम्']}	{'B-HUMAN': ['महात्मनाम्']}	{}	"वाक्यम्‌: प्रियात् दुःखम् अप्रियाद् अधिकं भयम् न सम्भवेद् ये ताभ्यां हि वियुज्यन्ते तेषाम् महात्मनाम् नमः
फ"
सा अहम् प्रियेण विदितात्मना रामेण त्यक्ता पापस्य रावणस्य वशम् गता इह प्राणान् त्यक्ष्यामि सीतया इति उक्ताः घोरं राक्षस्यः क्रोधमूर्छिताः काश्चिज् तत् तरस्विनः रावणस्य आख्यातुं जग्मुः	O O O O B-HUMAN O O B-ASURA O O O O O B-HUMAN O O O B-RAKSHASA O O O O B-ASURA O O	126	{'B-HUMAN': ['रामेण', 'सीतया'], 'B-RAKSHASA': ['रावणस्य', 'राक्षस्यः', 'रावणस्य']}	{'B-HUMAN': ['रामेण', 'सीतया'], 'B-RAKSHASA': ['रावणस्य', 'राक्षस्यः', 'रावणस्य']}	{'B-<ASURA>': ['राक्षस्यः'], 'B-<ASURA>': ['रावणस्य']}	{'B-DEVA': ['रामेण'], 'B-RAKSHASA': ['रावणस्य', 'राक्षस्यः'], 'B-HUMAN': ['सीतया'], 'B-ASTRA': ['क्रोधमूर्छिताः'], 'B
ततः घोरदर्शनाः राक्षस्यो सीताम् उपागम्य पुनः अनर्थ अर्थम् एकार्थम् परुषम् अथ अब्रुवन्	O O B-RAKSHASA B-HUMAN O O O O O O O O	127	{'B-RAKSHASA': ['राक्षस्यः'], 'HUMAN': ['सीताम्']}	{'B-RAKSHASA': ['राक्षस्यो']}	{'B-<RAKSHASA>': ['घोरदर्शनाः', 'राक्षस्यो'], 'B-<HUMAN>': ['सीताम्']}	{'B-RAKSHASA': ['राक्षस्यो']}
अनार्ये पापविनिश्चये सीते इदानीम् राक्षस्यो तव हन्त एतद् मांसम् यथासुखम् भक्षयिष्यन्ति	O O B-HUMAN O B-RAKSHASA O O O O O O	128	{'B-RAKSHASA': ['राक्षस्यो']}	{'B-RAKSHASA': ['राक्षस्यो']}	{'B-<RAKSHASA>': ['<पदम्‌_4>']}	"वाक्यम्‌: अनार्ये पापविनिश्चये सीते इदानीम् राक्षस्यो तव हन्त एतद् मांसम् यथासुखम् भक्षयिष्यन्ति
फलित"
अनार्याभिर् ताभिर् संतर्जितां सीतां दृष्ट्वा तदा शयाना वृद्धा राक्षसी त्रिजटा वाक्यम् अब्रवीत्	B-RAKSHASA O O B-HUMAN O O O O B-RAKSHASA B-RAKSHASA O O	129	{'B-RAKSHASA': ['राक्षसी'], 'B-HUMAN': ['त्रिजटा']}	{'B-RAKSHASA': ['राक्षसी']}	{'B-RAKSHASA': ['त्रिजटा'], 'B-HUMAN': ['सीता']}	{'B-RAKSHASA': ['त्रिजटा']}
अनार्याः आत्मानं खादत	B-RAKSHASA O O	130	{'B-ASURA': ['अनार्याः']}	{'B-RAKSHASA': ['अनार्याः']}	{'B-HUMAN': ['अनार्याः']}	{'B-<सत्त्व:1>': ['अनार्याः', 'आत्मानं', 'खादत'], 'B-<सत्त्व:2>': ['अनार्याः', 'आत्मानं', 'खादत']}
जनकस्य सुताम् च दशरथस्य इष्टां स्नुषां सीतां न भक्षयिष्यथ	B-HUMAN B-HUMAN O B-HUMAN O B-HUMAN B-HUMAN O O	131	{'B-HUMAN': ['जनकस्य', 'दशरथस्य', 'सीतां']}	{'B-HUMAN': ['जनकस्य', 'दशरथस्य'], 'B-ASURA': ['सीतां']}	{'B-HUMAN': ['जनकस्य'], 'B-HUMAN': ['दशरथस्य'], 'B-HUMAN': ['सीतां']}	{'B-DEVA': ['जनकस्य', 'दशरथस्य', 'सीतां'], 'B-HUMAN': ['सुताम्', 'इष्टां', 'स्नुषां']}
अद्य मया दारुणो रोमहर्षणः स्वप्नो दृष्टो हि राक्षसानाम् अभावाय अस्या भर्तुर् भवाय च	O O O O O O O B-RAKSHASA O O O O O	132	{'B-RAKSHASA': ['राक्षसानाम्']}	{'B-RAKSHASA': ['राक्षसानाम्']}	{'B-<RAKSHASA>': ['राक्षसानाम्'], 'B-<HUMAN>': ['भर्तुर्']}	{'B-DEVA': ['दारुणो', 'रोमहर्षणः', 'दृष्टो', 'भवाय', 'भर्तुर्'], 'B-HUMAN': ['दारुणो', 'रोमहर्षणः', 'दृष्टो', 'भव
त्रिजटया एवम् उक्ताः क्रोधमूर्छिताः राक्षस्यः सर्वा एव भीताः ताम् त्रिजटाम् इदं वचः अब्रुवन्	B-RAKSHASA O O O B-RAKSHASA O O O O B-RAKSHASA O O O	133	{'B-RAKSHASA': ['त्रिजटया', 'त्रिजटाम्', 'राक्षस्यः']}	{'B-RAKSHASA': ['राक्षस्यः']}	{'B-<RAKSHASA>': ['<पदम्‌_3>', '<पदम्‌_4>'], 'B-<RAKSHASA>': ['<पदम्‌_5>']}	{'B-DEVA': ['त्रिजटया'], 'B-RAKSHASA': ['क्रोधमूर्छिताः राक्षस्यः'], 'B-HUMAN': ['ताम्'], 'B-DEVA': ['त्रिजटाम्'], '
त्रिजटा तासां राक्षसीनां मुखोद्गतम् वचनं श्रुत्वा तु काले स्वप्न संश्रितम् वचनं उवाच	B-RAKSHASA O B-RAKSHASA O O O O O O O O O	134	{'B-RAKSHASA': ['त्रिजटा', 'राक्षसीनां']}	{'B-RAKSHASA': ['त्रिजटा', 'राक्षसीनां']}	{'B-<RAKSHASA>': ['<पदम्‌_2>', '<पदम्‌_3>']}	{'B-RAKSHASA': ['त्रिजटा', 'राक्षसीनां', 'मुखोद्गतम्', 'वचनं'], 'B-DEVA': ['तासां', 'काले', 'स्वप्न', 'संश्रितम्
राघवः अन्तरिक्षगाम् गजदन्तमयीं सहस्रेण वाजि युक्तां दिव्यां शिबिकाम् स्वयम् आस्थाय	B-HUMAN O O O O O O B-RATHA O O	135	{'B-HUMAN': ['राघवः'], 'B-ORNAMENT': ['गजदन्तमयीं'], 'B-RATHA': ['शिबिकाम्']}	{'B-HUMAN': ['राघवः']}	{'B-<ASURA>': ['गजदन्तमयीं'], 'B-<PALACE>': ['शिबिकाम']}	{'B-DEVA': ['राघवः'], 'B-ASTRA': ['अन्तरिक्षगाम्'], 'B-RAKSHASA': ['गजदन्तमयीं'], 'B-HUMAN': ['सहस्रेण'], 'B-DEVA':
अद्य स्वप्ने मया सीता शुक्लाम्बरावृता सागरेण परिक्षिप्तं श्वेतपर्वतम् आस्थिता च भास्करेण प्रभा यथा सीता रामेण संगता दृष्टा	O O O B-HUMAN O B-SEA O B-MOUNTAIN O O O O O B-HUMAN B-HUMAN O O	136	{'B-HUMAN': ['सीता', 'रामेण'], 'B-SEA': ['सागरेण'], 'B-MOUNTAIN': ['श्वेतपर्वतम्']}	{'B-SEA': ['सागरेण'], 'B-MOUNTAIN': ['श्वेतपर्वतम्'], 'B-HUMAN': ['सीता']}	{'B-<सत्त्व:1>': ['सीता'], 'B-<सत्त्व:2>': ['सागरेण', 'श्वेतपर्वतम्', 'भास्करेण']}	{'B-DEVA': ['सीता', 'राम', 'भास्कर'], 'B-HUMAN': ['सीता', 'राम'], 'B-RAKSHASA': [], 'B-ASURA': [], 'B-NAGA': [], 'B-GANDHARVA
राघवः सहलक्ष्मणः चतुर् दन्तम् शैलसंकाशं महागजम् आरूढः चचार च मया दृष्टः	B-HUMAN B-HUMAN O O B-MOUNTAIN O O O O O O	137	{'B-HUMAN': ['राघवः', 'लक्ष्मणः'], 'B-VANARA': ['दन्तम्'], 'B-MOUNTAIN': ['शैलसंकाशं'], 'B-ANIMAL': ['महागजम्']}	{'B-HUMAN': ['राघवः', 'लक्ष्मणः']}	{'B-HUMAN': ['राघवः', 'लक्ष्मणः'], 'B-ANIMAL': ['महागजम्']}	{'B-RAKSHASA': ['राघवः', 'सहलक्ष्मणः'], 'B-DEVA': ['चतुर्', 'दन्तम्'], 'B-RAKSHASA': ['शैलसंकाशं'], 'B-RAKSH
ततस् शुक्लमाल्याम्बरधरौ नरशार्दूलौ स्वतेजसा दीप्यमानौ तौ जानकीं पर्युपस्थितौ	O O O O O O B-HUMAN O	138	{'B-HUMAN': ['नरशार्दूलौ', 'तौ'], 'B-ORNAMENT': ['शुक्लमाल्याम्बरधरौ'], 'B-HUMAN': ['जानकीं']}	{'B-HUMAN': ['नरशार्दूलौ', 'जानकीं']}	{'B-HUMAN': ['नरशार्दूलौ'], 'B-DEVA': ['शुक्लमाल्याम्बरधरौ'], 'B-KULA': ['जानकीं']}	{'B-DEVA': ['शुक्लमाल्याम्बरधरौ', 'नरशार्दूलौ', 'जानकीं']}
ततस् जानकी तस्य नगस्य अग्रे भर्त्रा परिगृहीतस्य आकाशस्थस्य दन्तिनः स्कन्धम् आश्रिता	O B-HUMAN O B-MOUNTAIN O O O O O O O	139	{'B-HUMAN': ['जानकी'], 'B-CITY': ['नगस्य'], 'B-HUMAN': ['भर्त्रा'], 'B-ANIMAL': ['दन्तिनः']}	{'B-HUMAN': ['जानकी'], 'B-TREE': ['नगस्य'], 'B-ELEPHANT': ['दन्तिनः']}	{'B-NAGA': ['नगस्य'], 'B-ASURA': ['दन्तिनः']}	{'B-DEVA': ['ततस्', 'जानकी', 'भरत्रा', 'दन्तिनः'], 'B-RAKSHASA': ['नगस्य', 'अग्रे'], 'B-HUMAN': ['परिगृहीतस्य',
