QUESTION	ANSWER	context_0	gpt-4o
यस्मिन् विमाने उपाविश्य रामः स्वपत्न्या भ्रात्रा च सह अयोध्यां प्रत्याजगाम तस्य विमानस्य किं नाम?	पुष्पकम्	"एवमुक्तस्तु काकुत्स्थः प्रत्युवाच विभीषणम्
हरीन्सुग्रीवमुख्यांस्त्वं स्नानेनोपनिमन्त्रय ६,१०९।००४
स तु ताम्यति धर्मात्मा ममहेतोः सुखोचितः
सुकुमारो महाबाहुः कुमारः सत्यसंश्रवः ६,१०९।००५
तं विना कैकेयीपुत्रं भरतं धर्मचारिणम्
न मे स्नानं बहुमतं वस्त्राण्याभरणानि च ६,१०९।००६
इत एव पथा क्षिप्रं प्रतिगच्छाम तां पुरीम्
अयोध्यामायतो ह्येष पन्थाः परमदुर्गमः ६,१०९।००७
एवमुक्तस्तु काकुत्स्थं प्रत्युवाच विभीषणः
अह्ना त्वां प्रापयिष्यामि तां पुरीं पार्थिवात्मज ६,१०९।००८
पुष्पकं नाम भद्रं ते विमानं सूर्यसंनिभम्
मम भ्रातुः कुबेरस्य रावणेनाहृतं बलात् ६,१०९।००९
तदिदं मेघसंकाशं विमानमिह तिष्ठति
तेन यास्यसि यानेन त्वमयोध्यां गजज्वरः ६,१०९।०१०
अहं ते यद्यनुग्राह्यो यदि स्मरसि मे गुणान्
वस तावदिह प्राज्ञ यद्यस्ति मयि सौहृदम् ६,१०९।०११
लक्ष्मणेन सह भ्रात्रा वैदेह्या चापि भार्यया
अर्चितः सर्वकामैस्त्वं ततो राम गमिष्यसि ६,१०९।०१२
प्रीतियुक्तस्तु मे राम ससैन्यः ससुहृद्गणः
सत्क्रियां विहितां तावद्गृहाण त्वं मयोद्यताम् ६,१०९।०१३"	पुष्पकम्
का राम-वनप्रस्थानाय भरत-राज्याभिषेकाय च कैकेयीं चोदयामास?	मन्थरा	"तत्र मे याचितो राजा भरतस्याभिषेचनम्
गमनं दण्डकारण्ये तव चाद्यैव राघव २,०१६।०२२
यदि सत्यप्रतिज्ञं त्वं पितरं कर्तुमिच्छसि
आत्मानं च नररेष्ठ मम वाक्यमिदं शृणु २,०१६।०२३
स निदेशे पितुस्तिष्ठ यथा तेन प्रतिश्रुतम्
त्वयारण्यं प्रवेष्टव्यं नव वर्षाणि पञ्च च २,०१६।०२४
सप्त सप्त च वर्षाणि दण्डकारण्यमाश्रितः
अभिषेकमिमं त्यक्त्वा जटाचीरधरो वस २,०१६।०२५
भरतः कोसलपुरे प्रशास्तु वसुधामिमाम्
नानारत्नसमाकीर्णां सवाजिरथकुञ्जराम् २,०१६।०२६
तदप्रियममित्रघ्नो वचनं मरणोपमम्
श्रुत्वा न विव्यथे रामः कैकेयीं चेदमब्रवीत् २,०१६।०२७
एवमस्तु गमिष्यामि वनं वस्तुमहं त्वतः
जटाचीरधरो राज्ञः प्रतिज्ञामनुपालयन् २,०१६।०२८
इदं तु ज्ञातुमिच्छामि किमर्थं मां महीपतिः
नाभिनन्दति दुर्धर्षो यथापुरमरिंदमः २,०१६।०२९
मन्युर्न च त्वया कार्यो देवि ब्रूहि तवाग्रतः
यास्यामि भव सुप्रीता वनं चीरजटाधरः २,०१६।०३०
हितेन गुरुणा पित्रा कृतज्ञेन नृपेण च
नियुज्यमानो विश्रब्धं किं न कुर्यादहं प्रियम् २,०१६।०३१
अलीकं मानसं त्वेकं हृदयं दहतीव मे
स्वयं यन्नाह मां राजा भरतस्याभिषेचनम् २,०१६।०३२"	मन्थरा
विश्वामित्रो यदा क्षत्रियः आसीत् तदा तस्य नाम किम्?	विश्वजित्	"अथ तस्याप्रमेयस्य मुनेर्वचनमुत्तमम्
श्रुत्वा पुरुषशार्दूलः प्रत्युवाच शुभां गिरम् १,०२४।००१
अल्पवीर्या यदा यक्षाः श्रूयन्ते मुनिपुंगव
कथं नागसहस्रस्य धारयत्यबला बलम् १,०२४।००२
विश्वामित्रोऽब्रवीद्वाक्यं शृणु येन बलोत्तरा
वरदानकृतं वीर्यं धारयत्यबला बलम् १,०२४।००३
पूर्वमासीन्महायक्षः सुकेतुर्नाम वीर्यवान्
अनपत्यः शुभाचारः स च तेपे महत्तपः १,०२४।००४
पितामहस्तु सुप्रीतस्तस्य यक्षपतेस्तदा
कन्यारत्नं ददौ राम ताटकां नाम नामतः १,०२४।००५
ददौ नागसहस्रस्य बलं चास्याः पितामहः
न त्वेव पुत्रं यक्षाय ददौ ब्रह्मा महायशाः १,०२४।००६
तां तु जातां विवर्धन्तीं रूपयौवनशालिनीम्
जम्भपुत्राय सुन्दाय ददौ भार्यां यशस्विनीम् १,०२४।००७
कस्य चित्त्वथ कालल्स्य यक्षी पुत्रं व्यजायत
मारीचं नाम दुर्धर्षं यः शापाद्राक्षसोऽभवत् १,०२४।००८
सुन्दे तु निहते राम अगस्त्यमृषिसत्तमम्
ताटका सह पुत्रेण प्रधर्षयितुमिच्छति १,०२४।००९
राक्षसत्वं भजस्वेति मारीचं व्याजहार सः
अगस्त्यः परमक्रुद्धस्ताटकामपि शप्तवान् १,०२४।०१०
पुरुषादी महायक्षी विरूपा विकृतानना
इदं रूपमपहाय दारुणं रूपमस्तु ते १,०२४।०११"	गाधिपुत्रः
विश्वामित्रस्य तपसो विघ्नः कस्याः अप्सरसः जज्ञे?	मेनकायाः	"ततः कालेन महता मेनका परमाप्सराः
पुष्करेषु नरश्रेष्ठ स्नातुं समुपचक्रमे १,०६२।००४
तां ददर्श महातेजा मेनकां कुशिकात्मजः
रूपेणाप्रतिमां तत्र विद्युतं जलदे यथा १,०६२।००५
दृष्ट्वा कन्दर्पवशगो मुनिस्तामिदमब्रवीत्
अप्सरः स्वागतं तेऽस्तु वस चेह ममाश्रमे
अनुगृह्णीष्व भद्रं ते मदनेन सुमोहितम् १,०६२।००६
इत्युक्ता सा वरारोहा तत्रावासमथाकरोत्
तपसो हि महाविघ्नो विश्वामित्रमुपागतः १,०६२।००७
तस्यां वसन्त्यां वर्षाणि पञ्च पञ्च च राघव
विश्वामित्राश्रमे सौम्य सुखेन व्यतिचक्रमुः १,०६२।००८
अथ काले गते तस्मिन्विश्वामित्रो महामुनिः
सव्रीड इव संवृत्तश्चिन्ताशोकपरायणः १,०६२।००९
बुद्धिर्मुनेः समुत्पन्ना सामर्षा रघुनन्दन
सर्वं सुराणां कर्मैतत्तपोऽपहरणं महत् १,०६२।०१०
अहोरात्रापदेशेन गताः संवत्सरा दश
काममोहाभिभूतस्य विघ्नोऽयं प्रत्युपस्थितः १,०६२।०११
विनिःश्वसन्मुनिवरः पश्चात्तापेन दुःखितः १,०६२।०१२
भीतामप्सरसं दृष्ट्वा वेपन्तीं प्राञ्जलिं स्थिताम्
मेनकां मधुरैर्वाक्यैर्विसृज्य कुशिकात्मजः
उत्तरं पर्वतं राम विश्वामित्रो जगाम ह १,०६२।०१३"	मेनकायाः
देवासुरैः निर्मथित-क्षीरोदधेः योऽश्वो जातः तस्य किं नाम?	उच्चैःश्रवाः	"स तं समाविध्य सहस्रशः कपिर्महोरगं गृह्य इवाण्डजेश्वरः
मुमोच वेगात्पितृतुल्यविक्रमो महीतले संयति वानरोत्तमः ५,०४५।०३५
स भग्नबाहूरुकटीशिरो धरः क्षरन्नसृन्निर्मथितास्थिलोचनः
स भिन्नसंधिः प्रविकीर्णबन्धनो हतः क्षितौ वायुसुतेन राक्षसः ५,०४५।०३६
महाकपिर्भूमितले निपीड्य तं चकार रक्षोऽधिपतेर्महद्भयम् ५,०४५।०३७
महर्षिभिश्चक्रचरैर्महाव्रतैः समेत्य भूतैश्च सयक्षपन्नगैः
सुरैश्च सेन्द्रैर्भृशजातविस्मयैर्हते कुमारे स कपिर्निरीक्षितः ५,०४५।०३८
निहत्य तं वज्रसुतोपमप्रभं कुमारमक्षं क्षतजोपमेक्षणम्
तदेव वीरोऽभिजगाम तोरणं कृतक्षणः काल इव प्रजाक्षये ५,०४५।०३९
ततस्तु रक्षोऽधिपतिर्महात्मा हनूमताक्षे निहते कुमारे
मनः समाधाय तदेन्द्रकल्पं समादिदेशेन्द्रजितं स रोषात् ५,०४६।००१
त्वमस्त्रविच्छस्त्रभृतां वरिष्ठः सुरासुराणामपि शोकदाता
सुरेषु सेन्द्रेषु च दृष्टकर्मा पितामहाराधनसंचितास्त्रः ५,०४६।००२
तवास्त्रबलमासाद्य नासुरा न मरुद्गणाः
न कश्चित्त्रिषु लोकेषु संयुगे न गतश्रमः ५,०४६।००३
भुजवीर्याभिगुप्तश्च तपसा चाभिरक्षितः
देशकालविभागज्ञस्त्वमेव मतिसत्तमः ५,०४६।००४"	उच्चैःश्रवाः
का सा राक्षसी या उदधेः उपरि प्लवन्तं हनूमन्तं निवार्य तस्य भक्षणे च मतिं चकार?	सुरसा	"अधो भागेन मे दृष्टिः शोचता पातिता मया
ततोऽद्राक्षमहं भीमां राक्षसीं सलिले शयाम् ५,०५६।०३६
प्रहस्य च महानादमुक्तोऽहं भीमया तया
अवस्थितमसंभ्रान्तमिदं वाक्यमशोभनम् ५,०५६।०३७
क्वासि गन्ता महाकाय क्षुधिताया ममेप्सितः
भक्षः प्रीणय मे देहं चिरमाहारवर्जितम् ५,०५६।०३८
बाढमित्येव तां वाणीं प्रत्यगृह्णामहं ततः
आस्य प्रमाणादधिकं तस्याः कायमपूरयम् ५,०५६।०३९
तस्याश्चास्यं महद्भीमं वर्धते मम भक्षणे
न च मां सा तु बुबुधे मम वा विकृतं कृतम् ५,०५६।०४०
ततोऽहं विपुलं रूपं संक्षिप्य निमिषान्तरात्
तस्या हृदयमादाय प्रपतामि नभस्तलम् ५,०५६।०४१
सा विसृष्टभुजा भीमा पपात लवणाम्भसि
मया पर्वतसंकाशा निकृत्तहृदया सती ५,०५६।०४२
शृणोमि खगतानां च सिद्धानां चारणैः सह
राक्षसी सिंहिका भीमा क्षिप्रं हनुमता हृता ५,०५६।०४३
तां हत्वा पुनरेवाहं कृत्यमात्ययिकं स्मरन्
गत्वा च महदध्वानं पश्यामि नगमण्डितम्
दक्षिणं तीरमुदधेर्लङ्का यत्र च सा पुरी ५,०५६।०४४
अस्तं दिनकरे याते रक्षसां निलयं पुरीम्
प्रविष्टोऽहमविज्ञातो रक्षोभिर्भीमविक्रमैः ५,०५६।०४५"	सिंहिका
आत्मनः पुत्रम् इच्छन् दशरथः केनेष्टिना याजयामास?	पुत्रेकामेष्ट्या	"शरणं वः प्रपद्येऽहं शरण्याञ्शरणागतः
प्रत्याख्यातोऽस्मि भद्रं वो वसिष्ठेन महात्मना १,०५६।०१६
यष्टुकामो महायज्ञं तदनुज्ञातुमर्थथ
गुरुपुत्रानहं सर्वान्नमस्कृत्य प्रसादये १,०५६।०१७
शिरसा प्रणतो याचे ब्राह्मणांस्तपसि स्थितान्
ते मां भवन्तः सिद्ध्यर्थं याजयन्तु समाहिताः
सशरीरो यथाहं हि देवलोकमवाप्नुयाम् १,०५६।०१८
प्रत्याख्यातो वसिष्ठेन गतिमन्यां तपोधनाः
गुरुपुत्रानृते सर्वान्नाहं पश्यामि कां चन १,०५६।०१९
इक्ष्वाकूणां हि सर्वेषां पुरोधाः परमा गतिः
तस्मादनन्तरं सर्वे भवन्तो दैवतं मम १,०५६।०२०
ततस्त्रिशङ्कोर्वचनं श्रुत्वा क्रोधसमन्वितम्
ऋषिपुत्रशतं राम राजानमिदमब्रवीत् १,०५७।००१
प्रत्याख्यातोऽसि दुर्बुद्धे गुरुणा सत्यवादिना
तं कथं समतिक्रम्य शाखान्तरमुपेयिवान् १,०५७।००२
इक्ष्वाकूणां हि सर्वेषां पुरोधाः परमा गतिः
न चातिक्रमितुं शक्यं वचनं सत्यवादिनः १,०५७।००३
अशक्यमिति चोवाच वसिष्ठो भगवानृषिः
तं वयं वै समाहर्तुं क्रतुं शक्ताः कथं तव १,०५७।००४
बालिशस्त्वं नरश्रेष्ठ गम्यतां स्वपुरं पुनः
याजने भगवाञ्शक्तस्त्रैलोक्यस्यापि पार्थिव १,०५७।००५"	ऋष्यशृङ्गेण
विदेहाधिपतेः जनकस्य पुरोहितः कः?	शतानन्दः	"मैथिलो जनको राजा साग्निहोत्रपुरस्कृतः
कुशलं चाव्ययं चैव सोपाध्यायपुरोहितम् १,०६७।००४
मुहुर्मुहुर्मधुरया स्नेहसंयुक्तया गिरा
जनकस्त्वां महाराज पृच्छते सपुरःसरम् १,०६७।००५
पृष्ट्वा कुशलमव्यग्रं वैदेहो मिथिलाधिपः
कौशिकानुमते वाक्यं भवन्तमिदमब्रवीत् १,०६७।००६
पूर्वं प्रतिज्ञा विदिता वीर्यशुल्का ममात्मजा
राजानश्च कृतामर्षा निर्वीर्या विमुखीकृताः १,०६७।००७
सेयं मम सुता राजन्विश्वामित्र पुरःसरैः
यदृच्छयागतैर्वीरैर्निर्जिता तव पुत्रकैः १,०६७।००८
तच्च राजन्धनुर्दिव्यं मध्ये भग्नं महात्मना
रामेण हि महाराज महत्यां जनसंसदि १,०६७।००९
अस्मै देया मया सीता वीर्यशुल्का महात्मने
प्रतिज्ञां तर्तुमिच्छामि तदनुज्ञातुमर्हसि १,०६७।०१०
सोपाध्यायो महाराज पुरोहितपुरस्कृतः
शीघ्रमागच्छ भद्रं ते द्रष्टुमर्हसि राघवौ १,०६७।०११
प्रीतिं च मम राजेन्द्र निर्वर्तयितुमर्हसि
पुत्रयोरुभयोरेव प्रीतिं त्वमपि लप्स्यसे १,०६७।०१२
एवं विदेहाधिपतिर्मधुरं वाक्यमब्रवीत्
विश्वामित्राभ्यनुज्ञातः शतानन्दमते स्थितः १,०६७।०१३
दूतवाक्यं तु तच्छ्रुत्वा राजा परमहर्षितः
वसिष्ठं वामदेवं च मन्त्रिणोऽन्यांश्च सोऽब्रवीत् १,०६७।०१४"	शतानन्दः
जनकस्य कनीयसो भ्रातुः नाम किम्?	कुशध्वजः	"देशाञ्जनपदांस्तांस्तान्नगराणि वनानि च
आश्रमाणि च पुण्यानि मार्गमाणो महीपतिः १,०६०।०१०
स पुत्रसहितं तात सभार्यं रघुनन्दन
भृगुतुङ्गे समासीनमृचीकं संददर्श ह १,०६०।०११
तमुवाच महातेजाः प्रणम्याभिप्रसाद्य च
ब्रह्मर्षिं तपसा दीप्तं राजर्षिरमितप्रभः
पृष्ट्वा सर्वत्र कुशलमृचीकं तमिदं वचः १,०६०।०१२
गवां शतसहस्रेण विक्रिणीषे सुतं यदि
पशोरर्थे महाभाग कृतकृत्योऽस्मि भार्गव १,०६०।०१३
सर्वे परिसृता देशा यज्ञियं न लभे पशुम्
दातुमर्हसि मूल्येन सुतमेकमितो मम १,०६०।०१४
एवमुक्तो महातेजा ऋचीकस्त्वब्रवीद्वचः
नाहं ज्येष्ठं नरश्रेष्ठं विक्रीणीयां कथं चन १,०६०।०१५
ऋचीकस्य वचः श्रुत्वा तेषां माता महात्मनाम्
उवाच नरशार्दूलमम्बरीषं तपस्विनी १,०६०।०१६
ममापि दयितं विद्धि कनिष्ठं शुनकं नृप १,०६०।०१७
प्रायेण हि नरश्रेष्ठ ज्येष्ठाः पितृषु वल्लभाः
मातॄणां च कनीयांसस्तस्माद्रक्षे कनीयसं १,०६०।०१८
उक्तवाक्ये मुनौ तस्मिन्मुनिपत्न्यां तथैव च
शुनःशेपः स्वयं राम मध्यमो वाक्यमब्रवीत् १,०६०।०१९
पिता ज्येष्ठमविक्रेयं माता चाह कनीयसं
विक्रीतं मध्यमं मन्ये राजन्पुत्रं नयस्व माम् १,०६०।०२०"	शुनकः
कः स ऋषिः यः समुद्रान् अपिबत्?	अगस्त्यः	"दक्षिणस्य समुद्रस्य मध्ये तस्य तु राक्षसी
अङ्गारकेति विख्याता छायामाक्षिप्य भोजिनी ४,०४०।०२६
तमतिक्रम्य लक्ष्मीवान्समुद्रे शतयोजने
गिरिः पुष्पितको नाम सिद्धचारणसेवितः ४,०४०।०२७
चन्द्रसूर्यांशुसंकाशः सागराम्बुसमावृतः
भ्राजते विपुलैः शृङ्गैरम्बरं विलिखन्निव ४,०४०।०२८
तस्यैकं काञ्चनं शृङ्गं सेवते यं दिवाकरः
श्वेतं राजतमेकं च सेवते यं निशाकरः ४,०४०।०२९
न तं कृतघ्नाः पश्यन्ति न नृशंसा न नास्तिकाः
प्रणम्य शिरसा शैलं तं विमार्गत वानराः ४,०४०।०३०
तमतिक्रम्य दुर्धर्षाः सूर्यवान्नाम पर्वतः
अध्वना दुर्विगाहेन योजनानि चतुर्दश ४,०४०।०३१
ततस्तमप्यतिक्रम्य वैद्युतो नाम पर्वतः
सर्वकामफलैर्वृक्षैः सर्वकालमनोहरैः ४,०४०।०३२
तत्र भुक्त्वा वरार्हाणि मूलानि च फलानि च
मधूनि पीत्वा मुख्यानि परं गच्छत वानराः ४,०४०।०३३
तत्र नेत्रमनःकान्तः कुञ्जरो नाम पर्वतः
अगस्त्यभवनं यत्र निर्मितं विश्वकर्मणा ४,०४०।०३४
तत्र योजनविस्तारमुच्छ्रितं दशयोजनम्
शरणं काञ्चनं दिव्यं नानारत्नविभूषितम् ४,०४०।०३५"	अगस्त्यः
कः स इभः यः इन्द्रं वहति?	ऐरावतः	"ग्रहीतुकामं तं गृह्य रक्षसामीश्वरं हरिः
खमुत्पपात वेगेन कृत्वा कक्षावलम्बिनम् ७,०३४।०२०
स तं पीड्दयमानस्तु वितुदन्तं नखैर्मुहुः
जहार रावणं वाली पवनस्तोयदं यथा ७,०३४।०२१
अथ ते राक्षसामात्या ह्रियमाणे दशानने
मुमोक्षयिषवो घोरा रवमाणा ह्यभिद्रवन् ७,०३४।०२२
अन्वीयमानस्तैर्वाली भ्राजतेऽम्बरमध्यगः
अन्वीयमानो मेघौघैरम्बरस्थ इवांशुमान् ७,०३४।०२३
तेऽशक्नुवन्तः संप्राप्तं वालिनं राक्षसोत्तमाः
तस्य बाहूरुवेगेन परिश्रान्तः पतन्ति च ७,०३४।०२४
वालिमार्गादपाक्रामन्पर्वतेन्द्रा हि गच्छतः ७,०३४।०२५
अपक्षिगणसंपातो वानरेन्द्रो महाजवः
क्रमशः सागरान्सर्वान्संध्याकालमवन्दत ७,०३४।०२६
सभाज्यमानो भूतैस्तु खेचरैः खेचरो हरिः
पश्चिमं सागरं वाली आजगाम सरावणः ७,०३४।०२७
तत्र संध्यामुपासित्वा स्नात्वा जप्त्वा च वानरः
उत्तरं सागरं प्रायाद्वहमानो दशाननम् ७,०३४।०२८
उत्तरे सागरे संध्यामुपासित्वा दशाननम्
वहमानोऽगमद्वाली पूर्वमम्बुमहानिधिम् ७,०३४।०२९
तत्रापि संध्यामन्वास्य वासविः स हरीश्वरः
किष्किन्धाभिमुखो गृह्य रावणं पुनरागमत् ७,०३४।०३०"	वालिः
सीता-राम-विवाहस्य आचार्यः कः?	वसिष्ठः	"अम्बरीषस्य पुत्रोऽभून्नहुषः सत्यविक्रमः
नहुषस्य च नाभागः पुत्रः परमधार्मिकः २,१०२।०२७
अजश्च सुव्रतश्चैव नाभागस्य सुतावुभौ
अजस्य चैव धर्मात्मा राजा दशरथः सुतः २,१०२।०२८
तस्य ज्येष्ठोऽसि दायादो राम इत्यभिविश्रुतः
तद्गृहाण स्वकं राज्यमवेक्षस्व जगन्नृप २,१०२।०२९
इक्ष्वाकूणां हि सर्वेषां राजा भवति पूर्वजः
पूर्वजे नावरः पुत्रो ज्येष्ठो राज्येऽभिषिच्यते २,१०२।०३०
स राघवाणां कुलधर्ममात्मनः सनातनं नाद्य विहातुमर्हसि
प्रभूतरत्नामनुशाधि मेदिनीं प्रभूतराष्ट्रां पितृवन्महायशाः २,१०२।०३१
वसिष्ठस्तु तदा राममुक्त्वा राजपुरोहितः
अब्रवीद्धर्मसंयुक्तं पुनरेवापरं वचः २,१०३।००१
पुरुषस्येह जातस्य भवन्ति गुरवस्त्रयः
आचार्यश्चैव काकुत्स्थ पिता माता च राघव २,१०३।००२
पिता ह्येनं जनयति पुरुषं पुरुषर्षभ
प्रज्ञां ददाति चाचार्यस्तस्मात्स गुरुरुच्यते २,१०३।००३
स तेऽहं पितुराचार्यस्तव चैव परंतप
मम त्वं वचनं कुर्वन्नातिवर्तेः सतां गतिम् २,१०३।००४
इमा हि ते परिषदः श्रेणयश्च समागताः
एषु तात चरन्धर्मं नातिवर्तेः सतां गतिम् २,१०३।००५"	वसिष्ठः
यस्य पुरी अमरावतीति श्रूयते स कः?	इन्द्रः	"गृहकर्ता भवानेव देवानां हृदयेप्सितम्
अस्माकमपि तावत्त्वं गृहं कुरु महामते ७,००५।०१८
हिमवन्तं समाश्रित्य मेरुं मन्दरमेव वा
महेश्वरगृहप्रख्यं गृहं नः क्रियतां महत् ७,००५।०१९
विश्वकर्मा ततस्तेषां राक्षसानां महाभुजः
निवासं कथयामास शक्रस्येवामरावतीम् ७,००५।०२०
दक्षिणस्योदधेस्तीरे त्रिकूटो नाम पर्वतः
शिखरे तस्य शैलस्य मध्यमेऽम्बुदसंनिभे
शकुनैरपि दुष्प्रापे टङ्कच्छिन्नचतुर्दिशि ७,००५।०२१
त्रिंशद्योजनविस्तीर्णा स्वर्णप्राकारतोरणा
मया लङ्केति नगरी शक्राज्ञप्तेन निर्मिता ७,००५।०२२
तस्यां वसत दुर्धर्षाः पुर्यां राक्षससत्तमाः
अमरावतीं समासाद्य सेन्द्रा इव दिवौकसः ७,००५।०२३
लङ्कादुर्गं समासाद्य राक्षसैर्बहुभिर्वृताः
भविष्यथ दुराधर्षाः शत्रूणां शत्रुसूदनाः ७,००५।०२४
विश्वकर्मवचः श्रुत्वा ततस्ते राम राक्षसाः
सहस्रानुचरा गत्वा लङ्कां तामवसन्पुरीम् ७,००५।०२५
दृढप्राकारपरिखां हैमैर्गृहशतैर्वृताम्
लङ्कामवाप्य ते हृष्टा विहरन्ति निशाचराः ७,००५।०२६
नर्मदा नाम गन्धर्वी नानाधर्मसमेधिता
तस्याः कन्यात्रयं ह्यासीद्धीश्रीकीर्तिसमद्युति ७,००५।०२७"	शक्रः
क्षीरोदधेः उत्पन्नं किं नाम विषम्?	हालाहलम्	"तत्र नेत्रमनःकान्तः कुञ्जरो नाम पर्वतः
अगस्त्यभवनं यत्र निर्मितं विश्वकर्मणा ४,०४०।०३४
तत्र योजनविस्तारमुच्छ्रितं दशयोजनम्
शरणं काञ्चनं दिव्यं नानारत्नविभूषितम् ४,०४०।०३५
तत्र भोगवती नाम सर्पाणामालयः पुरी
विशालरथ्या दुर्धर्षा सर्वतः परिरक्षिता
रक्षिता पन्नगैर्घोरैस्तीक्ष्णदंष्ट्रैर्महाविषैः ४,०४०।०३६
सर्पराजो महाघोरो यस्यां वसति वासुकिः
निर्याय मार्गितव्या च सा च भोगवती पुरी ४,०४०।०३७
तं च देशमतिक्रम्य महानृषभसंस्थितः
सर्वरत्नमयः श्रीमानृषभो नाम पर्वतः ४,०४०।०३८
गोशीर्षकं पद्मकं च हरिश्यामं च चन्दनम्
दिव्यमुत्पद्यते यत्र तच्चैवाग्निसमप्रभम् ४,०४०।०३९
न तु तच्चन्दनं दृष्ट्वा स्प्रष्टव्यं च कदा चन
रोहिता नाम गन्धर्वा घोरा रक्षन्ति तद्वनम् ४,०४०।०४०
तत्र गन्धर्वपतयः पञ्चसूर्यसमप्रभाः
शैलूषो ग्रामणीर्भिक्षुः शुभ्रो बभ्रुस्तथैव च ४,०४०।०४१
अन्ते पृथिव्या दुर्धर्षास्तत्र स्वर्गजितः स्थिताः
ततः परं न वः सेव्यः पितृलोकः सुदारुणः
राजधानी यमस्यैषा कष्टेन तमसावृता ४,०४०।०४२
एतावदेव युष्माभिर्वीरा वानरपुंगवाः
शक्यं विचेतुं गन्तुं वा नातो गतिमतां गतिः ४,०४०।०४३"	कालकूटम्
येन पर्वतेन देवासुराः क्षीरोदं अमथ्नन् कः स पर्वतः?	मन्दरः	"तानार्तान्नष्टसंज्ञांश्च परासूंश्च बृहस्पतिः
विध्याभिर्मन्त्रयुक्ताभिरोषधीभिश्चिकित्सति ६,०४०।०२८
तान्यौषधान्यानयितुं क्षीरोदं यान्तु सागरम्
जवेन वानराः शीघ्रं संपाति पनसादयः ६,०४०।०२९
हरयस्तु विजानन्ति पार्वती ते महौषधी
संजीवकरणीं दिव्यां विशल्यां देवनिर्मिताम् ६,०४०।०३०
चन्द्रश्च नाम द्रोणश्च पर्वतौ सागरोत्तमे
अमृतं यत्र मथितं तत्र ते परमौषधी ६,०४०।०३१
ते तत्र निहिते देवैः पर्वते परमौषधी
अयं वायुसुतो राजन्हनूमांस्तत्र गच्छतु ६,०४०।०३२
एतस्मिन्नन्तरे वायुर्मेघांश्चापि सविद्युतः
पर्यस्यन्सागरे तोयं कम्पयन्निव पर्वतान् ६,०४०।०३३
महता पक्षवातेन सर्वे द्वीपमहाद्रुमाः
निपेतुर्भग्नविटपाः समूला लवणाम्भसि ६,०४०।०३४
अभवन्पन्नगास्त्रस्ता भोगिनस्तत्रवासिनः
शीघ्रं सर्वाणि यादांसि जग्मुश्च लवणार्णवम् ६,०४०।०३५
ततो मुहूर्तद्गरुडं वैनतेयं महाबलम्
वानरा ददृशुः सर्वे ज्वलन्तमिव पावकम् ६,०४०।०३६
तमागतमभिप्रेक्ष्य नागास्ते विप्रदुद्रुवुः
यैस्तौ सत्पुरुषौ बद्धौ शरभूतैर्महाबलौ ६,०४०।०३७
ततः सुपर्णः काकुत्स्थौ दृष्ट्वा प्रत्यभिनन्द्य च
विममर्श च पाणिभ्यां मुखे चन्द्रसमप्रभे ६,०४०।०३८"	द्रोणः
सूर्याचन्द्रमसौ कदाचित् काले को ग्राहयति?	राहुः	"प्राप्तकालं तु ते मन्ये राजानं वीतसाध्वसा
रामाभिषेकसंकल्पान्निगृह्य विनिवर्तय २,००९।०२६
अनर्थमर्थरूपेण ग्राहिता सा ततस्तया
हृष्टा प्रतीता कैकेयी मन्थरामिदमब्रवीत् २,००९।०२७
कुब्जे त्वां नाभिजानामि श्रेष्ठां श्रेष्ठाभिधायिनीम्
पृथिव्यामसि कुब्जानामुत्तमा बुद्धिनिश्चये २,००९।०२८
त्वमेव तु ममार्थेषु नित्ययुक्ता हितैषिणी
नाहं समवबुध्येयं कुब्जे राज्ञश्चिकीर्षितम् २,००९।०२९
सन्ति दुःसंस्थिताः कुब्जा वक्राः परमपापिकाः
त्वं पद्ममिव वातेन संनता प्रियदर्शना २,००९।०३०
उरस्तेऽभिनिविष्टं वै यावत्स्कन्धात्समुन्नतम्
अधस्ताच्चोदरं शान्तं सुनाभमिव लज्जितम् २,००९।०३१
जघनं तव निर्घुष्टं रशनादामशोभितम्
जङ्घे भृशमुपन्यस्ते पादौ चाप्यायतावुभौ २,००९।०३२
त्वमायताभ्यां सक्थिभ्यां मन्थरे क्षौमवासिनि
अग्रतो मम गच्छन्ती राजहंसीव राजसे २,००९।०३३
तवेदं स्थगु यद्दीर्घं रथघोणमिवायतम्
मतयः क्षत्रविद्याश्च मायाश्चात्र वसन्ति ते २,००९।०३४
अत्र ते प्रतिमोक्ष्यामि मालां कुब्जे हिरण्मयीम्
अभिषिक्ते च भरते राघवे च वनं गते २,००९।०३५"	राहुः
इन्द्रस्य स्यन्दनस्य क्षत्ता कः?	मातलिः	"तमिक्ष्वाकुमयोध्यायां राजानं विद्धि पूर्वकम्
इक्ष्वाकोस्तु सुतः श्रीमान्विकुक्षिरुदपद्यत १,०६९।०१९
विकुक्षेस्तु महातेजा बाणः पुत्रः प्रतापवान्
बाणस्य तु महातेजा अनरण्यः प्रतापवान् १,०६९।०२०
अनरण्यात्पृथुर्जज्ञे त्रिशङ्कुस्तु पृथोः सुतः
त्रिशङ्कोरभवत्पुत्रो धुन्धुमारो महायशाः १,०६९।०२१
धुन्धुमारान्महातेजा युवनाश्वो महारथः
युवनाश्वसुतः श्रीमान्मान्धाता पृथिवीपतिः १,०६९।०२२
मान्धातुस्तु सुतः श्रीमान्सुसंधिरुदपद्यत
सुसंधेरपि पुत्रौ द्वौ ध्रुवसंधिः प्रसेनजित् १,०६९।०२३
यशस्वी ध्रुवसंधेस्तु भरतो नाम नामतः
भरतात्तु महातेजा असितो नाम जायत १,०६९।०२४
सह तेन गरेणैव जातः स सगरोऽभवत्
सगरस्यासमञ्जस्तु असमञ्जादथांशुमान् १,०६९।०२५
दिलीपोऽंशुमतः पुत्रो दिलीपस्य भगीरथः
भगीरथात्ककुत्स्थश्च ककुत्स्थस्य रघुस्तथा १,०६९।०२६
रघोस्तु पुत्रस्तेजस्वी प्रवृद्धः पुरुषादकः
कल्माषपादो ह्यभवत्तस्माज्जातस्तु शङ्खणः १,०६९।०२७
सुदर्शनः शङ्खणस्य अग्निवर्णः सुदर्शनात्
शीघ्रगस्त्वग्निवर्णस्य शीघ्रगस्य मरुः सुतः १,०६९।०२८"	मातलिः
अमरावत्यां प्रसिद्धं वनं किम्?	नन्दनम्	"किङ्किणीजालघोषाभिः पताकाभिरलंकृताम्
आसाद्य सहसा हृष्टः प्राकारमभिपेदिवान् ५,००३।००७
विस्मयाविष्टहृदयः पुरीमालोक्य सर्वतः
जाम्बूनदमयैर्द्वारैर्वैदूर्यकृतवेदिकैः ५,००३।००८
मणिस्फटिक मुक्ताभिर्मणिकुट्टिमभूषितैः
तप्तहाटकनिर्यूहै राजतामलपाण्डुरैः ५,००३।००९
वैदूर्यतलसोपानैः स्फाटिकान्तरपांसुभिः
चारुसंजवनोपेतैः खमिवोत्पतितैः शुभैः ५,००३।०१०
क्रौञ्चबर्हिणसंघुष्टे राजहंसनिषेवितैः
तूर्याभरणनिर्घोषैः सर्वतः प्रतिनादिताम् ५,००३।०११
वस्वोकसाराप्रतिमां समीक्ष्य नगरीं ततः
खमिवोत्पतितां लङ्कां जहर्ष हनुमान्कपिः ५,००३।०१२
तां समीक्ष्य पुरीं लङ्कां राक्षसाधिपतेः शुभाम्
अनुत्तमामृद्धियुतां चिन्तयामास वीर्यवान् ५,००३।०१३
नेयमन्येन नगरी शक्या धर्षयितुं बलात्
रक्षिता रावणबलैरुद्यतायुधधारिभिः ५,००३।०१४
कुमुदाङ्गदयोर्वापि सुषेणस्य महाकपेः
प्रसिद्धेयं भवेद्भूमिर्मैन्दद्विविदयोरपि ५,००३।०१५
विवस्वतस्तनूजस्य हरेश्च कुशपर्वणः
ऋक्षस्य केतुमालस्य मम चैव गतिर्भवेत् ५,००३।०१६
समीक्ष्य तु महाबाहो राघवस्य पराक्रमम्
लक्ष्मणस्य च विक्रान्तमभवत्प्रीतिमान्कपिः ५,००३।०१७"	नन्दनम्
रावणस्य भ्रता को यो रामम् आश्रयत?	विभीषणः	"ततोऽब्रवीन्महातेजा रामो लक्ष्मणमग्रतः
स्थितं प्राग्गामिनं वीरं याचमानं कृताञ्जलिम् २,०२८।००१
मयाद्य सह सौमित्रे त्वयि गच्छति तद्वनम्
को भरिष्यति कौसल्यां सुमित्रां वा यशस्विनीम् २,०२८।००२
अभिवर्षति कामैर्यः पर्जन्यः पृथिवीमिव
स कामपाशपर्यस्तो महातेजा महीपतिः २,०२८।००३
सा हि राज्यमिदं प्राप्य नृपस्याश्वपतेः सुता
दुःखितानां सपत्नीनां न करिष्यति शोभनम् २,०२८।००४
एवमुक्तस्तु रामेण लक्ष्मणः श्लक्ष्णया गिरा
प्रत्युवाच तदा रामं वाक्यज्ञो वाक्यकोविदम् २,०२८।००५
तवैव तेजसा वीर भरतः पूजयिष्यति
कौसल्यां च सुमित्रां च प्रयतो नात्र संशयः २,०२८।००६
कौसल्या बिभृयादार्या सहस्रमपि मद्विधान्
यस्याः सहस्रं ग्रामाणां संप्राप्तमुपजीवनम् २,०२८।००७
धनुरादाय सशरं खनित्रपिटकाधरः
अग्रतस्ते गमिष्यामि पन्थानमनुदर्शयन् २,०२८।००८
आहरिष्यामि ते नित्यं मूलानि च फलानि च
वन्यानि यानि चान्यानि स्वाहाराणि तपस्विनाम् २,०२८।००९
भवांस्तु सह वैदेह्या गिरिसानुषु रंस्यते
अहं सर्वं करिष्यामि जाग्रतः स्वपतश्च ते २,०२८।०१०
रामस्त्वनेन वाक्येन सुप्रीतः प्रत्युवाच तम्
व्रजापृच्छस्व सौमित्रे सर्वमेव सुहृज्जनम् २,०२८।०११"	विभीषणः
को राक्षसः युगपद् षण्मासाः यावत् स्वपिति?	कुम्भकर्णः	"एवं प्रजा यदि त्वेष भक्षयिष्यति नित्यशः
अचिरेणैव कालेन शून्यो लोको भविष्यति ६,०४९।०२०
वासवस्य वचः श्रुत्वा सर्वलोकपितामहः
रक्षांस्यावाहयामास कुम्भकर्णं ददर्श ह ६,०४९।०२१
कुम्भकर्णं समीक्ष्यैव वितत्रास प्रजापतिः
दृष्ट्वा निश्वस्य चैवेदं स्वयम्भूरिदमब्रवीत् ६,०४९।०२२
ध्रुवं लोकविनाशाय पौरस्त्येनासि निर्मितः
तस्मात्त्वमद्य प्रभृति मृतकल्पः शयिष्यसि
ब्रह्मशापाभिभूतोऽथ निपपाताग्रतः प्रभोः ६,०४९।०२३
ततः परमसंभ्रान्तो रावणो वाक्यमब्रवीत्
विवृद्धः काञ्चनो वृक्षः फलकाले निकृत्यते ६,०४९।०२४
न नप्तारं स्वकं न्याय्यं शप्तुमेवं प्रजापते
न मिथ्यावचनश्च त्वं स्वप्स्यत्येष न संशयः
कालस्तु क्रियतामस्य शयने जागरे तथा ६,०४९।०२५
रावणस्य वचः श्रुत्वा स्वयम्भूरिदमब्रवीत्
शयिता ह्येष षण्मासानेकाहं जागरिष्यति ६,०४९।०२६
एकेनाह्ना त्वसौ वीरश्चरन्भूमिं बुभुक्षितः
व्यात्तास्यो भक्षयेल्लोकान्संक्रुद्ध इव पावकः ६,०४९।०२७
सोऽसौ व्यसनमापन्नः कुम्भकर्णमबोधयत्
त्वत्पराक्रमभीतश्च राजा संप्रति रावणः ६,०४९।०२८
स एष निर्गतो वीरः शिबिराद्भीमविक्रमः
वानरान्भृशसंक्रुद्धो भक्षयन्परिधावति ६,०४९।०२९"	कुम्भकर्णः
रावणाज्ञाम् अनुसृत्य को राक्षसः सुवर्ण-हरिणो भुत्वा सीतायाः परितः चचाल?	मारीचः	"दद्यान्न प्रतिगृह्णीयात्सत्यब्रूयान्न चानृतम्
एतद्ब्राह्मण रामस्य व्रतं ध्रुवमनुत्तमम् ३,०४५।०१५
तस्य भ्राता तु वैमात्रो लक्ष्मणो नाम वीर्यवान्
रामस्य पुरुषव्याघ्रः सहायः समरेऽरिहा ३,०४५।०१६
स भ्राता लक्ष्मणो नाम धर्मचारी दृढव्रतः
अन्वगच्छद्धनुष्पाणिः प्रव्रजन्तं मया सह ३,०४५।०१७
ते वयं प्रच्युता राज्यात्कैलेय्यास्तु कृते त्रयः
विचराम द्विजश्रेष्ठ वनं गम्भीरमोजसा ३,०४५।०१८
समाश्वस मुहूर्तं तु शक्यं वस्तुमिह त्वया
आगमिष्यति मे भर्ता वन्यमादाय पुष्कलम् ३,०४५।०१९
स त्वं नाम च गोत्रं च कुलमाचक्ष्व तत्त्वतः
एकश्च दण्डकारण्ये किमर्थं चरसि द्विज ३,०४५।०२०
एवं ब्रुवत्यां सीतायां रामपत्न्यां महाबलः
प्रत्युवाचोत्तरं तीव्रं रावणो राक्षसाधिपः ३,०४५।०२१
येन वित्रासिता लोकाः सदेवासुरपन्नगाः
अहं स रावणो नाम सीते रक्षोगणेश्वरः ३,०४५।०२२
त्वां तु काञ्चनवर्णाभां दृष्ट्वा कौशेयवासिनीम्
रतिं स्वकेषु दारेषु नाधिगच्छाम्यनिन्दिते ३,०४५।०२३
बह्वीनामुत्तमस्त्रीणामाहृतानामितस्ततः
सर्वासामेव भद्रं ते ममाग्रमहिषी भव ३,०४५।०२४"	मारीचः
को ब्रह्मर्षिः यः क्षात्रे जातः सन् तपः प्रभावात् ब्राह्मं जगाम?	विश्वामित्रः	"तप्यन्तं तमृषिं तत्र गन्धर्वी पर्युपासते
सोमदा नाम भद्रं ते ऊर्मिला तनया तदा १,०३२।०१२
सा च तं प्रणता भूत्वा शुश्रूषणपरायणा
उवास काले धर्मिष्ठा तस्यास्तुष्टोऽभवद्गुरुः १,०३२।०१३
स च तां कालयोगेन प्रोवाच रघुनन्दन
परितुष्टोऽस्मि भद्रं ते किं करोमि तव प्रियम् १,०३२।०१४
परितुष्टं मुनिं ज्ञात्वा गन्धर्वी मधुरस्वरम्
उवाच परमप्रीता वाक्यज्ञा वाक्यकोविदम् १,०३२।०१५
लक्ष्म्या समुदितो ब्राह्म्या ब्रह्मभूतो महातपाः
ब्राह्मेण तपसा युक्तं पुत्रमिच्छामि धार्मिकम् १,०३२।०१६
अपतिश्चास्मि भद्रं ते भार्या चास्मि न कस्य चित्
ब्राह्मेणोपगतायाश्च दातुमर्हसि मे सुतम् १,०३२।०१७
तस्याः प्रसन्नो ब्रह्मर्षिर्ददौ पुत्रमनुत्तमम्
ब्रह्मदत्त इति ख्यातं मानसं चूलिनः सुतम् १,०३२।०१८
स राजा ब्रह्मदत्तस्तु पुरीमध्यवसत्तदा
काम्पिल्यां परया लक्ष्म्या देवराजो यथा दिवम् १,०३२।०१९
स बुद्धिं कृतवान्राजा कुशनाभः सुधार्मिकः
ब्रह्मदत्ताय काकुत्स्थ दातुं कन्याशतं तदा १,०३२।०२०
तमाहूय महातेजा ब्रह्मदत्तं महीपतिः
ददौ कन्याशतं राजा सुप्रीतेनान्तरात्मना १,०३२।०२१"	विष्वामित्रः
को आसीत् यं सशरीरं विश्वामित्रः स्वर्लोकं प्रापयांचकार?	त्रिशङ्कुः	"एतावदुक्त्वा वचनं विश्वामित्रो महातपाः
विरराम महातेजा ऋषिमध्ये महामुनिः १,०५८।०२३
तपोबलहतान्कृत्वा वासिष्ठान्समहोदयान्
ऋषिमध्ये महातेजा विश्वामित्रोऽभ्यभाषत १,०५९।००१
अयमिक्ष्वाकुदायादस्त्रिशङ्कुरिति विश्रुतः
धर्मिष्ठश्च वदान्यश्च मां चैव शरणं गतः
स्वेनानेन शरीरेण देवलोकजिगीषया १,०५९।००२
यथायं स्वशरीरेण देवलोकं गमिष्यति
तथा प्रवर्त्यतां यज्ञो भवद्भिश्च मया सह १,०५९।००३
विश्वामित्रवचः श्रुत्वा सर्व एव महर्षयः
ऊचुः समेत्य सहिता धर्मज्ञा धर्मसंहितम् १,०५९।००४
अयं कुशिकदायादो मुनिः परमकोपनः
यदाह वचनं सम्यगेतत्कार्यं न संशयः १,०५९।००५
अग्निकल्पो हि भगवाञ्शापं दास्यति रोषितः
तस्मात्प्रवर्त्यतां यज्ञः सशरीरो यथा दिवम्
गच्छेदिक्ष्वाकुदायादो विश्वामित्रस्य तेजसा १,०५९।००६
ततः प्रवर्त्यतां यज्ञः सर्वे समधितिष्ठते १,०५९।००७
एवमुक्त्वा महर्षयः संजह्रुस्ताः क्रियास्तदा
याजकाश्च महातेजा विश्वामित्रोऽभवत्क्रतौ १,०५९।००८
ऋत्विजश्चानुपूर्व्येण मन्त्रवन्मन्त्रकोविदाः
चक्रुः सर्वाणि कर्माणि यथाकल्पं यथाविधि १,०५९।००९"	त्रिशङ्कुः
कः स्वकीय-पितुः ययातेः जरां गृहीत्वा तस्मै आत्मनो यौवनम् ददे?	पुरुः	"कुशनाभस्तु राजर्षिः कन्याशतमनुत्तमम्
जनयामास धर्मात्मा घृताच्यां रघुनन्दन १,०३१।००९
तास्तु यौवनशालिन्यो रूपवत्यः स्वलंकृताः
उद्यानभूमिमागम्य प्रावृषीव शतह्रदाः १,०३१।०१०
गायन्त्यो नृत्यमानाश्च वादयन्त्यश्च राघव
आमोदं परमं जग्मुर्वराभरणभूषिताः १,०३१।०११
अथ ताश्चारुसर्वाङ्ग्यो रूपेणाप्रतिमा भुवि
उद्यानभूमिमागम्य तारा इव घनान्तरे १,०३१।०१२
ताः सर्वगुणसंपन्ना रूपयौवनसंयुताः
दृष्ट्वा सर्वात्मको वायुरिदं वचनमब्रवीत् १,०३१।०१३
अहं वः कामये सर्वा भार्या मम भविष्यथ
मानुषस्त्यज्यतां भावो दीर्घमायुरवाप्स्यथ १,०३१।०१४
तस्य तद्वचनं श्रुत्वा वायोरक्लिष्टकर्मणः
अपहास्य ततो वाक्यं कन्याशतमथाब्रवीत् १,०३१।०१५
अन्तश्चरसि भूतानां सर्वेषां त्वं सुरोत्तम
प्रभावज्ञाश्च ते सर्वाः किमस्मानवमन्यसे १,०३१।०१६
कुशनाभसुताः सर्वाः समर्थास्त्वां सुरोत्तम
स्थानाच्च्यावयितुं देवं रक्षामस्तु तपो वयम् १,०३१।०१७
मा भूत्स कालो दुर्मेधः पितरं सत्यवादिनम्
नावमन्यस्व धर्मेण स्वयं वरमुपास्महे १,०३१।०१८
पिता हि प्रभुरस्माकं दैवतं परमं हि सः
यस्य नो दास्यति पिता स नो भर्ता भविष्यति १,०३१।०१९"	पुर्वरुः
अश्विनौ पुरा सोमभागिनौ नास्ताम् । ततः कः ऋषिः तौ सोमपायिनै चकार यतो स जरां त्यक्त्वा ताभ्यां यौवनं प्राप्नोत्?	च्यवनः	"वनवासं वसन्नेवं शुचिर्नियतभोजनः
मूलैः पुष्पैः फलैः पुण्यैः पितॄन्देवांश्च तर्पयन् २,१०१।०२६
संतुष्टपञ्चवर्गोऽहं लोकयात्रां प्रवर्तये
अकुहः श्रद्दधानः सन्कार्याकार्यविचक्षणः २,१०१।०२७
कर्मभूमिमिमां प्राप्य कर्तव्यं कर्म यच्छुभम्
अग्निर्वायुश्च सोमश्च कर्मणां फलभागिनः २,१०१।०२८
शतं क्रतूनामाहृत्य देवराट्त्रिदिवं गतः
तपांस्युग्राणि चास्थाय दिवं याता महर्षयः २,१०१।०२९
सत्यं च धर्मं च पराक्रमं च भूतानुकम्पां प्रियवादितां च
द्विजातिदेवातिथिपूजनं च पन्थानमाहुस्त्रिदिवस्य सन्तः २,१०१।०३०
धर्मे रताः सत्पुरुषैः समेतास्तेजस्विनो दानगुणप्रधानाः
अहिंसका वीतमलाश्च लोके भवन्ति पूज्या मुनयः प्रधानाः २,१०१।०३१
क्रुद्धमाज्ञाय रामं तु वसिष्ठः प्रत्युवाच ह
जाबालिरपि जानीते लोकस्यास्य गतागतिम्
निवर्तयितुकामस्तु त्वामेतद्वाक्यमब्रवीत् २,१०२।००१
इमां लोकसमुत्पत्तिं लोकनाथ निबोध मे
सर्वं सलिलमेवासीत्पृथिवी यत्र निर्मिता
ततः समभवद्ब्रह्मा स्वयम्भूर्दैवतैः सह २,१०२।००२
स वराहस्ततो भूत्वा प्रोज्जहार वसुंधराम्
असृजच्च जगत्सर्वं सह पुत्रैः कृतात्मभिः २,१०२।००३"	च्यवनः
आयोध्यायाः को राजपुत्रो बालान् गृहीत्वा नद्यां पातयति स्म?	असमञ्जः	"कम्बलानां च मुख्यानां क्षौमकोट्यम्बराणि च
हस्त्यश्वरथपादातं दिव्यरूपं स्वलंकृतम् १,०७३।००४
ददौ कन्या पिता तासां दासीदासमनुत्तमम्
हिरण्यस्य सुवर्णस्य मुक्तानां विद्रुमस्य च १,०७३।००५
ददौ परमसंहृष्टः कन्याधनमनुत्तमम्
दत्त्वा बहुधनं राजा समनुज्ञाप्य पार्थिवम् १,०७३।००६
प्रविवेश स्वनिलयं मिथिलां मिथिलेश्वरः
राजाप्ययोध्याधिपतिः सह पुत्रैर्महात्मभिः १,०७३।००७
ऋषीन्सर्वान्पुरस्कृत्य जगाम सबलानुगः
गच्छन्तं तु नरव्याघ्रं सर्षिसंघं सराघवम् १,०७३।००८
घोराः स्म पक्षिणो वाचो व्याहरन्ति ततस्ततः
भौमाश्चैव मृगाः सर्वे गच्छन्ति स्म प्रदक्षिणम् १,०७३।००९
तान्दृष्ट्वा राजशार्दूलो वसिष्ठं पर्यपृच्छत
असौम्याः पक्षिणो घोरा मृगाश्चापि प्रदक्षिणाः
किमिदं हृदयोत्कम्पि मनो मम विषीदति १,०७३।०१०
राज्ञो दशरथस्यैतच्छ्रुत्वा वाक्यं महानृषिः
उवाच मधुरां वाणीं श्रूयतामस्य यत्फलम् १,०७३।०११
उपस्थितं भयं घोरं दिव्यं पक्षिमुखाच्च्युतम्
मृगाः प्रशमयन्त्येते संतापस्त्यज्यतामयम् १,०७३।०१२
तेषां संवदतां तत्र वायुः प्रादुर्बभूव ह
कम्पयन्मेदिनीं सर्वां पातयंश्च द्रुमाञ्शुभान् १,०७३।०१३"	रामः
अम्ब्रीषस्य यज्ञे को वारुणो पशुः भूत्वा युपे अबध्यत यस्य स्तुतिभिः तुष्टेन वरुणेन च पाशैः यो अमुच्यत?	शुनःशेपः	"सदस्यानुमते राजा पवित्रकृतलक्षणम्
पशुं रक्ताम्बरं कृत्वा यूपे तं समबन्धयत् १,०६१।०२३
स बद्धो वाग्भिरग्र्याभिरभितुष्टाव वै सुरौ
इन्द्रमिन्द्रानुजं चैव यथावन्मुनिपुत्रकः १,०६१।०२४
ततः प्रीतः सहस्राक्षो रहस्यस्तुतितर्पितः
दीर्घमायुस्तदा प्रादाच्छुनःशेपाय राघव १,०६१।०२५
स च राजा नरश्रेष्ठ यज्ञस्य च समाप्तवान्
फलं बहुगुणं राम सहस्राक्षप्रसादजम् १,०६१।०२६
विश्वामित्रोऽपि धर्मात्मा भूयस्तेपे महातपाः
पुष्करेषु नरश्रेष्ठ दशवर्षशतानि च १,०६१।०२७
पूर्णे वर्षसहस्रे तु व्रतस्नातं महामुनिम्
अभ्यागच्छन्सुराः सर्वे तपःफलचिकीर्षवः १,०६२।००१
अब्रवीत्सुमहातेजा ब्रह्मा सुरुचिरं वचः
ऋषिस्त्वमसि भद्रं ते स्वार्जितैः कर्मभिः शुभैः १,०६२।००२
तमेवमुक्त्वा देवेशस्त्रिदिवं पुनरभ्यगात्
विश्वामित्रो महातेजा भूयस्तेपे महत्तपः १,०६२।००३
ततः कालेन महता मेनका परमाप्सराः
पुष्करेषु नरश्रेष्ठ स्नातुं समुपचक्रमे १,०६२।००४
तां ददर्श महातेजा मेनकां कुशिकात्मजः
रूपेणाप्रतिमां तत्र विद्युतं जलदे यथा १,०६२।००५"	शुनःशेपः
सगरेण सङ्कल्पित-हयमेधम् अवरोद्धुम् अश्वं को जहार?	इन्द्रः	"उत्तरस्यां रघुश्रेष्ठ ददृशुर्हिमपाण्डुरम्
भद्रं भद्रेण वपुषा धारयन्तं महीमिमाम् १,०३९।०२१
समालभ्य ततः सर्वे कृत्वा चैनं प्रदक्षिणम्
षष्टिः पुत्रसहस्राणि बिभिदुर्वसुधातलम् १,०३९।०२२
ततः प्रागुत्तरां गत्वा सागराः प्रथितां दिशम्
रोषादभ्यखनन्सर्वे पृथिवीं सगरात्मजाः १,०३९।०२३
ददृशुः कपिलं तत्र वासुदेवं सनातनम्
हयं च तस्य देवस्य चरन्तमविदूरतः १,०३९।०२४
ते तं यज्ञहनं ज्ञात्वा क्रोधपर्याकुलेक्षणाः
अभ्यधावन्त संक्रुद्धास्तिष्ठ तिष्ठेति चाब्रुवन् १,०३९।०२५
अस्माकं त्वं हि तुरगं यज्ञियं हृतवानसि
दुर्मेधस्त्वं हि संप्राप्तान्विद्धि नः सगरात्मजान् १,०३९।०२६
श्रुत्वा तद्वचनं तेषां कपिलो रघुनन्दन
रोषेण महताविष्टो हुंकारमकरोत्तदा १,०३९।०२७
ततस्तेनाप्रमेयेन कपिलेन महात्मना
भस्मराशीकृताः सर्वे काकुत्स्थ सगरात्मजाः १,०३९।०२८
पुत्रांश्चिरगताञ्ज्ञात्वा सगरो रघुनन्दन
नप्तारमब्रवीद्राजा दीप्यमानं स्वतेजसा १,०४०।००१
शूरश्च कृतविद्यश्च पूर्वैस्तुल्योऽसि तेजसा
पितॄणां गतिमन्विच्छ येन चाश्वोऽपहारितः १,०४०।००२"	कपिलः
को रावणं बबन्ध यश्च पुनः तं पुलस्त्य-वचनात् मुमोच?	कार्तवीर्यार्जुनः	"ततस्तमृषिमायान्तमुद्यन्तमिव भास्करम्
अर्जुनो दृश्य संप्राप्तं ववन्देन्द्र इवेश्वरम् ७,०३३।००८
स तस्य मधुपर्कं च पाद्यमर्घ्यं च दापयन्
पुलस्त्यमाह राजेन्द्रो हर्षगद्गदया गिरा ७,०३३।००९
अद्येयममरावत्या तुल्या माहिष्मती कृता
अद्याहं तु द्विजेन्द्रेन्द्र यस्मात्पश्यामि दुर्दृशम् ७,०३३।०१०
अद्य मे कुशलं देव अद्य मे कुलमुद्धृतम्
यत्ते देवगणैर्वन्द्यौ वन्देऽहं चरणाविमौ ७,०३३।०११
इदं राज्यमिमे पुत्रा इमे दारा इमे वयम्
ब्रह्मन्किं कुर्म किं कार्यमाज्ञापयतु नो भवान् ७,०३३।०१२
तं धर्मेऽग्निषु भृत्येषु शिवं पृष्ट्वाथ पार्थिवम्
पुलस्त्योवाच राजानं हैहयानां तदार्जुनम् ७,०३३।०१३
राजेन्द्रामलपद्माक्षपूर्णचन्द्रनिभानन
अतुलं ते बलं येन दशग्रीवस्त्वया जितः ७,०३३।०१४
भयाद्यस्यावतिष्ठेतां निष्पन्दौ सागरानिलौ
सोऽयमद्य त्वया बद्धः पौत्रो मेऽतीवदुर्जयः ७,०३३।०१५
तत्पुत्रक यशः स्फीतं नाम विश्रावितं त्वया
मद्वाक्याद्याच्यमानोऽद्य मुञ्च वत्स दशाननम् ७,०३३।०१६
पुलस्त्याज्ञां स गृह्याथ अकिंचनवचोऽर्जुनः
मुमोच पार्थिवेन्द्रेन्द्रो राक्षसेन्द्रं प्रहृष्टवत् ७,०३३।०१७"	अर्जुनः
रामायणे कति श्लोकाः सन्ति?	चतुर्विंशतिसहस्रम्	"शोचन्नेव मुहुः क्रौञ्चीमुपश्लोकमिमं पुनः
जगावन्तर्गतमना भूत्वा शोकपरायणः १,००२।०२८
तमुवाच ततो ब्रह्मा प्रहसन्मुनिपुंगवम्
श्लोक एव त्वया बद्धो नात्र कार्या विचारणा १,००२।०२९
मच्छन्दादेव ते ब्रह्मन्प्रवृत्तेयं सरस्वती
रामस्य चरितं सर्वं कुरु त्वमृषिसत्तम १,००२।०३०
धर्मात्मनो गुणवतो लोके रामस्य धीमतः
वृत्तं कथय धीरस्य यथा ते नारदाच्छ्रुतम् १,००२।०३१
रहस्यं च प्रकाशं च यद्वृत्तं तस्य धीमतः
रामस्य सह सौमित्रे राक्षसानां च सर्वशः १,००२।०३२
वैदेह्याश्चैव यद्वृत्तं प्रकाशं यदि वा रहः
तच्चाप्यविदितं सर्वं विदितं ते भविष्यति १,००२।०३३
न ते वागनृता काव्ये का चिदत्र भविष्यति
कुरु रामकथां पुण्यां श्लोकबद्धां मनोरमाम् १,००२।०३४
यावत्स्थास्यन्ति गिरयः सरितश्च महीतले
तावद्रामायणकथा लोकेषु प्रचरिष्यति १,००२।०३५
यावद्रामस्य च कथा त्वत्कृता प्रचरिष्यति
तावदूर्ध्वमधश्च त्वं मल्लोकेषु निवत्स्यसि १,००२।०३६
इत्युक्त्वा भगवान्ब्रह्मा तत्रैवान्तरधीयत
ततः सशिष्यो वाल्मीकिर्मुनिर्विस्मयमाययौ १,००२।०३७
तस्य शिष्यास्ततः सर्वे जगुः श्लोकमिमं पुनः
मुहुर्मुहुः प्रीयमाणाः प्राहुश्च भृशविस्मिताः १,००२।०३८"	सहस्राणि-सप्ततिः
कति वर्ष-पर्याप्तं लक्ष्मणो निद्रां त्यक्त्वा ब्रह्मचर्यम् अपालयत्?	चतुर्दश	"तत्र मे याचितो राजा भरतस्याभिषेचनम्
गमनं दण्डकारण्ये तव चाद्यैव राघव २,०१६।०२२
यदि सत्यप्रतिज्ञं त्वं पितरं कर्तुमिच्छसि
आत्मानं च नररेष्ठ मम वाक्यमिदं शृणु २,०१६।०२३
स निदेशे पितुस्तिष्ठ यथा तेन प्रतिश्रुतम्
त्वयारण्यं प्रवेष्टव्यं नव वर्षाणि पञ्च च २,०१६।०२४
सप्त सप्त च वर्षाणि दण्डकारण्यमाश्रितः
अभिषेकमिमं त्यक्त्वा जटाचीरधरो वस २,०१६।०२५
भरतः कोसलपुरे प्रशास्तु वसुधामिमाम्
नानारत्नसमाकीर्णां सवाजिरथकुञ्जराम् २,०१६।०२६
तदप्रियममित्रघ्नो वचनं मरणोपमम्
श्रुत्वा न विव्यथे रामः कैकेयीं चेदमब्रवीत् २,०१६।०२७
एवमस्तु गमिष्यामि वनं वस्तुमहं त्वतः
जटाचीरधरो राज्ञः प्रतिज्ञामनुपालयन् २,०१६।०२८
इदं तु ज्ञातुमिच्छामि किमर्थं मां महीपतिः
नाभिनन्दति दुर्धर्षो यथापुरमरिंदमः २,०१६।०२९
मन्युर्न च त्वया कार्यो देवि ब्रूहि तवाग्रतः
यास्यामि भव सुप्रीता वनं चीरजटाधरः २,०१६।०३०
हितेन गुरुणा पित्रा कृतज्ञेन नृपेण च
नियुज्यमानो विश्रब्धं किं न कुर्यादहं प्रियम् २,०१६।०३१
अलीकं मानसं त्वेकं हृदयं दहतीव मे
स्वयं यन्नाह मां राजा भरतस्याभिषेचनम् २,०१६।०३२"	चतुर्दश
लङ्कां प्राप्तुम् उदधिः कति योजन-विस्तीर्णः आसीत्?	शत	"मां वा गृह्णीयुराप्लुत्य बहवः शीघ्रकारिणः
स्यादियं चागृहीतार्था मम च ग्रहणं भवेत् ५,०२८।०२९
हिंसाभिरुचयो हिंस्युरिमां वा जनकात्मजाम्
विपन्नं स्यात्ततः कार्यं रामसुग्रीवयोरिदम् ५,०२८।०३०
उद्देशे नष्टमार्गेऽस्मिन्राक्षसैः परिवारिते
सागरेण परिक्षिप्ते गुप्ते वसति जानकी ५,०२८।०३१
विशस्ते वा गृहीते वा रक्षोभिर्मयि संयुगे
नान्यं पश्यामि रामस्य सहायं कार्यसाधने ५,०२८।०३२
विमृशंश्च न पश्यामि यो हते मयि वानरः
शतयोजनविस्तीर्णं लङ्घयेत महोदधिम् ५,०२८।०३३
कामं हन्तुं समर्थोऽस्मि सहस्राण्यपि रक्षसाम्
न तु शक्ष्यामि संप्राप्तुं परं पारं महोदधेः ५,०२८।०३४
असत्यानि च युद्धानि संशयो मे न रोचते
कश्च निःसंशयं कार्यं कुर्यात्प्राज्ञः ससंशयम् ५,०२८।०३५
एष दोषो महान्हि स्यान्मम सीताभिभाषणे
प्राणत्यागश्च वैदेह्या भवेदनभिभाषणे ५,०२८।०३६
भूताश्चार्था विनश्यन्ति देशकालविरोधिताः
विक्लवं दूतमासाद्य तमः सूर्योदये यथा ५,०२८।०३७
अर्थानर्थान्तरे बुद्धिर्निश्चितापि न शोभते
घातयन्ति हि कार्याणि दूताः पण्डितमानिनः ५,०२८।०३८"	शतयोजनम्
कति वर्षाणि कालं रामस्य वने प्रवासम् अभवत्?	चतुर्दश	"बहूनि पश्यन्मनसोऽप्रियाणि यान्यन्न्यदा नास्य पुरे बभूवुः
अवाक्शिरा दीनमना नहृष्टः पितुर्महात्मा प्रविवेश वेश्म २,०६५।०२८
अपश्यंस्तु ततस्तत्र पितरं पितुरालये
जगाम भरतो द्रष्टुं मातरं मातुरालये २,०६६।००१
अनुप्राप्तं तु तं दृष्ट्वा कैकेयी प्रोषितं सुतम्
उत्पपात तदा हृष्टा त्यक्त्वा सौवर्णमानसं २,०६६।००२
स प्रविश्यैव धर्मात्मा स्वगृहं श्रीविवर्जितम्
भरतः प्रेक्ष्य जग्राह जनन्याश्चरणौ शुभौ २,०६६।००३
तं मूर्ध्नि समुपाघ्राय परिष्वज्य यशस्विनम्
अङ्के भरतमारोप्य प्रष्टुं समुपचक्रमे २,०६६।००४
अद्य ते कति चिद्रात्र्यश्च्युतस्यार्यकवेश्मनः
अपि नाध्वश्रमः शीघ्रं रथेनापततस्तव २,०६६।००५
आर्यकस्ते सुकुशलो युधाजिन्मातुलस्तव
प्रवासाच्च सुखं पुत्र सर्वं मे वक्तुमर्हसि २,०६६।००६
एवं पृष्ठस्तु कैकेय्या प्रियं पार्थिवनन्दनः
आचष्ट भरतः सर्वं मात्रे राजीवलोचनः २,०६६।००७
अद्य मे सप्तमी रात्रिश्च्युतस्यार्यकवेश्मनः
अम्बायाः कुशली तातो युधाजिन्मातुलश्च मे २,०६६।००८
यन्मे धनं च रत्नं च ददौ राजा परंतपः
परिश्रान्तं पथ्यभवत्ततोऽहं पूर्वमागतः २,०६६।००९"	दश
कार्तवीर्याजुनस्य कति भुजानि आसन्?	सहस्रम्	"बहूनि पश्यन्मनसोऽप्रियाणि यान्यन्न्यदा नास्य पुरे बभूवुः
अवाक्शिरा दीनमना नहृष्टः पितुर्महात्मा प्रविवेश वेश्म २,०६५।०२८
अपश्यंस्तु ततस्तत्र पितरं पितुरालये
जगाम भरतो द्रष्टुं मातरं मातुरालये २,०६६।००१
अनुप्राप्तं तु तं दृष्ट्वा कैकेयी प्रोषितं सुतम्
उत्पपात तदा हृष्टा त्यक्त्वा सौवर्णमानसं २,०६६।००२
स प्रविश्यैव धर्मात्मा स्वगृहं श्रीविवर्जितम्
भरतः प्रेक्ष्य जग्राह जनन्याश्चरणौ शुभौ २,०६६।००३
तं मूर्ध्नि समुपाघ्राय परिष्वज्य यशस्विनम्
अङ्के भरतमारोप्य प्रष्टुं समुपचक्रमे २,०६६।००४
अद्य ते कति चिद्रात्र्यश्च्युतस्यार्यकवेश्मनः
अपि नाध्वश्रमः शीघ्रं रथेनापततस्तव २,०६६।००५
आर्यकस्ते सुकुशलो युधाजिन्मातुलस्तव
प्रवासाच्च सुखं पुत्र सर्वं मे वक्तुमर्हसि २,०६६।००६
एवं पृष्ठस्तु कैकेय्या प्रियं पार्थिवनन्दनः
आचष्ट भरतः सर्वं मात्रे राजीवलोचनः २,०६६।००७
अद्य मे सप्तमी रात्रिश्च्युतस्यार्यकवेश्मनः
अम्बायाः कुशली तातो युधाजिन्मातुलश्च मे २,०६६।००८
यन्मे धनं च रत्नं च ददौ राजा परंतपः
परिश्रान्तं पथ्यभवत्ततोऽहं पूर्वमागतः २,०६६।००९"	सहस्रम्
दशरथस्य कति राज्ञ्यः आसन्?	तिस्रः	"बहूनि पश्यन्मनसोऽप्रियाणि यान्यन्न्यदा नास्य पुरे बभूवुः
अवाक्शिरा दीनमना नहृष्टः पितुर्महात्मा प्रविवेश वेश्म २,०६५।०२८
अपश्यंस्तु ततस्तत्र पितरं पितुरालये
जगाम भरतो द्रष्टुं मातरं मातुरालये २,०६६।००१
अनुप्राप्तं तु तं दृष्ट्वा कैकेयी प्रोषितं सुतम्
उत्पपात तदा हृष्टा त्यक्त्वा सौवर्णमानसं २,०६६।००२
स प्रविश्यैव धर्मात्मा स्वगृहं श्रीविवर्जितम्
भरतः प्रेक्ष्य जग्राह जनन्याश्चरणौ शुभौ २,०६६।००३
तं मूर्ध्नि समुपाघ्राय परिष्वज्य यशस्विनम्
अङ्के भरतमारोप्य प्रष्टुं समुपचक्रमे २,०६६।००४
अद्य ते कति चिद्रात्र्यश्च्युतस्यार्यकवेश्मनः
अपि नाध्वश्रमः शीघ्रं रथेनापततस्तव २,०६६।००५
आर्यकस्ते सुकुशलो युधाजिन्मातुलस्तव
प्रवासाच्च सुखं पुत्र सर्वं मे वक्तुमर्हसि २,०६६।००६
एवं पृष्ठस्तु कैकेय्या प्रियं पार्थिवनन्दनः
आचष्ट भरतः सर्वं मात्रे राजीवलोचनः २,०६६।००७
अद्य मे सप्तमी रात्रिश्च्युतस्यार्यकवेश्मनः
अम्बायाः कुशली तातो युधाजिन्मातुलश्च मे २,०६६।००८
यन्मे धनं च रत्नं च ददौ राजा परंतपः
परिश्रान्तं पथ्यभवत्ततोऽहं पूर्वमागतः २,०६६।००९"	त्रयः
रावणस्य कति शिरांसि आसन्?	दश	"स तं परिघमादाय जघान रजनीचरान् ५,०४०।०३२
स पन्नगमिवादाय स्फुरन्तं विनतासुतः
विचचाराम्बरे वीरः परिगृह्य च मारुतिः ५,०४०।०३३
स हत्वा राक्षसान्वीरः किंकरान्मारुतात्मजः
युद्धाकाङ्क्षी पुनर्वीरस्तोरणं समुपस्थितः ५,०४०।०३४
ततस्तस्माद्भयान्मुक्ताः कति चित्तत्र राक्षसाः
निहतान्किंकरान्सर्वान्रावणाय न्यवेदयन् ५,०४०।०३५
स राक्षसानां निहतं महाबलं निशम्य राजा परिवृत्तलोचनः
समादिदेशाप्रतिमं पराक्रमे प्रहस्तपुत्रं समरे सुदुर्जयम् ५,०४०।०३६
ततः स किंकरान्हत्वा हनूमान्ध्यानमास्थितः
वनं भग्नं मया चैत्यप्रासादो न विनाशितः
तस्मात्प्रासादमप्येवमिमं विध्वंसयाम्यहम् ५,०४१।००१
इति संचिन्त्य हनुमान्मनसा दर्शयन्बलम्
चैत्यप्रासादमाप्लुत्य मेरुशृङ्गमिवोन्नतम्
आरुरोह हरिश्रेष्ठो हनूमान्मारुतात्मजः ५,०४१।००२
संप्रधृष्य च दुर्धर्षश्चैत्यप्रासादमुन्नतम्
हनूमान्प्रज्वलंल्लक्ष्म्या पारियात्रोपमोऽभवत् ५,०४१।००३
स भूत्वा तु महाकायो हनूमान्मारुतात्मजः
धृष्टमास्फोटयामास लङ्कां शब्देन पूरयन् ५,०४१।००४
तस्यास्फोटितशब्देन महता श्रोत्रघातिना
पेतुर्विहंगा गगनादुच्चैश्चेदमघोषयत् ५,०४१।००५"	दश
भार्गवरामः कतिवारं पृथिवीं निःक्षत्रियां चकार?	एकविंशति	"दत्त्वा महेन्द्रनिलयस्तपोबलसमन्वितः
श्रुतवान्धनुषो भेदं ततोऽहं द्रुतमागतः १,०७४।०२६
तदिदं वैष्णवं राम पितृपैतामहं महत्
क्षत्रधर्मं पुरस्कृत्य गृह्णीष्व धनुरुत्तमम् १,०७४।०२७
योजयस्व धनुः श्रेष्ठे शरं परपुरंजयम्
यदि शक्नोषि काकुत्स्थ द्वन्द्वं दास्यामि ते ततः १,०७४।०२८
श्रुत्वा तज्जामदग्न्यस्य वाक्यं दाशरथिस्तदा
गौरवाद्यन्त्रितकथः पितू राममथाब्रवीत् १,०७५।००१
श्रुतवानस्मि यत्कर्म कृतवानसि भार्गव
अनुरुन्ध्यामहे ब्रह्मन्पितुरानृण्यमास्थितः १,०७५।००२
वीर्यहीनमिवाशक्तं क्षत्रधर्मेण भार्गव
अवजानामि मे तेजः पश्य मेऽद्य पराक्रमम् १,०७५।००३
इत्युक्त्वा राघवः क्रुद्धो भार्गवस्य वरायुधम्
शरं च प्रतिसंगृह्य हस्ताल्लघुपराक्रमः १,०७५।००४
आरोप्य स धनू रामः शरं सज्यं चकार ह
जामदग्न्यं ततो रामं रामः क्रुद्धोऽब्रवीद्वचः १,०७५।००५
ब्राह्मणोऽसीति पूज्यो मे विश्वामित्रकृतेन च
तस्माच्छक्तो न ते राम मोक्तुं प्राणहरं शरम् १,०७५।००६
इमां वा त्वद्गतिं राम तपोबलसमार्जितान्
लोकानप्रतिमान्वापि हनिष्यामि यदिच्छसि १,०७५।००७
न ह्ययं वैष्णवो दिव्यः शरः परपुरंजयः
मोघः पतति वीर्येण बलदर्पविनाशनः १,०७५।००८"	त्रिवारम्
आदित्यानां का सङ्ख्या?	द्वादश	"वेपमानं श्रमेणाद्य भवद्भिः स्थीयतामिति
एक एवाहरिष्यामि पातालादपि जानकीम् ४,०४४।०११
विधमिष्याम्यहं वृक्षान्दारयिष्याम्यहं गिरीन्
धरणीं दारयिष्यामि क्षोभयिष्यामि सागरान् ४,०४४।०१२
अहं योजनसंख्यायाः प्लविता नात्र संशयः
शतं योजनसंख्यायाः शतं समधिकं ह्यहम् ४,०४४।०१३
भूतले सागरे वापि शैलेषु च वनेषु च
पातालस्यापि वा मध्ये न ममाच्छिद्यते गतिः ४,०४४।०१४
इत्येकैकं तदा तत्र वानरा बलदर्पिताः
ऊचुश्च वचनं तस्मिन्हरिराजस्य संनिधौ ४,०४४।०१५
गतेषु वानरेन्द्रेषु रामः सुग्रीवमब्रवीत्
कथं भवान्विनाजीते सर्वं वै मण्डलं भुवः ४,०४५।००१
सुग्रीवस्तु ततो राममुवाच प्रणतात्मवान्
श्रूयतां सर्वमाख्यास्ये विस्तरेण नरर्षभ ४,०४५।००२
यदा तु दुन्दुभिं नाम दानवं महिषाकृतिम्
परिकालयते वाली मलयं प्रति पर्वतम् ४,०४५।००३
तदा विवेश महिषो मलयस्य गुहां प्रति
विवेश वाली तत्रापि मलयं तज्जिघांसया ४,०४५।००४
ततोऽहं तत्र निक्षिप्तो गुहाद्वारिविनीतवत्
न च निष्क्रमते वाली तदा संवत्सरे गते ४,०४५।००५
ततः क्षतजवेगेन आपुपूरे तदा बिलम्
तदहं विस्मितो दृष्ट्वा भ्रातृशोकविषार्दितः ४,०४५।००६"	द्वादश
रुद्राणां का सङ्ख्या?	एकादश	"वेपमानं श्रमेणाद्य भवद्भिः स्थीयतामिति
एक एवाहरिष्यामि पातालादपि जानकीम् ४,०४४।०११
विधमिष्याम्यहं वृक्षान्दारयिष्याम्यहं गिरीन्
धरणीं दारयिष्यामि क्षोभयिष्यामि सागरान् ४,०४४।०१२
अहं योजनसंख्यायाः प्लविता नात्र संशयः
शतं योजनसंख्यायाः शतं समधिकं ह्यहम् ४,०४४।०१३
भूतले सागरे वापि शैलेषु च वनेषु च
पातालस्यापि वा मध्ये न ममाच्छिद्यते गतिः ४,०४४।०१४
इत्येकैकं तदा तत्र वानरा बलदर्पिताः
ऊचुश्च वचनं तस्मिन्हरिराजस्य संनिधौ ४,०४४।०१५
गतेषु वानरेन्द्रेषु रामः सुग्रीवमब्रवीत्
कथं भवान्विनाजीते सर्वं वै मण्डलं भुवः ४,०४५।००१
सुग्रीवस्तु ततो राममुवाच प्रणतात्मवान्
श्रूयतां सर्वमाख्यास्ये विस्तरेण नरर्षभ ४,०४५।००२
यदा तु दुन्दुभिं नाम दानवं महिषाकृतिम्
परिकालयते वाली मलयं प्रति पर्वतम् ४,०४५।००३
तदा विवेश महिषो मलयस्य गुहां प्रति
विवेश वाली तत्रापि मलयं तज्जिघांसया ४,०४५।००४
ततोऽहं तत्र निक्षिप्तो गुहाद्वारिविनीतवत्
न च निष्क्रमते वाली तदा संवत्सरे गते ४,०४५।००५
ततः क्षतजवेगेन आपुपूरे तदा बिलम्
तदहं विस्मितो दृष्ट्वा भ्रातृशोकविषार्दितः ४,०४५।००६"	एकादश
वसूनां का सङ्ख्या?	अष्टौ	"एतस्मिन्नन्तरे शूरो वसूनामष्टमो वसुः
सावित्र इति विख्यातः प्रविवेश महारणम् ७,०२७।०२७
ततो युद्धं समभवत्सुराणां राक्षसैः सह
क्रुद्धानां रक्षसां कीर्तिं समरेष्वनिवर्तिनाम् ७,०२७।०२८
ततस्ते राक्षसाः शूरा देवांस्तान्समरे स्थितान्
नानाप्रहरणैर्घोरैर्जघ्नुः शतसहस्रशः ७,०२७।०२९
सुरास्तु राक्षसान्घोरान्महावीर्यान्स्वतेजसा
समरे विविधैः शस्त्रैरनयन्यमसादनम् ७,०२७।०३०
एतस्मिन्नन्तरे शूरः सुमाली नाम राक्षसः
नानाप्रहरणैः क्रुद्धो रणमेवाभ्यवर्तत ७,०२७।०३१
देवानां तद्बलं सर्वं नानाप्रहरणैः शितैः
विध्वंसयति संक्रुद्धो वायुर्जलधरानिव ७,०२७।०३२
ते महाबाणवर्षैश्च शूलैः प्रासैश्च दारुणैः
पीड्यमानाः सुराः सर्वे न व्यतिष्ठन्समाहिताः ७,०२७।०३३
ततो विद्राव्यमाणेषु त्रिदशेषु सुमालिना
वसूनामष्टमो देवः सावित्रो व्यवतिष्ठत ७,०२७।०३४
संवृतः स्वैरनीकैस्तु प्रहरन्तं निशाचरम्
विक्रमेण महातेजा वारयामास संयुगे ७,०२७।०३५
सुमत्तयोस्तयोरासीद्युद्धं लोके सुदारुणम्
सुमालिनो वसोश्चैव समरेष्वनिवर्तिनोः ७,०२७।०३६
ततस्तस्य महाबाणैर्वसुना सुमहात्मना
महान्स पन्नगरथः क्षणेन विनिपातितः ७,०२७।०३७"	अष्ट
जनस्थाने खर-दूषण-सहिताः कति राक्षसाः रामेण अहन्यन्त?	चतुर्दशसहस्रम्	"स तान्दृष्ट्वा महावीर्यो वरदानेन मोहितः
उवाचैतानिदं वाक्यं प्रशस्य बलवीर्यतः ३,०५२।०१८
नानाप्रहरणाः क्षिप्रमितो गच्छत सत्वराः
जनस्थानं हतस्थानं भूतपूर्वं खरालयम् ३,०५२।०१९
तत्रोष्यतां जनस्थाने शून्ये निहतराक्षसे
पौरुषं बलमाश्रित्य त्रासमुत्सृज्य दूरतः ३,०५२।०२०
बलं हि सुमहद्यन्मे जनस्थाने निवेशितम्
सदूषणखरं युद्धे हतं तद्रामसायकैः ३,०५२।०२१
ततः क्रोधो ममापूर्वो धैर्यस्योपरि वर्धते
वैरं च सुमहज्जातं रामं प्रति सुदारुणम् ३,०५२।०२२
निर्यातयितुमिच्छामि तच्च वैरमहं रिपोः
न हि लप्स्याम्यहं निद्रामहत्वा संयुगे रिपुम् ३,०५२।०२३
तं त्विदानीमहं हत्वा खरदूषणघातिनम्
रामं शर्मोपलप्स्यामि धनं लब्ध्वेव निर्धनः ३,०५२।०२४
जनस्थाने वसद्भिस्तु भवद्भी राममाश्रिता
प्रवृत्तिरुपनेतव्या किं करोतीति तत्त्वतः ३,०५२।०२५
अप्रमादाच्च गन्तव्यं सर्वैरेव निशाचरैः
कर्तव्यश्च सदा यत्नो राघवस्य वधं प्रति ३,०५२।०२६
युष्माकं हि बलज्ञोऽहं बहुशो रणमूर्धनि
अतश्चास्मिञ्जनस्थाने मया यूयं नियोजिताः ३,०५२।०२७"	त्रयः
कच्चिद् यूयं सीताम् अपश्यतेति को द्रुमान् गुल्मांश्च पुष्पाणिच लताश्च पप्रच्छ?	रामः	"मयूरनादिता रम्याः प्रांशवो बहुकन्दराः
दृश्यन्ते गिरयः सौम्य फुल्लैस्तरुभिरावृताः ३,०१४।०१४
सौवर्णे राजतैस्ताम्रैर्देशे देशे च धातुभिः
गवाक्षिता इवाभान्ति गजाः परमभक्तिभिः ३,०१४।०१५
सालैस्तालैस्तमालैश्च खर्जूरैः पनसाम्रकैः
नीवारैस्तिमिशैश्चैव पुंनागैश्चोपशोभिताः ३,०१४।०१६
चूतैरशोकैस्तिलकैश्चम्पकैः केतकैरपि
पुष्पगुल्मलतोपेतैस्तैस्तैस्तरुभिरावृताः ३,०१४।०१७
चन्दनैः स्यन्दनैर्नीपैः पनसैर्लकुचैरपि
धवाश्वकर्णखदिरैः शमीकिंशुकपाटलैः ३,०१४।०१८
इदं पुण्यमिदं मेध्यमिदं बहुमृगद्विजम्
इह वत्स्याम सौमित्रे सार्धमेतेन पक्षिणा ३,०१४।०१९
एवमुक्तस्तु रामेण लक्ष्मणः परवीरहा
अचिरेणाश्रमं भ्रातुश्चकार सुमहाबलः ३,०१४।०२०
पर्णशालां सुविपुलां तत्र संघातमृत्तिकाम्
सुस्तम्भां मस्करैर्दीर्घैः कृतवंशां सुशोभनाम् ३,०१४।०२१
स गत्वा लक्ष्मणः श्रीमान्नदीं गोदावरीं तदा
स्नात्वा पद्मानि चादाय सफलः पुनरागतः ३,०१४।०२२
ततः पुष्पबलिं कृत्वा शान्तिं च स यथाविधि
दर्शयामास रामाय तदाश्रमपदं कृतम् ३,०१४।०२३
स तं दृष्ट्वा कृतं सौम्यमाश्रमं सह सीतया
राघवः पर्णशालायां हर्षमाहारयत्परम् ३,०१४।०२४"	रामः
किं दुराचरितं मया त्वयि इतः पूर्वं येनाऽहं त्वद् शरेणाऽपविद्धोऽस्मि? यदि त्वया उक्तश्चेत् रावणं निर्जित्य त्वच्चरणयोः स्थापयेयम्- इति को म्रियन् रामं प्रत्यभाषत?	वालिः	"धनुः शक्रधनुः प्रख्यं महद्रुचिरसायकम्
विस्फारयाणो वेगेन वज्राशनिसमस्वनम् ५,०४२।००३
तस्य विस्फारघोषेण धनुषो महता दिशः
प्रदिशश्च नभश्चैव सहसा समपूर्यत ५,०४२।००४
रथेन खरयुक्तेन तमागतमुदीक्ष्य सः
हनूमान्वेगसंपन्नो जहर्ष च ननाद च ५,०४२।००५
तं तोरणविटङ्कस्थं हनूमन्तं महाकपिम्
जम्बुमाली महाबाहुर्विव्याध निशितैः शरैः ५,०४२।००६
अर्धचन्द्रेण वदने शिरस्येकेन कर्णिना
बाह्वोर्विव्याध नाराचैर्दशभिस्तं कपीश्वरम् ५,०४२।००७
तस्य तच्छुशुभे ताम्रं शरेणाभिहतं मुखम्
शरदीवाम्बुजं फुल्लं विद्धं भास्कररश्मिना ५,०४२।००८
चुकोप बाणाभिहतो राक्षसस्य महाकपिः
ततः पार्श्वेऽतिविपुलां ददर्श महतीं शिलाम् ५,०४२।००९
तरसा तां समुत्पाट्य चिक्षेप बलवद्बली
तां शरैर्दशभिः क्रुद्धस्ताडयामास राक्षसः ५,०४२।०१०
विपन्नं कर्म तद्दृष्ट्वा हनूमांश्चण्डविक्रमः
सालं विपुलमुत्पाट्य भ्रामयामास वीर्यवान् ५,०४२।०११
भ्रामयन्तं कपिं दृष्ट्वा सालवृक्षं महाबलम्
चिक्षेप सुबहून्बाणाञ्जम्बुमाली महाबलः ५,०४२।०१२
सालं चतुर्भिर्चिच्छेद वानरं पञ्चभिर्भुजे
उरस्येकेन बाणेन दशभिस्तु स्तनान्तरे ५,०४२।०१३"	हनूमान्
" ""लक्ष्मण! अयं समुद्रोऽस्माभिः विनीतवद्भिः त्रयेभ्यो दिनेभ्यः पथ्यर्थेऽत्यन्तोऽभ्यर्थितोपि न प्रतिस्पन्दते। सद्य एनम् एकेन मे शरेणाविध्य शोषयामि किन्तु विना भीतिः न प्रीतिः खल्विहेष्यति"" इति कोऽब्रवीत्?"	रामः	"य एते राक्षसाः प्रोक्ता घोररूपा महाबलाः
राघवे निर्विषाः सर्वे सुपर्णे पन्नगा यथा ३,०५४।००६
तस्य ज्याविप्रमुक्तास्ते शराः काञ्चनभूषणाः
शरीरं विधमिष्यन्ति गङ्गाकूलमिवोर्मयः ३,०५४।००७
असुरैर्वा सुरैर्वा त्वं यद्यवधोऽसि रावण
उत्पाद्य सुमहद्वैरं जीवंस्तस्य न मोक्ष्यसे ३,०५४।००८
स ते जीवितशेषस्य राघवोऽन्तकरो बली
पशोर्यूपगतस्येव जीवितं तव दुर्लभम् ३,०५४।००९
यदि पश्येत्स रामस्त्वां रोषदीप्तेन चक्षुषा
रक्षस्त्वमद्य निर्दग्धो गच्छेः सद्यः पराभवम् ३,०५४।०१०
यश्चन्द्रं नभसो भूमौ पातयेन्नाशयेत वा
सागरं शोषयेद्वापि स सीतां मोचयेदिह ३,०५४।०११
गतायुस्त्वं गतश्रीको गतसत्त्वो गतेन्द्रियः
लङ्का वैधव्यसंयुक्ता त्वत्कृतेन भविष्यति ३,०५४।०१२
न ते पापमिदं कर्म सुखोदर्कं भविष्यति
याहं नीता विना भावं पतिपार्श्वात्त्वया वनात् ३,०५४।०१३
स हि दैवतसंयुक्तो मम भर्ता महाद्युतिः
निर्भयो वीर्यमाश्रित्य शून्ये वसति दण्डके ३,०५४।०१४
स ते दर्पं बलं वीर्यमुत्सेकं च तथाविधम्
अपनेष्यति गात्रेभ्यः शरवर्षेण संयुगे ३,०५४।०१५
यदा विनाशो भूतानां दृश्यते कालचोदितः
तदा कार्ये प्रमाद्यन्ति नराः कालवशं गताः ३,०५४।०१६"	रामः
" ""कुलपांसिनि! त्वं रामं वने प्रस्थाप्य महत् पापं अकरोः मम पितुश्च हन्ताऽसि। एवं मामपि पापभाक् चकार। न त्वं मातेति बोधामर्हसि"" इति क उवाच?"	भरतः	"नात्र कश्चिद्यथा भावं प्राणी समभिवर्तते
तेन तस्मिन्न सामर्थ्यं प्रेतस्यास्त्यनुशोचतः २,०९८।०२७
यथा हि सार्थं गच्छन्तं ब्रूयात्कश्चित्पथि स्थितः
अहमप्यागमिष्यामि पृष्ठतो भवतामिति २,०९८।०२८
एवं पूर्वैर्गतो मार्गः पितृपैतामहो ध्रुवः
तमापन्नः कथं शोचेद्यस्य नास्ति व्यतिक्रमः २,०९८।०२९
वयसः पतमानस्य स्रोतसो वानिवर्तिनः
आत्मा सुखे नियोक्तव्यः सुखभाजः प्रजाः स्मृताः २,०९८।०३०
धर्मात्मा स शुभैः कृत्स्नैः क्रतुभिश्चाप्तदक्षिणैः
धूतपापो गतः स्वर्गं पिता नः पृथिवीपतिः २,०९८।०३१
भृत्यानां भरणात्सम्यक्प्रजानां परिपालनात्
अर्थादानाच्च धार्मेण पिता नस्त्रिदिवं गतः २,०९८।०३२
इष्ट्वा बहुविधैर्यज्ञैर्भोगांश्चावाप्य पुष्कलान्
उत्तमं चायुरासाद्य स्वर्गतः पृथिवीपतिः २,०९८।०३३
स जीर्णं मानुषं देहं परित्यज्य पिता हि नः
दैवीमृद्धिमनुप्राप्तो ब्रह्मलोकविहारिणीम् २,०९८।०३४
तं तु नैवं विधः कश्चित्प्राज्ञः शोचितुमर्हति
त्वद्विधो यद्विधश्चापि श्रुतवान्बुद्धिमत्तरः २,०९८।०३५
एते बहुविधाः शोका विलाप रुदिते तथा
वर्जनीया हि धीरेण सर्वावस्थासु धीमता २,०९८।०३६"	लक्ष्मणः
" ""अहं स्वेच्छारूपधृत् रक्षःस्त्री, रावणस्य च स्वसा"" इति रामं का स्वयम् आत्मानं न्यवेदयत्?"	शूर्पणखा	"मायां प्रविष्टो मायावी यदि त्वं रावणः स्वयम्
उत्पादयसि मे भूयः संतापं तन्न शोभनम् ५,०३२।०१४
स्वं परित्यज्य रूपं यः परिव्राजकरूपधृत्
जनस्थाने मया दृष्टस्त्वं स एवासि रावणः ५,०३२।०१५
उपवासकृशां दीनां कामरूप निशाचर
संतापयसि मां भूयः संतापं तन्न शोभनम् ५,०३२।०१६
यदि रामस्य दूतस्त्वमागतो भद्रमस्तु ते
पृच्छामि त्वां हरिश्रेष्ठ प्रिया राम कथा हि मे ५,०३२।०१७
गुणान्रामस्य कथय प्रियस्य मम वानर
चित्तं हरसि मे सौम्य नदीकूलं यथा रयः ५,०३२।०१८
अहो स्वप्नस्य सुखता याहमेवं चिराहृता
प्रेषितं नाम पश्यामि राघवेण वनौकसं ५,०३२।०१९
स्वप्नेऽपि यद्यहं वीरं राघवं सहलक्ष्मणम्
पश्येयं नावसीदेयं स्वप्नोऽपि मम मत्सरी ५,०३२।०२०
नाहं स्वप्नमिमं मन्ये स्वप्ने दृष्ट्वा हि वानरम्
न शक्योऽभ्युदयः प्राप्तुं प्राप्तश्चाभ्युदयो मम ५,०३२।०२१
किं नु स्याच्चित्तमोहोऽयं भवेद्वातगतिस्त्वियम्
उन्मादजो विकारो वा स्यादियं मृगतृष्णिका ५,०३२।०२२
अथ वा नायमुन्मादो मोहोऽप्युन्मादलक्ष्मणः
संबुध्ये चाहमात्मानमिमं चापि वनौकसं ५,०३२।०२३
इत्येवं बहुधा सीता संप्रधार्य बलाबलम्
रक्षसां कामरूपत्वान्मेने तं राक्षसाधिपम् ५,०३२।०२४"	शूर्पणखा
 रावणाय मनुष्य-वानरान् विहाय देवासुरगन्धर्वोरगयक्षराक्षसादिभिः अवध्यत्वं को वरं ददौ?	ब्रह्मा	"भगवंस्त्वत्प्रसादेन रावणो नाम राक्षसः
सर्वान्नो बाधते वीर्याच्छासितुं तं न शक्नुमः १,०१४।००६
त्वया तस्मै वरो दत्तः प्रीतेन भगवन्पुरा
मानयन्तश्च तं नित्यं सर्वं तस्य क्षमामहे १,०१४।००७
उद्वेजयति लोकांस्त्रीनुच्छ्रितान्द्वेष्टि दुर्मतिः
शक्रं त्रिदशराजानं प्रधर्षयितुमिच्छति १,०१४।००८
ऋषीन्यक्षान्सगन्धर्वानसुरान्ब्राह्मणांस्तथा
अतिक्रामति दुर्धर्षो वरदानेन मोहितः १,०१४।००९
नैनं सूर्यः प्रतपति पार्श्वे वाति न मारुतः
चलोर्मिमाली तं दृष्ट्वा समुद्रोऽपि न कम्पते १,०१४।०१०
तन्मनन्नो भयं तस्माद्राक्षसाद्घोरदर्शनात्
वधार्थं तस्य भगवन्नुपायं कर्तुमर्हसि १,०१४।०११
एवमुक्तः सुरैः सर्वैश्चिन्तयित्वा ततोऽब्रवीत्
हन्तायं विहितस्तस्य वधोपायो दुरात्मनः १,०१४।०१२
तेन गन्धर्वयक्षाणां देवदानवरक्षसाम्
अवध्योऽस्मीति वागुक्ता तथेत्युक्तं च तन्मया १,०१४।०१३
नाकीर्तयदवज्ञानात्तद्रक्षो मानुषांस्तदा
तस्मात्स मानुषाद्वध्यो मृतुर्नान्योऽस्य विद्यते १,०१४।०१४
एतच्छ्रुत्वा प्रियं वाक्यं ब्रह्मणा समुदाहृतम्
देवा महर्षयः सर्वे प्रहृष्टास्तेऽभवंस्तदा १,०१४।०१५"	ब्रह्मा
क ऐक्ष्वाकु-राजा आसीत् यं वसिष्ठपुत्राः चण्डालो भवेति शशाप?	त्रिशङ्कुः	"अशक्यमिति चोवाच वसिष्ठो भगवानृषिः
तं वयं वै समाहर्तुं क्रतुं शक्ताः कथं तव १,०५७।००४
बालिशस्त्वं नरश्रेष्ठ गम्यतां स्वपुरं पुनः
याजने भगवाञ्शक्तस्त्रैलोक्यस्यापि पार्थिव १,०५७।००५
तेषां तद्वचनं श्रुत्वा क्रोधपर्याकुलाक्षरम्
स राजा पुनरेवैतानिदं वचनमब्रवीत् १,०५७।००६
प्रत्याख्यातोऽस्मि गुरुणा गुरुपुत्रैस्तथैव च
अन्यां गतिं गमिष्यामि स्वस्ति वोऽस्तु तपोधनाः १,०५७।००७
ऋषिपुत्रास्तु तच्छ्रुत्वा वाक्यं घोराभिसंहितम्
शेपुः परमसंक्रुद्धाश्चण्डालत्वं गमिष्यसि
एवमुक्त्वा महात्मानो विविशुस्ते स्वमाश्रमम् १,०५७।००८
अथ रात्र्यां व्यतीतायां राजा चण्डालतां गतः
नीलवस्त्रधरो नीलः परुषो ध्वस्तमूर्धजः
चित्यमाल्यानुलेपश्च आयसाभरणोऽभवत् १,०५७।००९
तं दृष्ट्वा मन्त्रिणः सर्वे त्यक्त्वा चण्डालरूपिणम्
प्राद्रवन्सहिता राम पौरा येऽस्यानुगामिनः १,०५७।०१०
एको हि राजा काकुत्स्थ जगाम परमात्मवान्
दह्यमानो दिवारात्रं विश्वामित्रं तपोधनम् १,०५७।०११
विश्वामित्रस्तु तं दृष्ट्वा राजानं विफलीकृतम्
चण्डालरूपिणं राम मुनिः कारुण्यमागतः १,०५७।०१२"	हरिश्चन्द्रः
निषाद! त्वं कदापि प्रतिष्ठां मा गमः यतो त्वं क्रौञ्च-मिथुनयोः एकम् अवधीः यः कामे मोहितः आसीत् इति व्याधं क ऋषिः शशप?	वाल्मीकिः	"तस्मात्तु मिथुनादेकं पुमांसं पापनिश्चयः
जघान वैरनिलयो निषादस्तस्य पश्यतः १,००२।०१०
तं शोणितपरीताङ्गं वेष्टमानं महीतले
भार्या तु निहतं दृष्ट्वा रुराव करुणां गिरम् १,००२।०११
तथा तु तं द्विजं दृष्ट्वा निषादेन निपातितम्
ऋषेर्धर्मात्मनस्तस्य कारुण्यं समपद्यत १,००२।०१२
ततः करुणवेदित्वादधर्मोऽयमिति द्विजः
निशाम्य रुदतीं क्रौञ्चीमिदं वचनमब्रवीत् १,००२।०१३
मा निषाद प्रतिष्ठां त्वमगमः शाश्वतीः समाः
यत्क्रौञ्चमिथुनादेकमवधीः काममोहितम् १,००२।०१४
तस्यैवं ब्रुवतश्चिन्ता बभूव हृदि वीक्षतः
शोकार्तेनास्य शकुनेः किमिदं व्याहृतं मया १,००२।०१५
चिन्तयन्स महाप्राज्ञश्चकार मतिमान्मतिम्
शिष्यं चैवाब्रवीद्वाक्यमिदं स मुनिपुंगवः १,००२।०१६
पादबद्धोऽक्षरसमस्तन्त्रीलयसमन्वितः
शोकार्तस्य प्रवृत्तो मे श्लोको भवतु नान्यथा १,००२।०१७
शिष्यस्तु तस्य ब्रुवतो मुनेर्वाक्यमनुत्तमम्
प्रतिजग्राह संहृष्टस्तस्य तुष्टोऽभवद्गुरुः १,००२।०१८
सोऽभिषेकं ततः कृत्वा तीर्थे तस्मिन्यथाविधि
तमेव चिन्तयन्नर्थमुपावर्तत वै मुनिः १,००२।०१९
भरद्वाजस्ततः शिष्यो विनीतः श्रुतवान्गुरोः
कलशं पूर्णमादाय पृष्ठतोऽनुजगाम ह १,००२।०२०"	वाल्मीकिः
यं धनुः ज्यां सन्धत्स्वेति दाशरथि-रामाय भार्गव-रामो ददौ तत् किं धनुः?	वैष्णवम्	"एवमुक्त्वार्घ्यमादाय भार्गवं भीमदर्शनम्
ऋषयो राम रामेति मधुरां वाचमब्रुवन् १,०७३।०२१
प्रतिगृह्य तु तां पूजामृषिदत्तां प्रतापवान्
रामं दाशरथिं रामो जामदग्न्योऽभ्यभाषत १,०७३।०२२
राम दाशरथे वीर वीर्यं ते श्रूयतेऽधुतम्
धनुषो भेदनं चैव निखिलेन मया श्रुतम् १,०७४।००१
तदद्भुतमचिन्त्यं च भेदनं धनुषस्त्वया
तच्छ्रुत्वाहमनुप्राप्तो धनुर्गृह्यापरं शुभम् १,०७४।००२
तदिदं घोरसंकाशं जामदग्न्यं महद्धनुः
पूरयस्व शरेणैव स्वबलं दर्शयस्व च १,०७४।००३
तदहं ते बलं दृष्ट्वा धनुषोऽस्य प्रपूरणे
द्वन्द्वयुद्धं प्रदास्यामि वीर्यश्लाघ्यमिदं तव १,०७४।००४
तस्य तद्वचनं श्रुत्वा राजा दशरथस्तदा
विषण्णवदनो दीनः प्राञ्जलिर्वाक्यमब्रवीत् १,०७४।००५
क्षत्ररोषात्प्रशान्तस्त्वं ब्राह्मणस्य महायशाः
बालानां मम पुत्राणामभयं दातुमर्हसि १,०७४।००६
भार्गवाणां कुले जातः स्वाध्यायव्रतशालिनाम्
सहस्राक्षे प्रतिज्ञाय शस्त्रं निक्षिप्तवानसि १,०७४।००७
स त्वं धर्मपरो भूत्वा काश्यपाय वसुंधराम्
दत्त्वा वनमुपागम्य महेन्द्रकृतकेतनः १,०७४।००८
मम सर्वविनाशाय संप्राप्तस्त्वं महामुने
न चैकस्मिन्हते रामे सर्वे जीवामहे वयम् १,०७४।००९"	महद्धनुः
येनास्त्रेण रामो रावणम् अवधीत् तस्य किं नाम?	ब्रह्मास्त्रम्	"तद्दृष्ट्वा निहतं शूलं मकराक्षो निशाचरः
मुष्टिमुद्यम्य काकुत्स्थं तिष्ठ तिष्ठेति चाब्रवीत् ६,०६६।०३४
स तं दृष्ट्वा पतन्तं वै प्रहस्य रघुनन्दनः
पावकास्त्रं ततो रामः संदधे स्वशरासने ६,०६६।०३५
तेनास्त्रेण हतं रक्षः काकुत्स्थेन तदा रणे
संछिन्नहृदयं तत्र पपात च ममार च ६,०६६।०३६
दृष्ट्वा ते राक्षसाः सर्वे मकराक्षस्य पातनम्
लङ्कामेव प्रधावन्त रामबालार्दितास्तदा ६,०६६।०३७
दशरथनृपपुत्रबाणवेगै रजनिचरं निहतं खरात्मजं तम्
ददृशुरथ च देवताः प्रहृष्टा गिरिमिव वज्रहतं यथा विशीर्णम् ६,०६६।०३८
मकराक्षं हतं श्रुत्वा रावणः समितिंजयः
आदिदेशाथ संक्रुद्धो रणायेन्द्रजितं सुतम् ६,०६७।००१
जहि वीर महावीर्यौ भ्रातरौ रामलक्ष्मणौ
अदृश्यो दृश्यमानो वा सर्वथा त्वं बलाधिकः ६,०६७।००२
त्वमप्रतिमकर्माणमिन्द्रं जयसि संयुगे
किं पुनर्मानुषौ दृष्ट्वा न वधिष्यसि संयुगे ६,०६७।००३
तथोक्तो राक्षसेन्द्रेण प्रतिगृह्य पितुर्वचः
यज्ञभूमौ स विधिवत्पावकं जुहुवे न्द्रजित् ६,०६७।००४
जुह्वतश्चापि तत्राग्निं रक्तोष्णीषधराः स्त्रियः
आजग्मुस्तत्र संभ्रान्ता राक्षस्यो यत्र रावणिः ६,०६७।००५"	पावकास्त्रम्
को देवः यं प्रीणयित्वा विश्वामित्रो दिव्यास्त्रान् प्राप्तवान्?	शिवः	"यानि देवेषु चास्त्राणि दानवेषु महर्षिषु
गन्धर्वयक्षरक्षःसु प्रतिभान्तु ममानघ १,०५४।०१७
तव प्रसादाद्भवतु देवदेव ममेप्सितम्
एवमस्त्विति देवेशो वाक्यमुक्त्वा दिवं गतः १,०५४।०१८
प्राप्य चास्त्राणि राजर्षिर्विश्वामित्रो महाबलः
दर्पेण महता युक्तो दर्पपूर्णोऽभवत्तदा १,०५४।०१९
विवर्धमानो वीर्येण समुद्र इव पर्वणि
हतमेव तदा मेने वसिष्ठमृषिसत्तमम् १,०५४।०२०
ततो गत्वाश्रमपदं मुमोचास्त्राणि पार्थिवः
यैस्तत्तपोवनं सर्वं निर्दग्धं चास्त्रतेजसा १,०५४।०२१
उदीर्यमाणमस्त्रं तद्विश्वामित्रस्य धीमतः
दृष्ट्वा विप्रद्रुता भीता मुनयः शतशो दिशः १,०५४।०२२
वसिष्ठस्य च ये शिष्यास्तथैव मृगपक्षिणः
विद्रवन्ति भयाद्भीता नानादिग्भ्यः सहस्रशः १,०५४।०२३
वसिष्ठस्याश्रमपदं शून्यमासीन्महात्मनः
मुहूर्तमिव निःशब्दमासीदीरिणसंनिभम् १,०५४।०२४
वदतो वै वसिष्ठस्य मा भैष्टेति मुहुर्मुहुः
नाशयाम्यद्य गाधेयं नीहारमिव भास्करः १,०५४।०२५
एवमुक्त्वा महातेजा वसिष्ठो जपतां वरः
विश्वामित्रं तदा वाक्यं सरोषमिदमब्रवीत् १,०५४।०२६
आश्रमं चिरसंवृद्धं यद्विनाशितवानसि
दुराचारोऽसि यन्मूढ तस्मात्त्वं न भविष्यसि १,०५४।०२७"	शिवः
वाल्मीकेः आश्रमवासं कस्याः नद्यः तिरे वर्तेते?	तमसा	"भवतामर्थसिद्ध्यर्थमागतोऽहं यदृच्छया
तस्य मेऽयं वने वासो भविष्यति महाफलः
तपस्विनां रणे शत्रून्हन्तुमिच्छामि राक्षसान् ३,००५।०२०
दत्त्वा वरं चापि तपोधनानां धर्मे धृतात्मा सहलक्ष्मणेन
तपोधनैश्चापि सहार्य वृत्तः सुतीष्क्णमेवाभिजगाम वीरः ३,००५।०२१
रामस्तु सहितो भ्रात्रा सीतया च परंतपः
सुतीक्ष्णस्याश्रमपदं जगाम सह तैर्द्विजैः ३,००६।००१
स गत्वा दूरमध्वानं नदीस्तीर्त्व बहूदकाः
ददर्श विपुलं शैलं महामेघमिवोन्नतम् ३,००६।००२
ततस्तदिक्ष्वाकुवरौ सततं विविधैर्द्रुमैः
काननं तौ विविशतुः सीतया सह राघवौ ३,००६।००३
प्रविष्टस्तु वनं घोरं बहुपुष्पफलद्रुमम्
ददर्शाश्रममेकान्ते चीरमालापरिष्कृतम् ३,००६।००४
तत्र तापसमासीनं मलपङ्कजटाधरम्
रामः सुतीक्ष्णं विधिवत्तपोवृद्धमभाषत ३,००६।००५
रामोऽहमस्मि भगवन्भवन्तं द्रष्टुमागतः
तन्माभिवद धर्मज्ञ महर्षे सत्यविक्रम ३,००६।००६
स निरीक्ष्य ततो वीरं रामं धर्मभृतां वरम्
समाश्लिष्य च बाहुभ्यामिदं वचनमब्रवीत् ३,००६।००७
स्वागतं खलु ते वीर राम धर्मभृतां वर
आश्रमोऽयं त्वयाक्रान्तः सनाथ इव साम्प्रतम् ३,००६।००८"	मन्दाकिन्याः
किष्किन्धात् पलायितः सुग्रीवः कं पर्वतम् आश्रित्य न्यवसत्?	ऋष्यमूकम्	"एते वो गणिता वासा यत्र यत्र निवत्स्यथ
स्थातव्यं चाविरोधेन यथा बाधा न कस्य चित् ७,०५६।०१४
तथा तांस्तु समाज्ञाप्य निर्याप्य च महद्बलम्
कौसल्यां च सुमित्रां च कैकेयीं चाभ्यवादयत् ७,०५६।०१५
रामं प्रदक्षिणं कृत्वा शिरसाभिप्रणम्य च
राणेण चाभ्यनुज्ञातः शत्रुघ्नः शत्रुतापनः ७,०५६।०१६
लक्ष्मणं भरतं चैव प्रणिपत्य कृताञ्जलिः
पुरोधसं वसिष्ठं च शत्रुघ्नः प्रयतात्मवान्
प्रदक्षिणमथो कृत्वा निर्जगाम महाबलः ७,०५६।०१७
प्रस्थाप्य तद्बलं सर्वं मासमात्रोषितः पथि
एक एवाशु शत्रुघ्नो जगाम त्वरितस्तदा ७,०५७।००१
द्विरात्रमन्तरे शूर उष्य राघवनन्दनः
वाल्मीकेराश्रमं पुण्यमगच्छद्वासमुत्तमम् ७,०५७।००२
सोऽभिवाद्य महात्मानं वाल्मीकिं मुनिसत्तमम्
कृताञ्जलिरथो भूत्वा वाक्यमेतदुवाच ह ७,०५७।००३
भगवन्वस्तुमिच्छामि गुरोः कृत्यादिहागतः
श्वः प्रभाते गमिष्यामि प्रतीचीं वारुणीं दिशम् ७,०५७।००४
शत्रुघ्नस्य वचः श्रुत्वा प्रहस्य मुनिपुंगवः
प्रत्युवाच महात्मानं स्वागतं ते महायशः ७,०५७।००५
स्वमाश्रममिदं सौम्य राघवाणां कुलस्य ह
आसनं पाद्यमर्घ्यं च निर्विशङ्कः प्रतीच्छ मे ७,०५७।००६"	ऋष्यमूकम्
कस्याः नद्यः तिरे पञ्चवटी अस्ति यत्र सह पत्न्या सह भ्रात्रा च रामोऽवसत्?	गोदावर्याः	"दद्यान्न प्रतिगृह्णीयात्सत्यब्रूयान्न चानृतम्
एतद्ब्राह्मण रामस्य व्रतं ध्रुवमनुत्तमम् ३,०४५।०१५
तस्य भ्राता तु वैमात्रो लक्ष्मणो नाम वीर्यवान्
रामस्य पुरुषव्याघ्रः सहायः समरेऽरिहा ३,०४५।०१६
स भ्राता लक्ष्मणो नाम धर्मचारी दृढव्रतः
अन्वगच्छद्धनुष्पाणिः प्रव्रजन्तं मया सह ३,०४५।०१७
ते वयं प्रच्युता राज्यात्कैलेय्यास्तु कृते त्रयः
विचराम द्विजश्रेष्ठ वनं गम्भीरमोजसा ३,०४५।०१८
समाश्वस मुहूर्तं तु शक्यं वस्तुमिह त्वया
आगमिष्यति मे भर्ता वन्यमादाय पुष्कलम् ३,०४५।०१९
स त्वं नाम च गोत्रं च कुलमाचक्ष्व तत्त्वतः
एकश्च दण्डकारण्ये किमर्थं चरसि द्विज ३,०४५।०२०
एवं ब्रुवत्यां सीतायां रामपत्न्यां महाबलः
प्रत्युवाचोत्तरं तीव्रं रावणो राक्षसाधिपः ३,०४५।०२१
येन वित्रासिता लोकाः सदेवासुरपन्नगाः
अहं स रावणो नाम सीते रक्षोगणेश्वरः ३,०४५।०२२
त्वां तु काञ्चनवर्णाभां दृष्ट्वा कौशेयवासिनीम्
रतिं स्वकेषु दारेषु नाधिगच्छाम्यनिन्दिते ३,०४५।०२३
बह्वीनामुत्तमस्त्रीणामाहृतानामितस्ततः
सर्वासामेव भद्रं ते ममाग्रमहिषी भव ३,०४५।०२४"	गोदावरी
गुहो नम निषादाधिपतेः क्षेत्रं कत्र अवर्तत?	शृङ्गवेरपुरम्	"एतत्तु वचनं श्रुत्वा सुमन्त्राद्भरतः शुभम्
उवाच वचनं शीघ्रं गुहः पश्यतु मामिति २,०७८।०१३
लब्ध्वाभ्यनुज्ञां संहृष्टो ज्ञातिभिः परिवारितः
आगम्य भरतं प्रह्वो गुहो वचनमब्रवीत् २,०७८।०१४
निष्कुटश्चैव देशोऽयं वञ्चिताश्चापि ते वयम्
निवेदयामस्ते सर्वे स्वके दाशकुले वस २,०७८।०१५
अस्ति मूलं फलं चैव निषादैः समुपाहृतम्
आर्द्रं च मांसं शुष्कं च वन्यं चोच्चावचं महत् २,०७८।०१६
आशंसे स्वाशिता सेना वत्स्यतीमां विभावरीम्
अर्चितो विविधैः कामैः श्वः ससैन्यो गमिष्यसि २,०७८।०१७
एवमुक्तस्तु भरतो निषादाधिपतिं गुहम्
प्रत्युवाच महाप्राज्ञो वाक्यं हेत्वर्थसंहितम् २,०७९।००१
ऊर्जितः खलु ते कामः कृतो मम गुरोः सखे
यो मे त्वमीदृशीं सेनामेकोऽभ्यर्चितुमिच्छसि २,०७९।००२
इत्युक्त्वा तु महातेजा गुहं वचनमुत्तमम्
अब्रवीद्भरतः श्रीमान्निषादाधिपतिं पुनः २,०७९।००३
कतरेण गमिष्यामि भरद्वाजाश्रमं गुह
गहनोऽयं भृशं देशो गङ्गानूपो दुरत्ययः २,०७९।००४
तस्य तद्वचनं श्रुत्वा राजपुत्रस्य धीमतः
अब्रवीत्प्राञ्जलिर्वाक्यं गुहो गहनगोचरः २,०७९।००५
दाशास्त्वनुगमिष्यन्ति धन्विनः सुसमाहिताः
अहं चानुगमिष्यामि राजपुत्र महायशः २,०७९।००६"	निष्कुटः
अगस्त्यः कान् पर्वतान् अवरुद्धवान्?	विन्ध्यः	"नियोगात्तु नरेन्द्रस्य पितुर्मातुश्च यन्त्रितः
धर्मार्थं धर्मकाङ्क्षी च वनं वस्तुमिहागतः ३,०१६।०१५
त्वां तु वेदितुमिच्छामि कथ्यतां कासि कस्य वा
इह वा किंनिमित्तं त्वमागता ब्रूहि तत्त्वतः ३,०१६।०१६
साब्रवीद्वचनं श्रुत्वा राक्षसी मदनार्दिता
श्रूयतां राम वक्ष्यामि तत्त्वार्थं वचनं मम ३,०१६।०१७
अहं शूर्पणखा नाम राक्षसी कामरूपिणी
अरण्यं विचरामीदमेका सर्वभयंकरा ३,०१६।०१८
रावणो नाम मे भ्राता राक्षसो राक्षसेश्वरः
प्रवृद्धनिद्रश्च सदा कुम्भकर्णो महाबलः ३,०१६।०१९
विभीषणस्तु धर्मात्मा न तु राक्षसचेष्टितः
प्रख्यातवीर्यौ च रणे भ्रातरौ खरदूषणौ ३,०१६।०२०
तानहं समतिक्रान्ता राम त्वापूर्वदर्शनात्
समुपेतास्मि भावेन भर्तारं पुरुषोत्तमम्
चिराय भव भर्ता मे सीतया किं करिष्यसि ३,०१६।०२१
विकृता च विरूपा च न सेयं सदृशी तव
अहमेवानुरूपा ते भार्यारूपेण पश्य माम् ३,०१६।०२२
इमां विरूपामसतीं करालां निर्णतोदरीम्
अनेन सह ते भ्रात्रा भक्षयिष्यामि मानुषीम् ३,०१६।०२३
ततः पर्वतशृङ्गाणि वनानि विविधानि च
पश्यन्सह मया कान्त दण्डकान्विचरिष्यसि ३,०१६।०२४"	विन्ध्य
कस्मिन् अरण्ये जनस्थानः अवर्तत?	दण्डके	"पूरितः शरजालेन धनुर्मुक्तेन संयुगे
महागिरिरिवाकम्प्यः काकुस्थो न प्रकम्पते ६,०९२।००४
स शरैः शरजालानि वारयन्समरे स्थितः
गभस्तीनिव सूर्यस्य प्रतिजग्राह वीर्यवान् ६,०९२।००५
ततः शरसहस्राणि क्षिप्रहस्तो निशाचरः
निजघानोरसि क्रुद्धो राघवस्य महात्मनः ६,०९२।००६
स शोणितसमादिग्धः समरे लक्ष्मणाग्रजः
दृष्टः फुल्ल इवारण्ये सुमहान्किंशुकद्रुमः ६,०९२।००७
शराभिघातसंरब्धः सोऽपि जग्राह सायकान्
काकुत्स्थः सुमहातेजा युगान्तादित्यवर्चसः ६,०९२।००८
ततोऽन्योन्यं सुसंरब्धावुभौ तौ रामरावणौ
शरान्धकारे समरे नोपालक्षयतां तदा ६,०९२।००९
ततः क्रोधसमाविष्टो रामो दशरथात्मजः
उवाच रावणं वीरः प्रहस्य परुषं वचः ६,०९२।०१०
मम भार्या जनस्थानादज्ञानाद्राक्षसाधम
हृता ते विवशा यस्मात्तस्मात्त्वं नासि वीर्यवान् ६,०९२।०११
मया विरहितां दीनां वर्तमानां महावने
वैदेहीं प्रसभं हृत्वा शूरोऽहमिति मन्यसे ६,०९२।०१२
स्त्रीषु शूर विनाथासु परदाराभिमर्शके
कृत्वा कापुरुषं कर्म शूरोऽहमिति मन्यसे ६,०९२।०१३
भिन्नमर्याद निर्लज्ज चारित्रेष्वनवस्थित
दर्पान्मृत्युमुपादाय शूरोऽहमिति मन्यसे ६,०९२।०१४"	दण्डक-अरण्ये
रावणस्य माता का?	कैकसी	"राक्षसेन्द्रस्तु तच्छ्रुत्वा नाम विश्राव्य चात्मनः
हर्षान्नादं विमुञ्चन्वै निष्क्रान्तो वरुणालयात् ७,०२३।०४५
आगतस्तु पथा येन तेनैव विनिवृत्य सः
लङ्कामभिमुखो रक्षो नभस्तलगतो ययौ ७,०२३।०४६
निवर्तमानः संहृष्टो रावणः स दुरात्मवान्
जह्रे पथि नरेन्द्रर्षिदेवगन्धर्वकन्यकाः ७,०२४।००१
दर्शनीयां हि यां रक्षः कन्यां स्त्रीं वाथ पश्यति
हत्वा बन्धुजनं तस्या विमाने संन्यवेशयत् ७,०२४।००२
तत्र पन्नगयक्षाणां मानुषाणां च रक्षसाम्
दैत्यानां दानवानां च कन्या जग्राह रावणः ७,०२४।००३
दीर्घकेश्यः सुचार्वङ्ग्यः पूर्णचन्द्रनिभाननाः
शोकायत्तास्तरुण्यश्च समस्ता स्तननम्रिताः ७,०२४।००४
तुल्यमग्न्यर्चिषां तत्र शोकाग्निभयसंभवम्
प्रवेपमाना दुःखार्ता मुमुचुर्बाष्पजं जलम् ७,०२४।००५
तासां निश्वसमानानां निश्वसैः संप्रदीपितम्
अग्निहोत्रमिवाभाति संनिरुद्धाग्निपुष्पकम् ७,०२४।००६
का चिद्दध्यौ सुदुःखार्ता हन्यादपि हि मामयम्
स्मृत्वा मातॄः पितॄन्भ्रातॄन्पुत्रान्वै श्वशुरानपि
दुःखशोकसमाविष्टा विलेपुः सहिताः स्त्रियः ७,०२४।००७
कथं नु खलु मे पुत्रः करिष्यति मया विना
कथं माता कथं भ्राता निमग्नाः शोकसागरे ७,०२४।००८"	कैकेसी
भार्गवरामस्य पिता कः?	जमदग्निः	"त्रिशङ्कोरभवत्सूनुर्धुन्धुमारो महायशाः
धुन्धुमारान्महातेजा युवनाश्वो व्यजायत २,१०२।०११
युवनाश्व सुतः श्रीमान्मान्धाता समपद्यत
मान्धातुस्तु महातेजाः सुसंधिरुदपद्यत २,१०२।०१२
सुसंधेरपि पुत्रौ द्वौ ध्रुवसंधिः प्रसेनजित्
यशस्वी ध्रुवसंधेस्तु भरतो रिपुसूदनः २,१०२।०१३
भरतात्तु महाबाहोरसितो नाम जायत
यस्यैते प्रतिराजान उदपद्यन्त शत्रवः
हैहयास्तालजङ्घाश्च शूराश्च शशबिन्दवः २,१०२।०१४
तांस्तु सर्वान्प्रतिव्यूह्य युद्धे राजा प्रवासितः
स च शैलवरे रम्ये बभूवाभिरतो मुनिः
द्वे चास्य भार्ये गर्भिण्यौ बभूवतुरिति श्रुतिः २,१०२।०१५
भार्गवश्च्यवनो नाम हिमवन्तमुपाश्रितः
तमृषिं समुपागम्य कालिन्दी त्वभ्यवादयत् २,१०२।०१६
स तामभ्यवदद्विप्रो वरेप्सुं पुत्रजन्मनि
ततः सा गृहमागम्य देवी पुत्रं व्यजायत २,१०२।०१७
सपत्न्या तु गरस्तस्यै दत्तो गर्भजिघांसया
गरेण सह तेनैव जातः स सगरोऽभवत् २,१०२।०१८
स राजा सगरो नाम यः समुद्रमखानयत्
इष्ट्वा पर्वणि वेगेन त्रासयन्तमिमाः प्रजाः २,१०२।०१९
असमञ्जस्तु पुत्रोऽभूत्सगरस्येति नः श्रुतम्
जीवन्नेव स पित्रा तु निरस्तः पापकर्मकृत् २,१०२।०२०"	च्यवनः
