:START_ID,:TYPE,:END_ID
1,IS_CAPITAL_OF,2
1,IS_SITUTATED_ON_THE_BANKS_OF,3
1,IS_DEVELOPED_BY,6
1,IS_ESTABLISHED_BY,20
1,HAS_LENGTH,86
1,HAS_BREADTH,87
1,HAD,90
1,IS_REACHED_BY,97
1,IS_PRAISED_BY,98
1,IS_PRAISED_BY,99
1,HAD,100
1,HAS_A_SHAPE_OF,126
2,IS_SITUTATED_ON_THE_BANKS_OF,3
4,IS_FATHER_OF,45
5,WENT_TO,1
5,RETURNED_TO,1
6,IS_KNOWN_AS,70
14,IS_A_CONUSELLOR_OF,6
19,IS_FATHER_OF,53
20,IS_FATHER_OF,25
20,IS_KNOWN_AS,66
20,IS_KNOWN_AS,85
21,IS_FATHER_OF,22
22,IS_FATHER_OF,24
24,IS_FATHER_OF,20
25,IS_FATHER_OF,26
26,IS_FATHER_OF,27
27,IS_FATHER_OF,28
28,IS_FATHER_OF,29
29,IS_FATHER_OF,30
30,IS_FATHER_OF,65
32,IS_FATHER_OF,33
32,IS_FATHER_OF,34
33,IS_FATHER_OF,34
34,IS_FATHER_OF,35
34,IS_KNOWN_AS,71
35,IS_FATHER_OF,36
35,IS_FATHER_OF,37
36,IS_BROTHER_OF,37
36,IS_FATHER_OF,38
38,IS_FATHER_OF,39
39,IS_ENEMY_OF,40
39,IS_ENEMY_OF,41
39,IS_ENEMY_OF,42
39,IS_FATHER_OF,43
43,IS_POISONED_BY,76
43,IS_FATHER_OF,78
45,IS_FATHER_OF,46
46,IS_FATHER_OF,47
47,IS_FATHER_OF,82
49,IS_KNOWN_AS,50
49,IS_FATHER_OF,51
49,BECAME,80
51,IS_FATHER_OF,52
52,IS_FATHER_OF,19
53,IS_FATHER_OF,54
54,IS_FATHER_OF,55
55,IS_FATHER_OF,56
56,IS_FATHER_OF,57
57,IS_FATHER_OF,58
58,IS_FATHER_OF,59
59,IS_FATHER_OF,60
60,IS_FATHER_OF,6
61,IS_KNOWN_AS,70
61,IS_REAL_NAME_OF,70
64,IS_FATHER_OF,21
65,IS_FATHER_OF,32
70,IS_FATHER_OF,5
70,IS_FATHER_OF,62
72,IS_WIFE_OF,39
72,IS_MOTHER_OF,43
72,MET_WITH,73
72,IS_COWIFE_OF,76
72,MET_AT,77
73,BELONGED_TO,74
73,MET_AT,77
78,IS_FATHER_OF,4
82,IS_FATHER_OF,49
83,IS_QUALITY_OF,49
83,IS_QUALITY_OF,80
84,IS_QUALITY_OF,2
88,IS_QUALITY_OF,87
91,IS_QUALITY_OF,1
92,IS_QUALITY_OF,1
93,IS_QUALITY_OF,1
94,IS_QUALITY_OF,90
95,IS_QUALITY_OF,90
96,IS_QUALITY_OF,90
100,HAD,102
103,IS_QUALITY_OF,1
127,FOUGHT_WITH,123
127,IS_A_GENERAL_OF,128
127,IS_KILLED_BY,132
5,HAS_TRAVELLED_TO,1
5,WAS_APPROACHED_TO_BE_THE_KING_BY,10
5,FORMED_AN_ACQUAINTANCE_WITH,123
5,BURNT_THE_CARCASS_OF,190
5,DID_INQUIRE_ABOUT,218
5,IS_DIRECTED_BY,330
5,IS_DIRECTED_TO,331
5,WAS_ATTACKED_BY,333
5,DID_INQUIRE_TO,462
5,SET_UP_HIS_ABODE_AT,493
5,HAS_TRAVELLED_BY,558
5,VISITED_THE_TEMPLE_OF,626
5,IS_VISITED_BY,642
5,FORMED_AN_ACQUAINTANCE_AT_THE_BANK_OF,695
5,HAS_DESCRIBED_THE_BEAUTY_OF,750
5,VISITED_THE_TEMPLE_OF,784
5,WAS_ATTACKED_BY,851
7,IS_SON_OF,303
7,IS_GRANDSON_OF,304
10,ENTERTAINED_BY,464
10,DID_BREAK_HIS_JOURNEY_AT,517
10,IS_PASSED_BY,554
10,ARRIVED_TO,630
10,SET_UP_HIS_ABODE_AT,655
10,LEFT_HIS_ARMY_AT,746
12,IS_SITUTATED_ON_THE_BANKS_OF,105
13,IS_KILLED_BY,116
16,IS_FATHER_OF,108
21,IS_FATHER_OF,869
46,PRACTICED_AUSTERITIES_AT,461
47,IS_SON_OF,46
50,IS_FATHER_OF,51
54,IS_SON_OF,53
56,WAS_SEEN_BY,286
56,BROKE_HIS_JOURNEY_AT,721
56,WAS_SEEN_AT,802
58,IS_SON_OF,57
60,IS_SON_OF,59
62,SPENT_A_NIGHT_NEAR,421
65,DEPUTED_ON_THE_RESPONSIBILITY_OF,288
65,BECAME,479
65,DEPUTED_TO,560
105,IS_DAUGHTER_OF,273
105,WAS_RELEASED_BY,325
105,WAS_RELEASED_INTO,772
106,IS_THE_DIRECTOR_TO_POSSES_DIVINE_WEAPONS,5
106,DWELT_IN,133
108,IS_SON_OF,16
109,LIVED_AT_FOUR_YOJANA_SOUTH_OF,110
110,HIS_ASHRAMA_WAS_VISITED_BY,5
111,IS_RULED_BY,112
114,IS_HUSBAND_OF,115
115,IS_WIFE_OF,114
115,IS_SON_OF,379
116,IS_SON_OF,114
116,WAS_SENT_BY,136
116,IS_SENT_BY,136
116,IS_ASKED_TO_GO_TO,211
116,IS_SENT_TO,301
116,IS_ASKED_TO_GO_TO,342
116,WAS_SENT_TO,499
116,IS_ASKED_TO_GO_TO,580
116,IS_ASKED_TO_GO_TO,666
116,IS_SENT_TO,703
116,IS_SENT_TO,704
116,IS_ASKED_TO_GO_TO,714
116,IS_ASKED_TO_GO_TO,724
116,WAS_ASKED_TO_VISIT,811
116,WAS_ASKED_TO_VISIT,847
116,WAS_ASKED_TO_VISIT,878
116,IS_ASKED_TO_GO_TO,887
117,IS_SON_OF,62
117,IS_THE_KING_OF,118
118,IS_CAPITAL_OF,119
123,WAS_FAVOURED_BY,64
123,WAS_SENT_BY,136
123,IS_SENT_TO,264
123,VISIT_WAS_FORESEEN_BY,409
123,BURNT_THE_HOUSE_OF,475
123,VISITED_TO,504
123,HAS_SEATED_ON,555
123,IS_ATTACKED_BY,596
123,SET_FIRE_TO_THE_HOUSE_OF,624
123,IS_ASKED_TO_GO_TO,634
123,SET_FIRE_TO_THE_HOUSE_OF,648
123,BURNT_THE_HOUSE_OF,665
123,WAS_SENT_TO,691
123,SET_FIRE_TO_THE_HOUSE_OF,779
123,IS_ASKED_TO_GO_TO,852
123,WAS_PRODUCED_BY,870
123,BURNT_THE_HOUSE_OF,902
128,ASKED_THE_HELP_OF,13
128,IS_CHALLENGED_BY,395
128,PRACTICED_AUSTERITIES_AT,461
128,WAS_ACCOMPANIED_BY,562
128,IS_THE_DESTROYER_OF,652
128,WAS_CURSED_BY,653
128,LAUGHED_AT,653
128,WAS_ACCOMPANIED_BY,710
131,IS_MINISTER_OF,128
134,WAS_SENT_TO,120
134,WAS_SENT_BY,136
134,IS_SENT_TO,212
134,WAS_SENT_TO,490
134,WAS_SENT_TO,505
134,WAS_ASKED_TO_VISIT,771
134,IS_ASKED_TO_GO_TO,882
136,SPENT_A_LIFE_OF_EXILE_AT,302
136,WAS_ACCOMPANIED_TO,544
136,WAS_ACCOMPANIED_BY,545
136,IS_ACCOMPANIED_BY,667
139,IS_HUSBAND_OF,140
139,IS_FATHER_OF,314
140,IS_WIFE_OF,141
141,LIVED_AT,350
142,IS_SON_OF,128
142,IS_NEPHEW_OF,129
144,IS_HUSBAND_OF,145
145,IS_WIFE_OF,144
146,CAME_TO_GREET,5
147,IS_MOTHER_OF,148
147,IS_WIFE_OF,149
148,IS_SON_OF,147
148,WAS_ACCOMPANIED_BY,679
149,IS_WELCOMED_BY,148
150,IS_A_FOLLOWER_OF,151
152,IS_FATHER_OF,150
153,IS_WIFE_OF,152
155,IS_KNOWN_AS,69
157,IS_WIFE_OF,149
157,IS_DAUGHTER_OF,155
159,IS_MATERNAL_UNCLE_OF,128
159,IS_FATHER_OF,158
160,IS_SON_OF,107
161,DWELT_IN,162
161,DWELT_AT,162
162,IS_SITUATED_TO_THE_NORTH_OF,526
163,IS_COUNSELLOR_OF,151
163,IS_SON_OF,153
165,IS_KILLED_BY,148
166,IS_VISITED_BY,116
167,IS_KILLED_BY,168
169,IS_TRAVERSED_BY,10
170,IS_VISITED_BY,171
171,IS_DISCIPLE_OF,173
173,WAS_ADVISED_BY,896
174,IS_THE_TOWN_OF,148
175,IS_VISITED_BY,116
176,IS_DISFIGURED_BY,62
177,IS_THE_PRIEST_OF,566
178,IS_DAUGHTER_OF,177
179,IS_CLIMBED_BY,123
180,IS_FATHER_OF,328
180,IS_FATHER_OF,516
181,IS_DAUGHTER_OF,149
181,IS_WIFE_OF,180
181,IS_SISTER_OF,188
182,IS_FATHER_OF,181
187,IS_BROTHER_OF,188
187,IS_SON_OF,189
187,IS_FATHER_OF,190
189,IS_ASKED_TO_GO_TO,290
189,IS_ASKED_TO_GO_TO,430
189,WAS_ASKED_TO_VISIT,664
189,IS_ASKED_TO_GO_TO,713
189,WAS_ASKED_TO_VISIT,776
189,WAS_ASKED_TO_VISIT,806
189,WAS_ASKED_TO_VISIT,846
189,IS_ASKED_TO_GO_TO,856
189,IS_ASKED_TO_GO_TO,872
189,IS_ASKED_TO_GO_TO,909
190,IS_KILLED_BY,128
190,IS_BROTHER_OF,191
190,LIVED_AT,463
191,WENT_TO_SEE,681
192,IS_WIFE_OF,173
193,IS_A_VANARA_SOLDIER_OF,5
194,IS_SENT_BY,136
194,IS_SENT_TO,195
196,IS_SENT_BY,136
196,IS_SENT_TO,195
197,IS_KILLED_BY,200
198,ANOTHER_NAME_OF,197
199,IS_KILLED_BY,197
199,IS_FATHER_OF,511
202,IS_MINISTER_OF,10
203,IS_SITUATED_IN,195
204,PROTECTION_INVOKED_FOR,5
204,PROTECTION_INVOKED_BY,205
205,IS_MOTHER_OF,5
205,HAS_INVOKED_THE_PROTECTION_OF,677
205,HAS_INVOKED_THE_PROTECTION_OF,709
206,IS_WIFE_OF,25
207,IS_SON_OF,25
208,IS_REFERRED_BY,209
209,IS_MOTHER_OF,10
211,IS_SITUATED_IN,210
212,IS_SITUATED_IN,195
213,IS_COUNSELLOR_OF,128
214,IS_KILLED_BY,215
215,IS_HONOURED_BY,5
215,IS_SON_OF,224
216,IS_A_MESSENGER_OF,173
217,IS_CONFINEMENT_OF,218
218,IS_DAUGHTER_OF,8
218,IS_PLACED_BY,557
218,WAS_PLACED_AT,558
218,WAS_THREATENED_BY,727
221,IS_WIFE_OF,149
221,IS_DAUGHTER_OF,154
222,IS_SON_OF,221
222,IS_SON_OF,570
223,IS_MATERNAL_UNCLE_OF,10
223,IS_FATHER_IN_LAW_OF,70
223,IS_THE_KING_OF,417
224,ARE_SONS_OF,147
224,ARE_SONS_OF,149
225,IS_OCCUPIED_BY,128
225,IS_SITUATED_IN,226
227,IS_VISITED_BY,136
227,IS_SITUATED_IN,195
229,IS_SON_OF,230
230,WAS_EMANCIPATED_BY,229
231,IS_SON_OF,232
232,IS_FATHER_OF,376
233,IS_MOTHER_OF,231
233,IS_MOTHER_OF,374
234,WAS_RAPED_BY_INDRA,148
234,IS_WIFE_OF,235
235,IS_HUSBAND_OF,234
235,PRACTICED_AUSTERITIES_AT,472
236,ARE_SONS_OF,147
237,IS_VISITED_BY,116
237,IS_SITUATED_IN,210
238,LIVED_AT,239
238,DWELT_AT,621
240,IS_SON_OF,242
240,IS_SON_OF,715
242,HAS_BECAME_WIFE_OF,715
242,WAS_CURSED_BY,879
244,IS_VISITED_BY,136
244,IS_SITUATED_IN,243
247,IS_SITUTATED_ON_THE_BANKS_OF,246
248,IS_THE_PROGENITOR_OF,5
248,LIVED_AT_THE_BANK_OF,246
249,IS_KILLED_BY,148
250,IS_HONOURED_BY,5
251,WAS_READY_TO_KILL,5
253,IS_FAMOUS_FOR,254
255,IS_FATHER_OF,256
256,IS_SON_OF,255
256,IS_THE_KING_OF,257
258,IS_KILLED_BY,106
258,LIVED_AT,133
259,IS_RIDING_ANIMAL_OF,260
261,IS_VISITED_BY,10
261,IS_ABOUNDING_WITH,262
263,IS_VISITED_BY,116
263,IS_SITUATED_IN,210
264,IS_VISITED_BY,136
265,IS_SON_OF,8
265,IS_FATHER_OF,266
266,IS_FATHER_OF,267
268,IS_SON_OF,159
269,IS_WIFE_OF,159
270,IS_MOTHER_OF,269
271,IS_ANOTHER_NAME_OF,200
272,IS_DAUGHTER_OF,273
275,IS_MOTHER_OF,105
275,IS_MOTHER_OF,272
275,IS_WIFE_OF,273
275,IS_DAUGHTER_OF,274
276,IS_WIFE_OF,62
276,IS_DAUGHTER_OF,277
277,IS_BROTHER_OF,8
278,IS_SON_OF,279
281,LIVED_AT,280
282,IS_SEEN_BY,116
283,IS_FATHER_OF,114
283,IS_FATHER_OF,136
285,IS_HONOURED_BY,5
285,DWELT_AT,284
286,IS_HUSBAND_OF,287
287,IS_SISTER_OF,288
287,IS_DAUGHTER_OF,447
288,PRACTICED_AUSTERITIES_AT,721
289,IS_FATHER_OF,199
290,IS_SITUATED_IN_THE_MIDST_OF,291
293,IS_PROTECTED_BY,294
295,IS_A_KING_OF,1
296,IS_KILLED_BY,297
297,PLACE_WAS_VISITED_BY,123
298,WENT_IN_THE_SEARCH_OF,299
299,IS_SON_OF,128
299,DID_SACRIFICES_AT,678
300,WENT_IN_THE_SEARCH_OF,218
302,IS_VISITED_BY,5
303,IS_SON_OF,304
305,WAS_A_GUARD_OF,218
306,IS_SITUATED_NEAR,307
307,IS_CROSSED_BY,10
308,IS_MOTHER_OF,254
309,IS_VISITED_BY,10
310,CAME_TO_VISIT,311
312,IS_CREATED_BY,64
314,IS_ASKED_BY,312
314,IS_ASKED_TO_GO_TO,313
317,ARE_KILLED_BY,316
318,LIVED_AT,210
319,CAME_TO_GREET,5
320,IS_DAUGHTER_OF,149
321,IS_MOTHER_OF,320
321,IS_MOTHER_OF,884
321,IS_MOTHER_OF,885
323,REDUCED_TO_ASHES_BY,325
325,IS_THE_DESTROYER_OF,559
326,PLACE_WAS_VISITED_BY,314
327,IS_THE_DESTROYER_OF,328
329,IS_CROSSED_BY,10
330,IS_KILLED_BY,5
330,IS_SON_OF,570
333,IS_A_GENERAL_OF,334
334,IS_KILLED_BY,5
334,IS_BROTHER_OF,431
335,PLACE_WAS_VISITED_BY,314
336,HAS_RECEIVED_THE_HUNGER_OF,148
336,DEVASTATED_BY,337
337,IS_WIFE_OF,542
338,IS_SON_OF,337
340,IS_DAUGHTER_OF,151
341,IS_VISITED_BY,10
343,FORMED_AN_ALLIANCE_WITH,128
344,CAME_TO_GREET,5
347,IS_FATHER_OF,181
347,BORN_IN_THE_ROYAL_HOUSE_OF,348
347,IS_SON_OF,349
351,APPOINTED_BY,63
353,IS_A_PRIEST_TO,6
355,IS_ASKED_BY,136
355,WAS_SENT_TO,362
355,IS_ASKED_TO_GO_TO,576
355,WAS_ASKED_TO_VISIT,618
355,IS_ASKED_TO_GO_TO,719
355,WAS_ASKED_TO_VISIT,749
355,IS_ASKED_TO_GO_TO,793
355,WAS_ASKED_TO_VISIT,816
355,WAS_ASKED_TO_VISIT,867
357,IS_KILLED_BY,116
357,IS_OFFICER_OF,356
358,IS_DEFEATED_BY,128
358,IS_WIFE_OF,359
358,WAS_ABDUCTED_BY,818
360,IS_FATHER_OF,358
360,IS_HUSBAND_OF,361
361,IS_MOTHER_OF,13
361,IS_MOTHER_OF,356
361,IS_WIFE_OF,360
361,IS_DAUGHTER_OF,418
364,IS_BROTHER_OF,128
364,IS_OWNER_OF,365
364,IS_SON_OF,372
364,DWELT_AT,426
364,WAS_TAKEN_TO,652
364,WAS_CARRIED_TO,652
364,WAS_ACCOMPANIED_BY,689
364,WAS_CARRIED_BY,689
364,WAS_ACCOMPANIED_BY,759
365,IS_SITUATED_IN,363
366,IS_PASSED_BY,171
367,A_COURTIER_OF,5
368,IS_SITUATED_NEAR,369
371,IS_CROSSED_BY,10
372,IS_SON_OF,716
373,IS_FATHER_OF,374
373,IS_FATHER_OF,375
373,IS_FATHER_OF,376
373,IS_FATHER_OF,377
374,IS_SON_OF,232
377,IS_SON_OF,232
378,IS_SON_OF,379
378,IS_FATHER_OF,380
379,IS_FATHER_OF,774
382,IS_WIFE_OF,149
382,IS_DAUGHTER_OF,154
382,IS_MOTHER_OF,383
384,PRACTICED_AT,381
384,PRACTICED_BY,382
385,IS_BUILT_BY,5
385,IS_CAPITAL_OF,232
386,IS_FOUNDED_BY,232
387,IS_SON_OF,388
389,CAME_TO_GREET,5
390,IS_VISITED_BY,116
391,CAME_TO_VISIT,5
393,IS_SON_OF,16
394,HAS_LIVED_WITH,364
396,IS_VISITED_BY,5
396,IS_VISITED_BY,62
397,IS_VISITED_BY,355
398,IS_DAUGHTER_OF,399
399,IS_WIFE_OF,149
399,IS_DAUGHTER_OF,154
400,IS_CHURNED_BY,79
400,IS_CHURNED_BY,404
401,CAME_OUT_OF,400
406,IS_WIFE_OF,286
406,IS_ALIAS_OF,287
406,IS_SISTER_OF,288
407,IS_SON_OF,218
408,IS_BIRTHPLACE_OF,407
408,BELONGED_TO,409
409,FORESEEN_THE_DEATH_OF,190
409,TOOK_A_BATH_IN,433
409,WAS_THE_GURU_OF,794
410,ARE_APPOINTED_BY,148
410,ARE_DAUGHTERS_OF,154
411,WAS_FED_BY,410
413,ARE_PRODUCED_BY,412
415,LIVED_AT,414
416,IS_VISITED_BY,116
419,IS_VISITED_BY,116
420,IS_WIFE_OF,180
423,IS_DAUGHTER_OF,360
423,IS_DAUGHTER_OF,361
424,IS_KILLED_BY,200
425,WAS_CREATED_BY,64
426,IS_INVADED_BY,128
426,IS_SITUATED_NEAR,425
428,WAS_ISSUED_FROM,425
428,FLOWED_THROUGH,427
429,IS_THE_KING_OF,427
431,WAS_DISFIGURED_BY,5
431,IS_AN_INHABITANT_OF,510
432,IS_SITUTATED_ON_THE_BANKS_OF,105
433,IS_SITUATED_NEAR,105
433,WAS_ACCOMPANIED_BY,794
434,PARTICIPATED_THE_CORONATION_CEREMONY_OF,136
435,COMPLAINED_AGAINST_THE_ACTS_OF,128
435,ASSEMBLED_AT,436
436,IS_SACRIFICE_OF,70
437,IS_DAUGHTER_OF,438
438,IS_MOTHER_OF,439
440,ACCEPTED_THE_SUBMISSION_OF,128
440,ADMITTED_THE_SUPREMACY_OF,128
441,IS_THE_KINGDOM_OF,440
442,CAME_TO_VISIT,5
443,APPOINTED_BY,5
443,CAME_TO_VISIT,136
443,IS_APPOINTED_AS,444
445,IS_APPOINTED_AS,444
446,IS_SEEN_BY,62
446,BELONGED_TO,445
447,IS_FATHER_OF,288
447,BORN_BECAUSE_OF,436
448,IS_SON_OF,364
449,IS_CONQUERED_BY,10
449,IS_LAND_OF,435
450,CAME_TO_GREET,5
450,IS_SON_OF,122
451,IS_MATERNAL_UNCLE_OF,10
451,IS_THE_KING_OF,417
453,CAME_TO_GREET,5
454,DWELT_IN,290
456,IS_FOUNDED_BY,377
457,IS_ANOTHER_NAME_OF,456
458,IS_MESSENGER_OF,173
459,MET_WITH,5
459,MET_AT,432
460,ARE_ATTENDANTS_OF,364
462,FLOWED_BY_THE,463
466,IS_CROSSED_BY,5
466,SITUATED_TO_THE_SOUTH_OF,427
468,IS_SON_OF,469
469,WAS_CHARIOTEER_OF,148
469,HAD_A_FIGHT_WITH,299
470,IS_KILLED_BY,114
471,ATTENDED_THE_DEMISE_COURT_OF,6
473,PLACE_WAS_VISITED_BY,314
474,IS_WIFE_OF,375
476,PLACE_WAS_VISITED_BY,123
477,IS_VISITED_BY,134
478,FOUGHT_AGAINST,128
480,WAS_THE_GUARD_OF,218
482,JOINED_THE_FORCE_OF,5
482,LIVED_AT,481
483,IS_SITUATED_NEAR,400
484,BORN_OF,400
487,IS_SON_OF,62
487,MADE_KING_OF,486
488,IS_SITUATED_IN,486
491,DWELT_IN_THE_HERMITAGE_OF,173
492,ARE_PRODUCED_TO_HELP,5
492,ARE_PRODUCED_BY,491
494,IS_COUNSELLOR_OF,5
494,IS_A_CHARIOTEER_OF,5
495,IS_GARDEN_OF,364
496,IS_CROSSED_BY,62
497,IS_TENDED_BY,498
498,IS_WIFE_OF,497
501,PRACTICED_AUSTERITIES_AT,502
501,A_SCION_OF_THE_FAMILY_OF,503
506,IS_DEFEATED_BY,128
507,IS_MOTHER_OF,8
508,IS_THE_KING_OF,472
511,CONTESTED_WITH,5
511,HAS_PROMISED_TO,148
511,RETIRED_AT,858
512,WAS_RECEIVED_FROM,286
512,WAS_RECEIVED_BY,509
513,PLACE_WAS_VISITED_BY,123
514,LIES_TO_THE_NORTH_OF,515
514,IS_DUG_UPON_BY,516
518,DID_MARCH_TO,519
520,IS_COUNSELLOR_OF,6
521,A_MESSENGER_SENT_BY,173
523,IS_SON_OF,148
524,IS_WIFE_OF,148
524,IS_MOTHER_OF,523
524,IS_DAUGHTER_OF,720
525,IS_DAUGHTER_OF,154
526,IS_SITUATED_AFTER,400
527,WAS_PLACED_BY,64
527,WAS_PLACED_AT,526
527,CAME_OUT_FROM_THE_WRATH_OF,528
529,IS_FATHER_OF,530
530,IS_KILLED_BY,5
530,WAS_KILLED_AT,133
531,SACRIFICIAL_AREA_WAS_OVERFLOODED_BY,105
532,IS_A_PRIEST_OF,6
534,JOINED_THE_FORCE_OF,5
534,IS_SON_OF,260
536,IS_CONSECRATED_BY,5
536,IS_SON_OF,10
537,IS_DEFEATED_BY,128
538,IS_FOUNDED_BY,10
538,IS_SITUATED_IN,449
539,FOUGHT_WITH,434
543,IS_CROSSED_BY,116
546,WAS_CREATED_TO_HELP,5
547,IS_ANOTHER_NAME_OF,188
548,ARE_PRODUCED_TO_HELP,5
548,ARE_PRODUCED_BY,547
549,IS_ANOTHER_NAME_OF,550
551,WAS_CURSED_BY,364
552,REQUISITIONED_THE_SERVICES_OF,551
552,LIVED_AT,579
552,IS_DESIRED_BY,711
552,LIVED_AT,746
552,ASKED_THE_HELP_OF,881
552,IS_DESIRED_BY,881
553,LIVED_NEAR_THE,274
555,IS_SITUATED_IN,519
556,IS_FROM_THE_FAMILY_OF,450
560,IS_RULED_BY,673
561,IS_KILLED_BY,5
561,LIVED_AT,510
563,FOUGHT_AGAINST,80
564,IS_DAUGHTER_OF,154
565,IS_SON_OF,360
566,IS_YOUNGEST_SON_OF,248
567,IS_FOUNDED_BY,566
568,WAS_A_DOOR_KEEPER_OF,260
569,IS_MATERNAL_UNCLE_OF,136
569,LIVED_AT,544
570,IS_WIFE_OF,149
570,IS_DAUGHTER_OF,154
571,IS_A_COURTIER_OF,5
574,IS_DAUGHTER_OF,573
574,IS_WIFE_OF,575
577,IS_HONOURED_BY,5
577,HAS_RESPONDED_TO_THE_CALL_OF,136
578,IS_SITUATED_NEAR,579
582,LIVED_AT,583
584,IS_SON_OF,4
584,IS_FATHER_OF,46
585,IS_A_PRIEST_OF,6
586,IS_KILLED_BY,114
586,IS_FATHER_OF,587
588,IS_BROTHER_OF,587
589,IS_FATHER_OF,588
589,IS_HUSBAND_OF,590
589,LIVED_AT,837
589,BUILT_A_MANSION_AT,837
591,WAS_PRINCIPLE_WIFE_OF,128
591,IS_SISTER_OF,588
591,IS_MOTHER_OF,890
592,FOUGHT_AGAINST,5
592,IS_A_GENERAL_OF,334
593,FOUND_BY,123
594,IS_SON_OF,595
596,IS_A_GENERAL_OF,128
597,IS_KILLED_BY,598
599,IS_SON_OF,159
600,WAS_A_GUARD_OF,218
601,WAS_SALUTED_BY,6
601,IS_SON_OF,144
602,ADMITTED_THE_SUPREMACY_OF,128
603,IS_KILLED_BY,5
603,IS_BROTHER_OF,431
603,LIVED_AT,510
604,IS_SON_OF,288
604,IS_CURSED_BY,288
605,ARE_INVOKED_BY,7
605,ARE_INVOKED_TO,346
605,ARE_DESIRED_BY,781
606,IS_SON_OF,607
606,IS_FATHER_OF,608
609,IS_WIFE_OF,58
609,IS_DAUGHTER_OF,177
609,IS_MOTHER_OF,903
610,IS_SON_OF,611
611,IS_ANCESTOR_OF,8
612,IS_SON_OF,267
612,IS_FATHER_OF,613
614,IS_DAUGHTER_OF,454
614,IS_WIFE_OF,615
617,IS_MOTHER_OF,364
617,IS_DAUGHTER_OF,552
619,IS_SON_OF,128
619,IS_NEPHEW_OF,129
622,IS_SITUATED_NEAR,400
623,PLACE_WAS_VISITED_BY,123
625,IS_CHURNED_OUT_FROM,291
627,IS_A_CONUSELLOR_OF,6
628,REPLIED_TO,5
628,DESCRIBED_THE_HISTORY_OF,629
629,IS_SITUATED_IN,133
629,WAS_CREATED_BY,862
631,IS_CROSSED_BY,10
632,IS_FOUNDED_BY,376
633,WAS_REJECTED_BY,128
633,IS_MOTHER_OF,142
635,PLACE_WAS_VISITED_BY,123
635,APPOINTED_BY,128
635,IS_SON_OF,360
637,BORN_IN_THE_ROYAL_HOUSE_OF,348
637,IS_SON_OF,636
637,IS_FATHER_OF,638
640,IS_DAUGHTER_OF,399
640,IS_MOTHER_OF,641
642,IS_MINISTER_OF,10
642,WAS_VISITED_AT,493
643,IS_SON_OF,644
643,IS_FATHER_OF,645
646,WENT_TO_RECEIVE,5
646,A_COURTIER_OF,6
647,CAME_TO_GREET,5
648,PLACE_WAS_VISITED_BY,123
649,IS_MOTHER_OF,189
649,IS_DAUGHTER_OF,650
650,IS_DAUGHTER_OF,399
651,REPLIED_TO,10
651,A_MESSENGER_SENT_BY,172
651,WAS_SENT_TO,417
655,WAS_SITUATED_TO_THE_EAST_OF,1
656,IS_KILLED_BY,148
657,CAME_TO_GREET,5
658,IS_SON_OF,149
659,IS_MOTHER_OF,658
662,IS_SITUATED_IN,660
663,DWELT_IN,662
665,FOUGHT_WITH,116
667,IS_SON_OF,107
668,IS_FATHER_OF,667
669,IS_SON_OF,364
669,MADE_ADVANCES_TO,670
671,EMERGED_FROM,672
673,IS_SON_OF,240
674,WAS_PRAYED_BY,552
675,WAS_WORSHIPPED_AT,676
676,IS_VISITED_BY,5
677,IS_HONOURED_BY,409
678,IS_SITUATED_IN,519
680,FOUGHT_WITH,128
681,DWELT_IN,682
683,IS_KILLED_BY,200
685,IS_KILLED_BY,684
686,IS_CURSED_BY,677
686,IS_CURSED_BY,699
687,CAME_TO_GREET,5
688,IS_KILLED_BY,200
688,WAS_KILLED_AT,477
692,IS_HONOURED_BY,5
692,DWELT_AT,693
693,IS_SUBMERGED_IN_THE,705
694,IS_A_FOLLOWER_OF,151
695,IS_CROSSED_BY,128
696,IS_A_GENERAL_OF,334
698,IS_SON_OF,697
699,REPLIED_TO,128
700,ARE_CREATED_BY,701
701,HAS_LIVED_WITH,173
702,IS_CROSSED_BY,171
706,EMERGED_FROM,672
707,IS_A_DOOR_KIPPER_OF,260
708,IS_SITUATED_NEAR,290
715,ADMITTED_THE_SUPREMACY_OF,128
717,HAS_GOT_THE_POST_AFTER,718
722,WAS_CONSECRATED_BY,5
722,IS_SON_OF,10
723,IS_FOUNDED_BY,10
724,IS_SITUATED_IN_THE_MIDST_OF,137
725,IS_DAUGHTER_OF,360
726,FOUGHT_WITH,123
728,IS_SON_OF,58
728,IS_THE_KING_OF,737
730,PROTECTION_INVOKED_FOR,5
730,PROTECTION_INVOKED_BY,205
731,IS_CURSED_BY,272
732,IS_A_GENERAL_OF,334
733,IS_HONOURED_BY,5
733,FOUGHT_UNDER,123
734,FOUGHT_AGAINST,191
736,IS_CAPITAL_OF,737
738,IS_FOUNDED_BY,256
739,FOUGHT_AGAINST,667
740,IS_COUNSELLOR_OF,136
741,WAS_CREATED_TO_HELP,5
742,IS_A_FOLLOWER_OF,151
743,FOUGHT_AGAINST,5
743,IS_A_GENERAL_OF,603
744,CAME_TO_GREET,5
745,WAS_CONSULTED_BY,311
748,HAS_GOT_THE_ASSISTANCE_OF,747
751,IS_MINISTER_OF,751
754,IS_SON_OF,753
756,IS_SITUTATED_ON_THE_BANKS_OF,105
757,HAS_APPEARED_FROM,758
760,IS_MINISTER_OF,136
761,DWELT_IN,290
762,ARE_CREATED_BY,763
763,IS_ANOTHER_NAME_OF,701
764,IS_KILLED_BY,148
765,IS_FATHER_OF,766
767,PLACE_WAS_VISITED_BY,123
768,HAD_BECOME_THE_PRAJAPATI__AFTER,769
770,IS_RULED_OVER_BY,256
773,IS_SON_OF,613
775,IS_SON_OF,497
778,WAS_DISTURBED_BY,777
782,HAS_CARRIED_THE_CORPS_OF,783
784,PROTECTION_INVOKED_BY,205
785,IS_HONOURED_BY,328
786,A_COURTIER_OF,5
786,REPLIED_TO,5
787,IS_MOTHER_OF,308
787,IS_DAUGHTER_OF,321
788,IS_SISTER_OF,789
788,WAS_MARRIED_TO,790
789,WENT_TO_FIGHT_WITH,128
789,PROTECTION_INVOKED_BY,205
789,WAS_ACCOMPANIED_BY,886
791,IS_DAUGHTER_OF,788
792,IS_PASSED_BY,10
796,IS_A_GENERAL_OF,128
797,IS_DAUGHTER_OF,399
797,IS_MOTHER_OF,798
799,PLACE_WAS_VISITED_BY,123
800,IS_SITUATED_IN,502
801,IS_KILLED_BY,200
804,WAS_CAPTURED_BY,128
804,IS_SITUATED_IN,803
805,PLACE_WAS_VISITED_BY,123
807,FLOWED_THROUGH,806
808,A_COURTIER_OF,5
809,IS_DEFEATED_BY,356
810,LIVED_NEAR_THE,396
812,WAS_THE_QUEEN_OF,813
815,IS_WIFE_OF,814
817,IS_KILLED_BY,200
819,A_COURTIER_OF,5
820,IS_FOUNDED_BY,63
821,WAS_PROTECTED_BY,822
822,IS_MATERNAL_UNCLE_OF,136
823,IS_SON_OF,288
824,IS_WIFE_OF,149
824,IS_DAUGHTER_OF,154
825,A_COURTIER_OF,10
826,IS_KILLED_BY,148
826,IS_DAUGHTER_OF,765
830,DWELT_AT,829
831,FLOWED_PAST_THE,426
832,WAS_USED_AS_A_CHURNER_DURING,833
834,DWELT_AT,835
838,IS_SON_OF,645
838,IS_FATHER_OF,839
840,WERE_VANQUISHED_BY,114
841,IS_DISCIPLE_OF,842
843,RECEIVED_THE_DIRT_OF,148
844,IS_A_PART_OF,302
845,WENT_TO_FIGHT_WITH,5
845,IS_A_GENERAL_OF,603
848,IS_OFFICER_OF,356
850,PLACE_WAS_VISITED_BY,123
851,IS_A_GENERAL_OF,334
853,IS_SON_OF,854
853,IS_FATHER_OF,855
857,IS_SON_OF,608
857,IS_FATHER_OF,854
859,IS_FOUNDED_BY,375
860,WAS_CURSED_BY,288
861,PLACE_WAS_VISITED_BY,123
863,WAS_MARRIED_TO,10
863,IS_DAUGHTER_OF,277
864,IS_DAUGHTER_OF,149
864,IS_DAUGHTER_OF,321
865,WORKED_AS_A_CHARIOTEER_OF,5
865,WAS_A_CHARIOTEER_OF,148
867,IS_SITUATED_NEAR,426
871,IS_THE_PRIEST_OF,6
873,IS_FLOWING_NEAR,875
876,FLOWED_THROUGH,493
877,WAS_LEFT_BY,139
879,OBTAINED_THE_POSITION_OF,752
880,IS_KILLED_BY,5
884,IS_DAUGHTER_OF,149
885,IS_DAUGHTER_OF,149
888,IS_SITUATED_NEAR,274
890,PLACE_WAS_VISITED_BY,123
890,WENT_TO_FIGHT_WITH,123
890,IS_SON_OF,128
891,CAME_TO_GREET,5
892,WAS_ACCOSTED_BY,288
894,IS_DAUGHTER_OF,893
897,BORN_OF,701
898,TOOK_REFUGE_WITH,200
899,IS_COUNSELLOR_OF,136
900,FOUGHT_AGAINST,5
901,FOUGHT_AGAINST,5
901,IS_A_GENERAL_OF,334
903,IS_SON_OF,58
905,IS_KILLED_BY,200
906,IS_CROSSED_BY,5
907,CAME_TO_GREET,5
910,ARE_CREATED_BY,763
911,IS_SOURCE_OF,906
912,PLACE_WAS_VISITED_BY,123
