id	hindi	sanskrit	sanskrit_corrected	Options	Answer	
1	भावप्रकाशनिघण्टु में सर्वप्रथम किस वर्ग का उल्लेख है? (क.) हरीत्क्यादि (ख.) आमलक्यादि (ग.) हरिद्रादि (घ.) गुडूच्यादि	भावप्रकाशनिघुमें प्रथमं कस्य वर्गस्य उल्लेखः अस्ति? (क.) हरीत्क्यादि (ख.) आमलक्यादि (ग.) हरिद्रादि (घ.) गुडूच्यादि	भावप्रकाशननिघण्टौ प्रथमं कस्य वर्गस्य उल्लेखः अस्ति? 	हरीत्क्यादि / आमलक्यादि / हरिद्रादि / गुडूच्यादि	हरीत्क्यादि	
2	अमृतपान के समय भगवान इन्द्र के मुख से पृथवी पर बूंद गिरने से किस द्रव्य की उतपत्ति हुयी थी? (क.) गुडूची (ख.) अभया (ग.) आमलकी (घ.) अमृतवल्ली	अमृतपानसमये भगवानः इन्द्रः मुखात् पृथिव्याम् बिन्दुः पतित्वा कस्मिन द्रव्यम् उत्पन्नम् आसीत्? (क.) गुडूची (ख.) अभया (ग.) आमलकी (घ.) अमृतवल्ली	अमृतपानसमये भगवतः इन्द्रस्य मुखात् पृथिव्याम् बिन्दुः पतित्वा किं द्रव्यम् उत्पन्नम् आसीत्? 	गुडूची / अभया / आमलकी / अमृतवल्ली	अभया	
4	हरीतकी के कितने प्रकार बताए गए है? (क.) 3 (ख.) 5 (ग.) 7 (घ.) 2	हरीतक्याः कति प्रकाराः उक्ताः? (क.) ३ (ख.) ५ (ग.) ७ (घ.) २	हरीतक्याः कति प्रकाराः उक्ताः?	३ / ५ / ७ / २	७	
5	कौन से प्रकार की हरीतकी प्रत्येक स्थान पर पाई जाती है? (क.) विजया (ख.) चेतकी (ग.) अभया (घ.) रोहिणी	कः प्रकारः हरीतक्याः सर्वत्र उपलभ्यते? (क.) विजया (ख.) चेतकी (ग.) अभया (घ.) रोहिणी	कः प्रकारः हरीतक्याः सर्वत्र उपलभ्यते? 	विजया / चेतकी / अभया / रोहिणी	रोहिणी	
6	हरीतकी में कितने रस होते हैं? (क.) 3 (ख.) 4 (ग.) 5 (घ.) 6	हरीतक्याम् कति रसाः वर्तन्ते? (क.) ३ (ख.) ४ (ग.) ५ (घ.) ६	हरीतक्यां कति रसाः वर्तन्ते? 	३ / ४ / ५ / ६	५	
7	श्रेष्ठ हरीतकी का भार (वजन) कितना होना चाहिए? (क.) 1 कर्ष (ख.) 2 कर्ष (ग.) 3 कर्ष (घ.) 1 तोला	उत्तमहरीतक्याः भारः कियत् भवेत्? (क.) १ कर्षः (ख.) २ कर्षः (ग.) ३ कर्षः (घ.) १ तोलः	उत्तमहरीतक्याः भारः कियान् भवेत्?	१ कर्षः / २ कर्षः / ३ कर्षः / १ तोलः	२ कर्षः	
9	विभीतक निम्न में से किसका पर्याय है? (क.) कलिदूम (ख.) भूतवास (ग.) कलियुगालय (घ.) सभी	विभीतकस्य पर्यायः कः अस्ति? (क.) कलिदूमः (ख.) भूतवासः (ग.) कलियुगालयः (घ.) सर्वे	विभीतकस्य पर्यायः कः अस्ति? 	कलिदूमः / भूतवासः / कलियुगालयः / सर्वे	सर्वे	
10	आमलकी निम्न में से किसका पर्याय है? (क.) वयस्या (ख.) वृष्या (ग.) जातीफलरसा (घ.) सभी	आमलक्याः पर्यायः कः अस्ति? (क.) वयस्या (ख.) वृष्या (ग.) जातीफलरसः (घ.) सर्वे	आमलक्याः पर्यायः कः अस्ति? 	वयस्या / वृष्या / जातीफलरसः / सर्वे	सर्वे	
12	यह किसके बारे में कहा गया है - हरीतकीसमं ......रक्तपित्तप्रमेहघ्नं परं वृष्य रसायनम् ।? (क.) विभीतक (ख.) आमलकी (ग.) गुडूची (घ.) अभया	एतत् कस्य विषये उक्तम् अस्ति - हरीतकिसमं ......रक्तपित्तप्रमेहघ्नं परं वृष्य रसायनम्। (क.) विभीतकः (ख.) आमलकी (ग.) गुडूची (घ.) अभया	एतत् कस्य विषये उक्तम् अस्ति - "हरीतकिसमं ......रक्तपित्तप्रमेहघ्नं परं वृष्यं रसायनम्। "	विभीतकः / आमलकी / गुडूची / अभया	आमलकी	
13	वरा निम्न में से किसका पर्याय है? (क.) हरिद्रा (ख.) गुडूची (ग.) आमलकी (घ.) त्रिफला	वरा कस्मिन पर्यायः अस्ति? (क.) हरिद्रा (ख.) गुडूची (ग.) आमलकी (घ.) त्रिफला	वरा कस्य पर्यायः अस्ति? 	हरिद्रा / गुडूची / आमलकी / त्रिफला	त्रिफला	
14	शुण्ठी निम्न में से किसका पर्याय है? (क.) विश्वा (ख.) महौषध (ग.) श्रृंगवेर (घ.) सभी	शुण्ठीः केषां पर्यायः अस्ति? (क.) विश्वा (ख.) महौषधः (ग.) श्रृंगवेरः (घ.) सर्वे	शुण्ठीः कस्य पर्यायः अस्ति? 	विश्वा / महौषधः / श्रृंगवेरः / सर्वे	सर्वे	
15	पिप्पली निम्न में से किसका पर्याय है? (क.) कणा (ख.) वैदेही (ग.) तीक्ष्णतण्डुला (घ.) सभी	पिप्पली केषां पर्यायः अस्ति? (क.) कणा (ख.) वैदेही (ग.) तीक्ष्णतण्डुला (घ.) सर्वे	पिप्पली कस्य पर्यायः अस्ति?	कणा / वैदेही / तीक्ष्णतण्डुला / सर्वे	सर्वे	
16	पिप्पली निम्न में से किसका पर्याय है? (क.) मागधी (ख.) कृष्णा (ग.) चपला (घ.) सभी	पिप्पली केषां पर्यायः अस्ति? (क.) मागधी (ख.) कृष्णा (ग.) चपला (घ.) सर्वे	पिप्पली कस्य पर्यायः अस्ति? 	मागधी / कृष्णा / चपला / सर्वे	सर्वे	
17	मरिच निम्न में से किसका पर्याय है? (क.) कृष्ण (ख.) धर्मपतन (ग.) वेल्लज (घ.) सभी	मरिचः केषां पर्यायः अस्ति? (क.) कृष्णः (ख.) धर्मपतनः (ग.) वेल्लजः (घ.) सर्वे	मरीचः कस्य पर्यायः अस्ति? 	कृष्णः / धर्मपतनः / वेल्लजः / सर्वे	सर्वे	
18	मरिच निम्न में से किसका पर्याय नहीं है? (क.) कृष्णा (ख.) ऊषण (ग.) कृष्ण (घ.) वेल्लज	मरिचः केषां पर्यायः नास्ति? (क.) कृष्णा (ख.) ऊषणः (ग.) कृष्णः (घ.) वेल्लजः	मरीचःकस्य पर्यायः नास्ति? 	कृष्णा / ऊषणः / कृष्णः / वेल्लजः	कृष्णा	
19	व्योष निम्न में से किसका पर्याय है? (क.) त्रिकटु (ख.) त्रयूषण (ग.) कटुत्रिक (घ.) सभी	व्योषः केषां पर्यायः अस्ति? (क.) त्रिकटु (ख.) त्रयूषणः (ग.) कटुत्रिकः (घ.) सर्वे	व्योषः कस्य पर्यायः अस्ति? 	त्रिकटु / त्रयूषणः / कटुत्रिकः / सर्वे	सर्वे	
20	चटकाशिर निम्न में से किसका पर्याय है? (क.) शुण्ठी (ख.) काकानासा (ग.) पिप्लीमूल (घ.) भल्लातक	चटकाशिरः केषां पर्यायः अस्ति? (क.) शुण्ठी (ख.) काकानासा (ग.) पिप्लीमूलः (घ.) भल्लातकः	चटकाशिरः कस्य पर्यायः अस्ति? 	शुण्ठी / काकानासा / पिप्लीमूलः / भल्लातकः	पिप्लीमूलः	
27	अजमोदा निम्न में से किसका पर्याय है? (क.) खराश्वा (ख.) मायूरो (ग.) ब्रह्मकुशा (घ.) सभी	अजमोदा केषां पर्यायः अस्ति? (क.) खराश्वः (ख.) मायूरः (ग.) ब्रह्मकुशा (घ.) सर्वे	अजमोदा कस्य पर्यायः अस्ति? 	खराश्वः / मायूरः / ब्रह्मकुशा / सर्वे	सर्वे	
29	कुस्तुम्बरू निम्न में से किसका पर्याय है? (क.) धान्यक (ख.) जीरक (ग.) यवानी (घ.) अजमोदा	कुस्तुम्बरू केषां पर्यायः अस्ति? (क.) धान्यकः (ख.) जीरकः (ग.) यवानी (घ.) अजमोदा	कुस्तुम्बरू कस्य पर्यायः अस्ति? 	धान्यकः / जीरकः / यवानी / अजमोदा	धान्यकः	
30	मेथी निम्न में से किसका पर्याय है? (क.) बहुपत्रिका (ख.) बहुबीजा (ग.) बहुपर्णी (घ.) सभी	मेथिका केषां पर्यायः अस्ति? (क.) बहुपत्रिका (ख.) बहुबीजा (ग.) बहुपर्णी (घ.) सर्वे	मेथिका कस्य पर्यायः अस्ति? 	बहुपत्रिका / बहुबीजा / बहुपर्णी / सर्वे	सर्वे	
31	मेथी निम्न में से किसका पर्याय है? (क.) ज्योति (ख.) पीतबीजा (ग.) मुनिच्छदा (घ.) सभी	मेथिका अनेन शुष्कणस्य पर्यायः कः अस्ति? (क.) ज्योतिः (ख.) पीतबीजः (ग.) मुनिच्छदा (घ.) सर्वे	मेथिका अधस्तनेषु कस्य पर्यायः अस्ति?	ज्योतिः / पीतबीजः / मुनिच्छदा / सर्वे	सर्वे	
32	पशुमेहनकारिका निम्न में से किसका पर्याय है? (क.) मेथिका (ख.) जीरक (ग.) चन्द्रशूर (घ.) अजमोदा	पशुमेहनकारिका अनेन शोषणस्य पर्यायः कः अस्ति? (क.) मेथिका (ख.) जीरकम् (ग.) चन्द्रशूरः (घ.) अजमोदा	पशुमेहनकारिका अनेन शोषणस्य पर्यायः कः अस्ति?  	मेथिका / जीरकम् / चन्द्रशूरः / अजमोदा	चन्द्रशूरः	
33	हींग निम्न में से किसका पर्याय नहीं है? (क.) सहस्रवेधि (ख.) रामठ (ग.) वाहलीक (घ.) कोई नहीं	हींगी अनेन शोषणस्य पर्यायः कः न अस्ति? (क.) सहस्रवेधि (ख.) रामठ (ग.) वाहलीक (घ.) न कश्चन	हींगी अधस्तनेषु कस्य पर्यायः कः न अस्ति?	सहस्रवेधि / रामठ / वाहलीक / न कश्चन	न कश्चन	अत्र आरभध्वम्
36	चोपचीनी का वर्णन भावप्रकाश ने किस वर्ग में किया है? (क.) कर्पूरादि वर्ग (ख.) गुडूच्यादि वर्ग (ग.) हरीतक्यादि वर्ग (घ.) पुष्प वर्ग	चोपचीनी वर्णनं भावप्रकाशस्य कस्मिन वर्गे कृतम् अस्ति? (क.) कर्पूरादि वर्गः (ख.) गुडूच्यादि वर्गः (ग.) हरीतक्यादि वर्गः (घ.) पुष्प वर्गः	चोपचीनीवर्णनं भावप्रकाशस्य कस्मिन वर्गे कृतम् अस्ति?	कर्पूरादिवर्गः / गुडूच्यादिवर्गः / हरीतक्यादिवर्गः / पुष्पवर्गः	हरीतक्यादिवर्गः	
37	वायविडङ्ग निम्न में से किसका पर्याय है? (क.) कृमिघ्न (ख.) चित्रतण्डुल (ग.) जन्तुनाशन (घ.) सभी	वायविडङ्ग अनेन शोषणस्य पर्यायः कः अस्ति? (क.) कृमिघ्न (ख.) चित्रतण्डुल (ग.) जन्तुनाशन (घ.) सर्वे	वायविडङ्ग अधस्तनेषु कस्य पर्यायः  अस्ति?	कृमिघ्नस्य / चित्रतण्डुलस्य / जन्तुनाशनस्य / सर्वेषाम्	सर्वेषाम्	
38	तुगाक्षिरी निम्न में से किसका पर्याय है? (क.) वंशलोचन (ख.) वायविहङ्ग (ग.) द्वीपांतर बचा (घ.) लवंग	त्वगाक्षिरी अनेन शोषणस्य पर्यायः कः अस्ति? (क.) वंशलोचन (ख.) वायविहङ्ग (ग.) द्वीपांतर बचा (घ.) लवंग	त्वगाक्षिरी अधस्तनेषु कस्य पर्यायः अस्ति?	वंशलोचनस्य / वायविहङ्गस्य / द्वीपांतर बचा / लवङ्गस्य	वंशलोचनस्य	
39	क्लोतनक निम्न में से किसका पर्याय है? (क.) हरिद्रा (ख.) यष्टीमधु (ग.) मधुक (घ.) सारिवा	क्लोतंक अनेन शोषणस्य पर्यायः कः अस्ति? (क.) हरिद्रा (ख.) यष्टिमधु (ग.) मधुक (घ.) सारिवा	क्लोतंक अनेन शोषणस्य पर्यायः कः अस्ति?	हरिद्रा / यष्टिमधु / मधुक / सारिवा	यष्टिमधु	
40	आरंगवध निम्न में से किसका पर्याय नहीं है? (क.) शम्पाक (ख.) व्याधिधात (ग.) रोचन (घ.) कर्णिकार	आरग्वधः अनेन शोषणस्य पर्यायः कः न अस्ति? (क.) शम्पाकः (ख.) व्याधिधातः (ग.) रोचन (घ.) कर्णिकारः	आरग्वधः अधस्तनेषु कस्य पर्यायः न अस्ति?	शम्पाकस्य / व्याधिधातस्य / रोचनस्य / कर्णिकारस्य	कर्णिकारस्य	
41	कुटकी निम्न में से किसका पर्याय है? (क.) कृष्णभेदा (ख.) करम्भरा (ग.) शुक्लादनी (घ.) सभी	कुटकी अनेन शोषणस्य पर्यायः कः अस्ति? (क.) कृष्णभेदा (ख.) करम्भरा (ग.) शुक्लादनी (घ.) सर्वे	कुटकी अधस्तनेषु कस्य पर्यायः अस्ति?	कृष्णभेदायाः / करम्भरायाः / शुक्लादन्याः / सर्वेषाम्	सर्वेषाम्	
42	मत्स्यपित्ता निम्न में से किसका पर्याय है? (क.) कुटकी (ख.) मधुयष्टि (ग.) आरग्वध (घ.) मण्डूकी	मत्स्यपित्ता अनेन शोषणस्य पर्यायः कः अस्ति? (क.) कुटकी (ख.) मधुयष्टिः (ग.) आरग्वधः (घ.) मण्डूकी	मत्स्यपित्ता अधस्तनेषु कस्य पर्यायः अस्ति?	कुटक्याः / मधुयष्ट्याः / आरग्वधस्य / मण्डूक्याः	कुटक्याः	
43	किराततिक्त निम्न में से किसका पर्याय है? (क.) कटुरोहिणी (ख.) तिक्ता (ग.) कटुका (घ.) काण्डतिक्त	किराततिक्तः एतेषु कस्मिन् पर्यायः अस्ति? (क.) कटुरोहिणी (ख.) तिक्ता (ग.) कटुका (घ.) काण्डतिक्त	किराततिक्तः एतेषु कस्य पर्यायः अस्ति?	कटुरोहिण्याः / तिक्तायाः/ कटुकायाः / काण्डतिक्तायाः	काण्डतिक्तायाः	
44	विषपुष्पक निम्न में से किसका पर्याय है? (क.) मदनफल (ख.) अर्क (ग.) लाङगली (घ.) करवीर	विषपुष्पकः एतेषु कस्मिन् पर्यायः अस्ति? (क.) मदनफल (ख.) अर्क (ग.) लाङगली (घ.) करवीर	विषपुष्पकः एतेषु कस्य पर्यायः अस्ति?	मदनफलस्य / अर्कस्य / लाङगल्याः / करवीरस्य	मदनफलस्य	
45	मदनफल निम्न में से किसका पर्याय है? (क.) छर्दन (ख.) नट (ग.) शल्यक (घ.) सभी	मदनफलः एतेषु कस्मिन् पर्यायः अस्ति? (क.) छर्दन (ख.) नट (ग.) शल्यक (घ.) सर्वे	मदनफलम् एतेषु कस्य पर्यायः अस्ति?	छर्दनस्य / नटस्य / शल्यकस्य / सर्वेषाम्	सर्वेषाम्	
46	रास्ना निम्न में से किसका पर्याय नहीं है? (क.) युक्तरसा (ख.) एलापर्णी (ग.) श्रेयसी (घ.) रामसेनक	रास्ना एतेषु कस्मिन् पर्या्यः न अस्ति? (क.) युक्तरसा (ख.) एलापर्णी (ग.) श्रेयसी (घ.) रामसेनक	रास्ना एतेषु कस्य पर्यायः न अस्ति?	युक्तरसायाः / एलापर्ण्याः / श्रेयस्याः / रामसेनकस्य	रामसेनकस्य	
48	पारावतपदी निम्न में से किसका पर्याय है? (क.) मालकांगनी (ख.) रास्ना (ग.) गुडुची (घ.) ब्रह्मी	पारावतपदी एतेषु कस्मिन् पर्या्यः अस्ति? (क.) मालकाङ्गनी (ख.) रास्ना (ग.) गुडुची (घ.) ब्रह्मी	पारावतपदी एतेषु कस्य पर्या्यः अस्ति?	मालकाङ्गन्याः / रास्नायाः / गुडुच्याः / ब्रह्म्याः	मालकाङ्गन्याः	
49	चोक किस द्रव्य की मूल को कहते है? (क.) शालपर्णी (ख.) कुटज (ग.) सत्यानाशी (घ.) वचा	चोकः कस्य द्रव्यस्य मूलं कथ्यते? (क.) शालपर्णी (ख.) कुटजः (ग.) सत्यानाशी (घ.) वचा	चोकः कस्य द्रव्यस्य मूलं कथ्यते?	शालपर्ण्याः / कुटजस्य / सत्यानाश्याः / वचायाः	सत्यानाश्याः	
51	ब्राह्मणयष्टिका निम्न में से किसका पर्याय है? (क.) यष्टीमधु (ख.) धातकी (ग.) भारङगी (घ.) कायफल	ब्राह्मणयष्टिका एतेषु कस्मिन् पर्या्यः अस्ति? (क.) यष्टीमधु (ख.) धातकी (ग.) भारङ्गी (घ.) कायफल	ब्राह्मणयष्टिका एतेषु कस्य पर्यायः अस्ति?	यष्टीमधुनः/ धातक्याः / भारङ्ग्याः / कायफलस्य	भारङ्ग्याः	
52	कट्फल निम्न में से किसका पर्याय नहीं है? (क.) कैटर्य (ख.) अङगारवल्ली (ग.) श्रीपर्णिका (घ.) भद्रवती	कट्फलः एतेषु कस्मिन् पर्या्यः न अस्ति? (क.) कैटेर्य (ख.) अङ्गारवल्ली (ग.) श्रीपर्णिका (घ.) भद्रवती	कट्फलः एतेषु कस्य पर्यायः न अस्ति?	कैटेर्यस्य / अङ्गारवल्ल्याः / श्रीपर्णिकायाः / भद्रवत्याः	अङ्गारवल्ल्याः	
53	धातकी निम्न में से किसका पर्याय नहीं है? (क.) ताम्रपुष्पी (ख.) कुन्जरा (ग.) भद्रा (घ.) बह्मिज्वाला	धातकी एतेषु कस्मिन् पर्या्यः न अस्ति? (क.) ताम्रपुष्पी (ख.) कुन्जरा (ग.) भद्रा (घ.) ब्रह्मिज्वाला	धातकी एतेषु कस्य पर्यायः न अस्ति?	ताम्रपुष्प्याः / कुन्जरायाः / भद्रायाः / ब्रह्मिज्वालायाः	भद्रायाः	
54	भावप्रकाश के अनुसार मण्डूकपर्णी निम्न में से किसका पर्याय है? (क.) मण्डूकी (ख.) ब्रहमी (ग.) मन्जिष्ठा (घ.) क और ख	भावप्रकाशस्य अनुसारं मण्डूकपर्णी एतेषु कस्मिन् पर्या्यः अस्ति? (क.) मण्डूकी (ख.) ब्रह्मी (ग.) मञ्जिष्ठा (घ.) क च ख	भावप्रकाशानुसारं मण्डूकपर्णी एतेषु कस्य पर्यायः अस्ति?	मण्डूक्याः / ब्रह्म्याः / मञ्जिष्ठा / क च ख	क च ख	
55	मञ्जिष्ठा निम्न में से किसका पर्याय नहीं है? (ख.) मण्डूकपर्णी (क.) योजनवल्ली (ग.) रक्तयष्ठिका (घ.) भद्रवती	मञ्जिष्ठा एतेषु कस्मिन्न पर्यार्थः नास्ति? (ख.) मण्डूकपर्णी (क.) योजनवल्ली (ग.) रक्तयष्टिका (घ.) भद्रवती	मञ्जिष्ठा एतेषु कस्य पर्यायः नास्ति?	मण्डूकपर्ण्याः / योजनवल्ल्याः / रक्तयष्टिकायाः / भद्रवत्याः	भद्रवत्याः	
56	विशेषाद्वयङ्गनाशनः निम्न में से किसका कर्म है? (क.) अलक्तक (ख.) शाल्मली (ग.) मधुयष्ठि (घ.) नीम	विशेषाद्वयङ्गनाशनः एतेषु कस्मिन् कर्म अस्ति? (क.) अलक्तक (ख.) शाल्मली (ग.) मधुयष्टि (घ.) नीम	विशेषाद्वयङ्गनाशनः एतेषु कस्य कर्म अस्ति?	अलक्तकस्य / शाल्मल्याः / मधुयष्ट्याः / नीमस्य	अलक्तकस्य	
57	पलङ्कषा निम्न में से किसका पर्याय है? (क.) मण्डूकपर्णी (ख.) लाक्षा (ग.) गुगुल (घ.) बह्मी	पलङ्कषा एतेषु कस्मिन पर्यायः अस्ति? (क.) मण्डूकपर्णी (ख.) लाक्षा (ग.) गुगुल (घ.) बह्मी	पलङ्कषा एतेषु कस्य पर्यायः अस्ति?	मण्डूकपर्ण्याः / लाक्षायाः / गुगुलस्य / बह्म्याः	लाक्षायाः	
58	हरिद्रा निम्न में से किसका पर्याय नहीं है? (क.) निशाऽऽख्या (ख.) योषितप्रिया (ग.) हटविलासनी (घ.) भद्रा	हरिद्रा एतेषु कस्मिन्नपर्यार्थः नास्ति? (क.) निशाऽऽख्या (ख.) योषितप्रिया (ग.) हटविलासनी (घ.) भद्रा	हरिद्रा एतेषु कस्य पर्यायः नास्ति?	निशाऽऽख्यायाः / योषितप्रियायाः / हटविलासन्याः / भद्रायाः	भद्रायाः	
59	हरिद्रा निम्न में से किसका पर्याय है? (क.) काच्चनी (ख.) पीता (ग.) वरवर्णिनी (घ.) सभी	हरिद्रा एतेषु कस्मिन पर्यायः अस्ति? (क.) काच्चनी (ख.) पीता (ग.) वरवर्णिनी (घ.) सर्वे	हरिद्रा एतेषु कस्य पर्यायः अस्ति?	काच्चन्याः / पीतायाः / वरवर्णिन्याः / सर्वेषाम्	सर्वेषाम्	
60	कर्पूर हरिद्रा की गन्ध किसके समान होती है? (क.) आम्र (ख.) कर्पूर (ग.) एला (घ.) रसोन	कर्पूर हरिद्रायाः गन्धः कस्मिन तुल्यः अस्ति? (क.) आम्र (ख.) कर्पूर (ग.) एला (घ.) रसोन	कर्पूरहरिद्रयोः गन्धः केन तुल्यः अस्ति?	आम्रेण / कर्पूरेण / एलया / रसोनेन	आम्रेण	
61	सुरभी दारू निम्न में से किसका पर्यायं है? (क.) दारूहल्दी (ख.) हरिद्रा (ग.) कर्पूरहरिद्रा (घ.) तेजोहवा	सुरभी दारू एतेषु कस्मिन पर्यायः अस्ति? (क.) दारूहल्दी (ख.) हरिद्रा (ग.) कर्पूरहरिद्रा (घ.) तेजोहवा	सुरभीदारु एतेषु कस्य पर्यायः अस्ति?	दारूहल्द्याः / हरिद्रायाः / कर्पूरहरिद्रायाः / तेजोहवायाः	कर्पूूरहरिद्रायाः	
62	कुष्ठवातस्त्रनाशन निम्न में से किसका गुण है? (क.) कर्पूरहरिद्रा (ख.) हरिद्रा (ग.) अरण्य हरिद्रा (घ.) दारूहल्दी	कुष्ठवातस्त्रनाशनः एतेषु कस्मिन गुणः अस्ति? (क.) कर्पूरहरिद्रा (ख.) हरिद्रा (ग.) अरण्य हरिद्रा (घ.) दारूहल्दी	कुष्ठवातस्त्रनाशनः एतेषु कस्य गुणः अस्ति?	कर्पूरहरिद्रायाः / हरिद्रायाः / अरण्यहरिद्रायाः / दारूहल्द्याः	अरण्यहरिद्रायाः	
63	दारूहल्दी निम्न में से किसका पर्याय है? (क.) पर्जन्या (ख.) कटङकटेरी (ग.) पचम्पचा (घ.) सभी	दारूहल्दी एतेषु कस्मिन पर्यायः अस्ति? (क.) पर्जन्या (ख.) कटङकटेरी (ग.) पचम्पचा (घ.) सर्वे	दारूहल्दी एतेषु कस्य पर्यायः अस्ति?	पर्जन्यायाः / कटङ्कटेर्याः / पचम्पचायाः / सर्वेषाम्	सर्वेषाम्	
64	"निशागुणा किन्तु नेत्र कर्णास्यरोगानुत" किसके बारे में कहा गया है? (क.) हरिद्रा (ख.) दारूहरिद्रा (ग.) अरण्य हरिद्रा (घ.) कर्पूर हरिद्रा	"निशागुणा किन्तु नेत्र कर्णास्यरोगानुत" एतेषु विषये कस्मिन् उक्तं अस्ति? (क.) हरिद्रा (ख.) दारूहरिद्रा (ग.) अरण्य हरिद्रा (घ.) कर्पूर हरिद्रा	"निशागुणा किन्तु नेत्र कर्णास्यरोगानुत" अत्र कस्य विषये उक्तम् अस्ति?	हरिद्रायाः / दारूहरिद्रायाः / अरण्यहरिद्रायाः / कर्पूरहरिद्रायाः	अरण्यहरिद्रायाः	
65	"...... तत् नेत्रयों परम् हितम्।" किसके बारे में कहा गया है? (क.) मुदग (मूंग) (ख.) रसांजन (ग.) गाजर (घ.) आमलकी	"...... तत् नेत्रयोः परं हितम्।" कस्य विषये उक्तं अस्ति? (क.) मुद्गः (ख.) रसांजनः (ग.) गृञ्जनः (घ.) आमलकः	"...... तत् नेत्रयोः परं हितम्।" कस्य विषये उक्तम् अस्ति?	मुद्गस्य / रसांजनस्य / गृञ्जनस्य / आमलकस्य	गृञ्जनस्य	
66	तार्थ्यशैल, रसगर्भ व तार्क्ष्यज किसके पर्याय है? (क.) रसांजन (ख.) हरिद्रा (ग.) शिलाजीत (घ.) मुक्ताशुक्ति	तार्थ्यशैलः, रसगर्भः व तार्क्ष्यजः कस्य पर्यायाः? (क.) रसांजनः (ख.) हरिद्रा (ग.) शिलाजीत् (घ.) मुक्ताशुक्तिः	तार्थ्यशैलः, रसगर्भः, तार्क्ष्यजः च कस्य पर्यायाः सन्ति?	रसांजनस्य / हरिद्रायाः / शिलाजीतः / मुक्ताशुक्त्याः	रसाञ्जनस्य	
67	बाकुची निम्न में से किसका पर्याय है-? (क.) सोमराजी (ख.) कालमेषी (ग.) शशिलेखा (घ.) सभी	बाकुची अधोलिखितेषु कस्य पर्यायः अस्ति? (क.) सोमराजी (ख.) कालमेषी (ग.) शशिलेखा (घ.) सर्वे	बाकुची अधोलिखितेषु कस्य पर्यायः अस्ति?	सोमराज्याः / कालमेष्याः / शशिलेखायाः / सर्वेषाम्	सर्वेषाम्	
68	बाकुची निम्न में से किसका पर्याय नहीं है-? (क.) पूतिफली (ख.) कालमेषी (ग.) भद्रवती (घ.) अवल्गुज	बाकुची अधोलिखितेषु कस्य पर्यायः नास्ति? (क.) पूतिफली (ख.) कालमेषी (ग.) भद्रवती (घ.) अवल्गुज	बाकुची अधोलिखितेषु कस्य पर्यायः नास्ति?	पूतिफल्याः / कालमेष्याः / भद्रवत्याः / अवल्गुजस्य	भद्रवत्याः	
69	मेषलोचन निम्न में से किसका पयार्य है? (क.) कुचला (ख.) चक्रमर्द (ग.) कासमर्द (घ.) मेषश्रृंगी	मेषलोचनः अधोलिखितेषु कस्य पर्यायः अस्ति? (क.) कुष्ठः (ख.) चक्रमर्दः (ग.) कासमर्दः (घ.) मेषश्रृङ्गी	मेषलोचनः अधोलिखितेषु कस्य पर्यायः अस्ति?	कुष्ठस्य/ चक्रमर्दस्य / कासमर्दस्य / मेषश्रृङ्ग्याः	चक्रमद्रस्य	
70	चक्रमर्द निम्न में से किसका पर्याय है? (क.) प्रपुन्नाट (ख.) द्रद्रुघ्न (ग.) एडगज (घ.) सभी	चक्रमर्दः अधोलिखितेषु कस्य पर्यायः अस्ति? (क.) प्रपुन्नाटः (ख.) द्रद्रुघ्नः (ग.) एडगजः (घ.) सर्वे	चक्रमर्दः अधोलिखितेषु कस्य पर्यायः अस्ति?	प्रपुन्नाटस्य / द्रद्रुघ्नस्य / एडगजस्य / सर्वेषाम्	सर्वेषाम्	
71	अतिविषा निम्न में से किसका पर्याय नहीं हैं? (क.) विश्वा (ख.) शुक्लकंदा (ग.) घुणवल्लभा (घ.) सोमराजी	अतिविषा अधोलिखितेषु कस्य पर्यायः न अस्ति? (क.) विश्वा (ख.) शुक्लकंदा (ग.) घुणवल्लभा (घ.) सोमराजी	अतिविषा अधोलिखितेषु कस्य पर्यायः न अस्ति?	विश्वायाः / शुक्लकंदायाः / घुणवल्लभायाः / सोमराज्याः	सोमराज्याः	
72	अतिविषा निम्न में से किसका पर्याय है? (क.) श्रृंगी (ख.) अरूणा (ग.) भंगुरा (घ.) सभी	अतिविषा अधोलिखितेषु कस्य पर्यायः अस्ति? (क.) श्रृंगी (ख.) अरुणा (ग.) भङ्गुरा (घ.) सर्वे	अतिविषा अधोलिखितेषु कस्य पर्यायः अस्ति?	श्रृंग्याः / अरुणयाः / भङ्गुरायाः / सर्वेषाम्	सर्वेषाम्	
73	भावप्रकाश ने लोध्र के कितने प्रकार बताए है? (क.) 2 (ख.) 3 (ग.) 4 (घ.) 1	भावप्रकाशेन लोध्रस्य कति प्रकाराः उक्ताः? (क.) २ (ख.) ३ (ग.) ४ (घ.) १	भावप्रकाशेन लोध्रस्य कति प्रकाराः उक्ताः?	२ / ३ / ४ / १	२	
74	स्थूलवल्कल निम्न में से किसका पर्याय है? (क.) अर्जुन (ख.) खदिर (ग.) लोध्र (घ.) पीपल	स्थूलवल्कलः अधोलिखितेषु कस्य पर्यायः अस्ति? (क.) अर्जुनः (ख.) खदिरः (ग.) लोध्रः (घ.) पीपलः	स्थूलवल्कलः अधोलिखितेषु कस्य पर्यायः अस्ति?	अर्जुनस्य / खदिरस्य / लोध्रस्य / पीपलस्य	लोध्रस्य	
75	जीर्णपत्र बृहतपत्र, क्रमुक, लाक्षाप्रसादन किसके पर्याय हैं? (क.) शावर लोध्र (ख.) पट्टिका लोध्र (ग.) कुटज (घ.) एला	जीर्णपत्रं बृहत्पत्रं, क्रमुकं, लाक्षाप्रसादनं कस्य पर्यायः? (क.) शावर लोध्रः (ख.) पट्टिका लोध्रः (ग.) कुटजः (घ.) एला	जीर्णपत्रं बृहत्पत्रं, क्रमुकं, लाक्षाप्रसादनं च कस्य पर्यायाः सन्ति?	शावर-लोध्रस्य / पट्टिका-लोध्रस्य / कुटजस्य / एलायाः	लट्टिका-लोध्रस्य	
76	लहसुन निम्न में से किसका पर्याय है? (क.) उग्रगन्ध (ख.) महौषध (ग.) म्लेच्छकन्द (घ.) सभी	लशुनः निम्नेषु कतस्य पर्यायः अस्ति? (क.) उग्रगन्धः (ख.) महौषधः (ग.) म्लेच्छकन्दः (घ.) सर्वे	लशुनं अधस्तनेषु कस्य पर्यायः अस्ति?	उग्रगन्धस्य / महौषधस्य / म्लेच्छकन्दस्य / सर्वेषाम्	सर्वेषाम्	
77	लहसुन में कौन-सा रस नहीं होता? (क.) मधुर (ख.) अम्ल (ग.) लवण (घ.) कषाय	लशुने कः रसः न अस्ति? (क.) मधुरः (ख.) अम्लः (ग.) लवणः (घ.) कषायः	लशुने कः रसः न अस्ति?	मधुरः / अम्लः / लवणः / कषायः	अम्लः	
81	पलाण्डु निम्न में से किसका पर्याय है? (क.) यवनेष्ट (ख.) अरिष्ट (ग.) उग्रगंध (घ.) रसोनक	पलाण्डुः निम्नेषु कस्य पर्यायः अस्ति? (क.) यवनेष्टः (ख.) अरिष्टः (ग.) उग्रगन्धः (घ.) रसोनकः	पलाण्डुः निम्नेषु कस्य पर्यायः अस्ति?	यवनेष्टस्य / अरिष्टस्य / उग्रगन्धस्य / रसोनकस्य	यवनेष्टस्य	
82	पलाण्डु निम्न में से किसका पर्याय है? (क.) मुखदूषक (ख.) दुर्गन्ध (ग.) यवनेष्ट (घ.) सभी	पलाण्डुः निम्नेषु कस्य पर्यायः अस्ति? (क.) मुखदूषकः (ख.) दुर्गन्धः (ग.) यवनेष्टः (घ.) सर्वे	पलाण्डुः निम्नेषु कस्य पर्यायः अस्ति?	मुखदूषकस्य / दुर्गन्धस्य / यवनेष्टस्य / सर्वेषाम्	सर्वेषाम्	
83	अरूष्कर निम्न में से किसका पर्याय है? (क.) चित्रक (ख.) भिलावा (ग.) दन्ती (घ.) मंजिष्ठा	अरूष्करः निम्नेषु कस्य पर्यायः अस्ति? (क.) चित्रकः (ख.) भिलावः (ग.) दन्ती (घ.) मञ्जिष्ठा	अरूष्करः निम्नेषु कस्य पर्यायः अस्ति?	चित्रकस्य / भिलावस्य / दन्त्याः / मञ्जिष्ठायाः	भिलावस्य	
84	अग्निमुखी क्षीरवृक्ष एवं शोफकृत किसके पर्याय है? (क.) चित्रक (ख.) भल्लातक (ग.) कुटज (घ.) पलाश	अग्निमुखी क्षीरवृक्षः एवं शोफकृतः कस्य पर्यायाः स्तः? (क.) चित्रकः (ख.) भल्लातकः (ग.) कुटजः (घ.) पलाशः	अग्निमुखी, क्षीरवृक्षः, शोफकृतः कस्य पर्यायाः सन्ति?	चित्रकस्य / भल्लातक्य / कुटजस्य / पलाशस्य	भल्लातकस्य	
85	भल्लातक का कौन सा भाग बालों के लिए हितकर (केश्य) होता है? (क.) मूल (ख.) फल (ग.) मज्जा (घ.) वृन्त	भल्लातकस्य कतमः भागः केश्यः अस्ति? (क.) मूलं (ख.) फलं (ग.) मज्जा (घ.) वृन्तम्	भल्लातकस्य कतमः भागः केश्यः(केशेभ्यः हितकरः) अस्ति?	मूलं / फलं / मज्जा / वृन्तम्	वृन्तम्	
86	मोहमदवाग्वहनिवर्धिनि निम्न में से किसका गुण है? (क.) मद्य (ख.) भंगा (ग.) अफीम (घ.) धतूरा	मोहमदवाग्वहनिवर्धिनी निम्नेषु कस्य गुणः अस्ति? (क.) मद्यस्य (ख.) भङ्गायाः (ग.) अफीमस्य (घ.) धत्तूरस्य	मोहमदवाग्वहनिवर्धिनी निम्नेषु कस्य गुणः अस्ति?	मद्यस्य / भङ्गायाः / अफीमस्य / धत्तूरस्य	भङ्गायाः	
87	अफीम का वर्णन किस ग्रन्थ में मिलता है? (क.) वाग्भट्ट (ख.) शार्डगधर (ग.) भावप्रकाश (घ.) क और ख	अफीमस्य वर्णनं कस्य ग्रन्थे लभ्यते? (क.) वाग्भट्टस्य (ख.) शार्दगधारस्य (ग.) भावप्रकाशस्य (घ.) क च ख	अफीमस्य वर्णनं कस्य ग्रन्थे लभ्यते?	वाग्भट्टस्य / शार्दगधारस्य / भावप्रकाशस्य / क च ख	क च ख	
88	पोस्त के किस भाग से अफीम बनता है? (क.) फल के दूध से ख. फल की छाल से (ग.) मूल से (घ.) पत्र से	पोस्तस्य कस्य भागतः अफीम निर्मीयते? (क.) फलस्य क्षीरात् (ख.) फलस्य त्वचः (ग.) मूलात् (घ.) पत्रात्	पोस्तस्य कस्मात् भागात् अफीमः निर्मीयते?	फलस्य क्षीरात् / फलस्य त्वचः / मूलात् / पत्रात्	फलस्य क्षीरात्	
90	शीतशिव निम्न में से किसका पर्याय है? (क.) धतूरा (ख.) सैंधव (ग.) भंगा (घ.) अहिफेन	शीतशिवः एतेषु कस्य पर्यायः अस्ति? (क.) धत्तूरः (ख.) सौवर्चलः (ग.) भङ्गः (घ.) अहिफेनः	शीतशिवः एतेषु कस्य पर्यायः अस्ति?	धत्तूरस्य / सौवर्चलस्य / भङ्गस्य/ अहिफेनस्य	सौवर्चलस्य	
91	भावप्रकाश ने सैंधव का वर्णन किस वर्ग में किया है? (क.) गुडूच्यादि (ख.) कर्पूरादि (ग.) हरीतकयादि (घ.) वटादि	भावप्रकाशः सैंधवस्य वर्णनं कस्मिन् वर्गे कृतवान्? (क.) गुडूच्यादिः (ख.) कर्पूरादिः (ग.) हरीतक्यादिः (घ.) वतादिः	भावप्रकाशः सैन्धवस्य वर्णनं कस्मिन् वर्गे कृतवान्?	गुडूच्यादौ / कर्पूरादौ/ हरीतक्यादौ / वतादौ	हरीतक्यादौ	
94	उर्ध्वाधः कफवातानुलोमनम् किस लवण का गुण है? (क.) सैंधव (ख.) सामुद्र (ग.) विड (घ.) सौवर्चल	उर्ध्वाधः कफवातानुलोमनं कस्य लवणस्य गुणः अस्ति? (क.) सैंधवः (ख.) सामुद्रः (ग.) विडः (घ.) सौवर्चलः	उर्ध्वाधः कफवातानुलोमनं कस्य लवणस्य गुणः अस्ति?	सैन्धवस्य / सामुद्रस्य / विडस्य / सौवर्चलस्य	विडस्य	
95	पाशु लवण किसे कहते है? (क.) सामुन्द्र लवण (ख.) औदमिद् लवण (ग.) विड (घ.) सौवर्चल	पाशु लवणं कः उच्यते? (क.) सामुद्र लवणम् (ख.) औदमिद् लवणम् (ग.) विडः (घ.) सौवर्चलः	कः पाशु लवणं उच्यते?	सामुद्रलवणम् / औदमिद्लवणम् / विडः / सौवर्चलः	औदमिद्लवणम्	
96	भावप्रकाश में कितने प्रकार के लवणों का वर्णन किया है? (क.) 3 (ख.) 4 (ग.) 5 (घ.) 6	भावप्रकाशे कति प्रकाराणां लवणानां वर्णनं कृतं अस्ति? (क.) ३ (ख.) ४ (ग.) ५ (घ.) ६	भावप्रकाशे कति प्रकाराणां लवणानां वर्णनं कृतम् अस्ति?	३ / ४ / ५ / ६	६	
97	धातुद्रावक कौन सा क्षार है? (क.) यव (ख.) सवर्जिका (ग.) टङ्कण (घ.) पलाश	धातुद्रावकः कः क्षारः अस्ति? (क.) यवः (ख.) सवर्जिका (ग.) टङ्कणः (घ.) पलाशः	धातुद्रावकः कः क्षारः अस्ति?	यवः / सवर्जिका / टङ्कणः / पलाशः	टङ्कणः	
98	भावप्रकाश ने कितने क्षार समूहो का वर्णन किया है? (क.) क्षारद्वय (ख.) क्षारत्रय (ग.) क्षाराष्टक (घ.) सभी	भावप्रकाशे कति क्षारसमूहानां वर्णनं कृतम्? (क.) क्षारद्वयम् (ख.) क्षारत्रयम् (ग.) क्षाराष्टकम् (घ.) सर्वे	भावप्रकाशे कति क्षारसमूहानां वर्णनं कृतम्?	क्षारद्वयस्य / क्षारत्रयस्य / क्षाराष्टकस्य / सर्वेषाम्	सर्वेषाम्	
101	चन्द्रसंज्ञ निम्न में से किसका पर्याय है? (क.) कर्पूर (ख.) मिश्री (ग.) लवण (घ.) पुदीना	चन्द्रसंज्ञ एतेषु कस्य पर्यायः अस्ति? (क.) कर्पूरः (ख.) मिश्री (ग.) लवणम् (घ.) पूतिका	चन्द्रसंज्ञ एतेषु कस्य पर्यायः अस्ति?	कर्पूरस्य / मिश्र्याः / लवणस्य / पूतिकायाः	कर्पूरः	
102	कस्तूरी निम्न में से किसका पर्याय है? (क.) वेदमुख्या (ख.) मृगमद (ग.) सहस्रभिद् (घ.) सभी	कस्तूरी एतेषु कस्य पर्यायः अस्ति? (क.) वेदमुख्या (ख.) मृगमदः (ग.) सहस्रभिद् (घ.) सर्वे	कस्तूरी एतेषु कस्य पर्यायः अस्ति?	वेदमुख्या / मृगमदः / सहस्रभिद् / सर्वे	सर्वे	
103	कस्तूरी के कितने प्रकार बताए हैं? (क.) 2 (ख.) 3 (ग.) 4 (घ.) 5	कस्तूरीके किं का प्रकाराः उक्ताः? (क.) २ (ख.) ३ (ग.) ४ (घ.) ५	कस्तूरीके किं का प्रकाराः उक्ताः?	२ / ३ / ४ / ५	३	
105	भद्रश्री निम्न में से किसका पर्याय है? (क.) हरिद्रा (ख.) एला (ग.) चंदन (घ.) कुंकुम	भद्रश्रीणि च को पर्या? (क.) हरिद्रा (ख.) एला (ग.) चन्दन (घ.) कुंकुम	भद्रश्रीणि च को पर्या?	हरिद्रा / एला / चन्दन / कुंकुम	चन्दन	
106	कालीयक कौन सा चंदन है? (क.) श्वेत (ख.) रक्त (ग.) पीत (घ.) कृष्ण	कालीयकं कच चन्दनं अस्ति? (क.) श्वेतम् (ख.) रक्तम् (ग.) पीतम् (घ.) कृष्णम्	कालीयकं कच चन्दनं अस्ति?	श्वेतम् / रक्तम् / पीतम् / कृष्णम्	पीतम्	
107	पट्टरंजक निम्न में से किसका पर्याय है? (क.) मंजिष्ठा (ख.) हरिद्रा (ग.) पतङ्ग (घ.) दारूहरिद्रा	पट्टरञ्जकः यस्य पर्यायः अस्ति? (क.) मञ्जिष्ठा (ख.) हरिद्रा (ग.) पतङ्गः (घ.) दारूहरिद्रा	पट्टरञ्जकः यस्य पर्यायः अस्ति?	मञ्जिष्ठा / हरिद्रा / पतङ्गः / दारूहरिद्रा	पतङ्गः	
108	कौन सा चंदन श्रेष्ठ होता है? (क.) मलयागिरी (ख.) पतङग (ग.) कलम्बक (घ.) पीत	किं चन्दनं श्रेष्ठं भवति? (क.) मलयगिरि (ख.) पतङ्गः (ग.) कलम्बकः (घ.) पीतम्	किं चन्दनं श्रेष्ठं भवति?	मलयगिरि / पतङ्गः / कलम्बकः / पीतम्	मलयगिरि	
109	अगुरू निम्न में से किसका पर्याय है? (क.) प्रवर (ख.) राजार्ह (ग.) कृमिजग्ध (घ.) सभी	अगुरूः कस्य पर्यायः अस्ति? (क.) प्रवरः (ख.) राजार्हः (ग.) कृमिजग्धः (घ.) सर्वे	अगुरूः कस्य पर्यायः अस्ति?	प्रवरः / राजार्हः / कृमिजग्धः / सर्वे	सर्वे	
110	किस वर्ण का अगरू श्रेष्ठ होता है? (क.) श्वेत (ख.) रक्त (ग.) कृष्ण (घ.) पीत	कस्य वर्णस्य अगुरूः श्रेष्ठः अस्ति? (क.) श्वेतः (ख.) रक्तः (ग.) कृष्णः (घ.) पीतः	कस्य वर्णस्य अगुरूः श्रेष्ठः अस्ति?	श्वेतः / रक्तः / कृष्णः / पीतः	श्वेतः	
111	इन्द्रदारू निम्न में से किसका पर्याय है? (क.) देवदारू (ख.) दारूहरिद्रा (ग.) रोहितक (घ.) मंजिष्ठा	इन्द्रदारूः कस्य पर्यायः अस्ति? (क.) देवदारूः (ख.) दारूहरिद्रा (ग.) रोहितकः (घ.) मञ्जिष्ठा	इन्द्रदारूः कस्य पर्यायः अस्ति?	देवदारूः / दारूहरिद्रा / रोहितकः / मञ्जिष्ठा	देवदारूः	
112	देवदारू निम्न में से किसका पर्याय नहीं है? (क.) मस्तदारू (ख.) दारूभद्र (ग.) दारू (घ.) सुरभि दारू	देवदारूतस्य को पर्यायः न अस्ति? (क.) मस्तदारूः (ख.) दारूभद्रः (ग.) दारूः (घ.) सुरभि दारूः	देवदारूतस्य को पर्यायः न अस्ति?	मस्तदारूः / दारूभद्रः / दारूः / सुरभि दारूः	सुरभि दारूः	
115	गुग्गुलु निम्न में से किसका पर्याय नहीं है? (क.) जटायु (ख.) महिषाक्ष (ग.) पलन्कश (घ.) कृमिजग्ध	गुग्गुलुः कस्य पर्यायः न अस्ति? (क.) जटायुः (ख.) महिषाक्षः (ग.) पलन्कशः (घ.) कृमिजग्धः	गुग्गुलुः कस्य पर्यायः न अस्ति?	जटायुः / महिषाक्षः / पलन्कशः / कृमिजग्धः	कृमिजग्धः	
116	गुग्गुलु सेवन के साथ क्या अहितकर नहीं है? (क.) दुग्ध (ख.) मद्य (ग.) अम्ल पदार्थ (घ.) मैथून	गुग्गुलुसेवनेन सह किम् अहितं नास्ति? (क.) दुग्धम् (ख.) मद्यं (ग.) अम्लपदार्थः (घ.) मैथुनम्	गुग्गुलुसेवनेन सह किम् अहितं नास्ति?	दुग्धम् / मद्यं / अम्लपदार्थः / मैथुनम्	दुग्धम्	
118	जायफल निम्न में से किसका पर्याय नहीं है? (क.) जातिफल (ख.) मालतीफल (ग.) जातिकोष (घ.) जातिपुष्प	जायफलम् निम्नलिखितेषु कस्मिन् न पर्यायः अस्ति? (क.) जातिफलम् (ख.) मालतीफलम् (ग.) जातिकोषः (घ.) जातिपुष्पम्	जायफलम् निम्नलिखितेषु कस्मिन् न पर्यायः अस्ति?	जातिफलम् / मालतीफलम् / जातिकोषः / जातिपुष्पम्	जातिपुष्पम्	
120	लवङ्ग निम्न में से किसका पर्याय है? (क.) देवकुसुम (ख.) श्रीप्रसूनक (ग.) श्रीसंज्ञ (घ.) श्रीफल	लवङ्गः निम्नलिखितेषु कस्य पर्यायः अस्ति? (क.) देवकुसुमः (ख.) श्रीप्रसूनकः (ग.) श्रीसंज्ञः (घ.) श्रीफलम्	लवङ्गः निम्नलिखितेषु कस्य पर्यायः अस्ति?	देवकुसुमः / श्रीप्रसूनकः / श्रीसंज्ञः / श्रीफलम्	श्रीफलम्	
121	एला निम्न में से किसका पर्याय? (क.) बृहदेला (ख.) भद्वैला (ग.) स्थूलैला (घ.) सभी	एला निम्नलिखितेषु कस्य पर्यायः? (क.) बृहदेला (ख.) भद्वैला (ग.) स्थूलैला (घ.) सर्वे	एला निम्नलिखितेषु कस्य पर्यायः?	बृहदेला / भद्वैला / स्थूलैला / सर्वे	सर्वे	
122	एला निम्न में से किसका पर्याय नहीं है? (क.) बहुला (ख.) पृथ्वी का (ग.) भद्रश्री (घ.) निष्कुटि	एला निम्नलिखितेषु कस्मिन् न पर्यायः अस्ति? (क.) बहुला (ख.) पृथ्वी का (ग.) भद्रश्री (घ.) निष्कुटि	एला निम्नलिखितेषु कस्मिन् न पर्यायः अस्ति?	बहुला / पृथ्वी का / भद्रश्री / निष्कुटि	भद्रश्री	
123	सूक्ष्म एला निम्न में से किसका पर्याय नहीं है? (क.) उपकुन्चिका (ख.) तुत्था (ग.) द्राविडी (घ.) पृथ्वीका	सूक्ष्म एला निम्नलिखितेषु कस्मिन् न पर्यायः अस्ति? (क.) उपकुन्चिका (ख.) तुत्था (ग.) द्राविडी (घ.) पृथ्वीका	सूक्ष्म एला निम्नलिखितेषु कस्मिन् न पर्यायः अस्ति?	उपकुन्चिका / तुत्था / द्राविडी / पृथ्वीका	पृथ्वीका	
124	दारूसिता निम्न में से किसका पर्याय है? - (क.) देवदारू (ख.) दालचीनी (ग.) दारूहरिद्रा (घ.) तेजपत्र	दारूसिता निम्नलिखितेषु कस्य पर्यायः? - (क.) देवदारु (ख.) दालचीनी (ग.) दारूहरिद्रा (घ.) तेजपत्र	दारूसिता निम्नलिखितेषु कस्य पर्यायः? -	देवदारु / दालचीनी / दारूहरिद्रा / तेजपत्र	दालचीनी	
125	नागकेसर निम्न में से किसका पर्याय नही है? (क.) चाम्पेय (ख.) नागपुष्प (ग.) नागफल (घ.) काचनाहव्य	नागकेसरः निम्नलिखितेषु कस्मिन् न पर्यायः अस्ति? (क.) चाम्पेयम् (ख.) नागपुष्पः (ग.) नागफलम् (घ.) काचनाहव्यः	नागकेसरः निम्नलिखितेषु कस्मिन् न पर्यायः अस्ति?	चाम्पेयम् / नागपुष्पः / नागफलम् / काचनाहव्यः	नागफलम्	
127	कहां पर उत्पन्न केशर उत्तम माना जाता है? (क.) वाहीक (ख.) काश्मीर (ग.) पारसीक (घ.) विन्धयाचल	क्व उत्पन्नः केशरः उत्तमः मन्यते? (क.) वाहीकः (ख.) काश्मीरम् (ग.) पारसीकः (घ.) विन्ध्याचलः	क्व उत्पन्नः केशरः उत्तमः मन्यते?	वाहीकः / काश्मीरम् / पारसीकः / विन्ध्याचलः	काश्मीरम्	
128	गोरोचन निम्न में से किसका पर्याय है? (क.) वन्द्या (ख.) काश्मीर (ग.) बाहीक (घ.) चाम्पेय	गोरोचनः निम्नलिखितेषु कस्य पर्यायः अस्ति? (क.) वन्द्या (ख.) काश्मीरः (ग.) वाहीकः (घ.) चाम्पेयः	गोरोचनः निम्नलिखितेषु कस्य पर्यायः अस्ति?	वन्द्या / काश्मीरः / वाहीकः / चाम्पेयः	वन्द्या	
130	जटामांसी निम्न में से किसका पर्याय है? (क.) भूतजटा (ख.) तपस्विनी (ग.) पारसीक (घ.) सभी	जटामांस्याः निम्नेषु कस्य प्रतिरूपं अस्ति? (क.) भूतजटा (ख.) तपस्विनी (ग.) पारसीक (घ.) सर्वे	जटामांस्याः निम्नेषु कस्य प्रतिरूपं अस्ति?	भूतजटा / तपस्विनी / पारसीक / सर्वे	सर्वे	
131	गुनगुन्द्रा निम्न में से किसका पर्याय है? (क.) गुजा (ख.) नागरमोथा (ग.) गोरोचना (घ.) कुंकुम	गुणगुन्द्राया निम्नेषु कस्य प्रतिरूपं अस्ति? (क.) गुजा (ख.) नागरमोथा (ग.) गोरोचना (घ.) कुंकुम	गुणगुन्द्राया निम्नेषु कस्य प्रतिरूपं अस्ति?	गुजा / नागरमोथा / गोरोचना / कुंकुम	नागरमोथा	
132	कर्पूर निम्न में से किसका पर्याय है? (क.) वेधमुख्य (ख.) द्राविड (ग.) कल्पक (घ.) सभी	कर्पूरस्य निम्नेषु कस्य प्रतिरूपं अस्ति? (क.) वेधमुख्य (ख.) द्राविड (ग.) कल्पक (घ.) सर्वे	कर्पूरस्य निम्नेषु कस्य प्रतिरूपं अस्ति?	वेधमुख्य / द्राविड / कल्पक / सर्वे	सर्वे	
133	षड्ग्रन्था निम्न में से किसका पर्याय है? (क.)शठी (ख.) एला (ग.) अतिविषा (घ.) रसोन	षड्ग्रन्थाया: निम्नेषु कस्य प्रतिरूपं अस्ति? (क.) शठी (ख.) एला (ग.) अतिविषा (घ.) रसोन	षड्ग्रन्थाया: निम्नेषु कस्य प्रतिरूपं अस्ति?	शठी / एला / अतिविषा / रसोन	शठी	
134	पत्राढ्य और धात्रीपत्र किसके पर्याय है? (क.) तेजपत्र (ख.) आमलकी (ग.) दालचीनी (घ.) तालीस पत्र	पत्राढ्य धात्रीपत्र च कस्य प्रतिरूपं अस्ति? (क.) तेजपत्र (ख.) आमलकी (ग.) दालचिनी (घ.) तालिस पत्र	पत्राढ्य धात्रीपत्र च कस्य प्रतिरूपं अस्ति?	तेजपत्र / आमलकी / दालचिनी / तालिस पत्र	तालिस पत्र	
135	इन्द्र के द्वारा वानरों पर की गई अमृतवर्षा की बूंदो के पृथ्वी पर पड़ने से किस द्रव्य की उत्पति मानी गई है? (क.) गुडूची (ख.) लशुन (ग.) आमलकी (घ.) शतावरी	इन्द्रेण वानराणां प्रति कृतामृतवर्षाया: बिन्दव: पृथ्व्यां पतनतः कस्य द्रव्यस्य उत्पत्तिः मता अस्ति? (क.) गुडूची (ख.) लशुन (ग.) आमलकी (घ.) शतावरी	इन्द्रेण वानराणां प्रति कृतामृतवर्षाया: बिन्दव: पृथ्व्यां पतनतः कस्य द्रव्यस्य उत्पत्तिः मता अस्ति?	गुडूची / लशुन / आमलकी / शतावरी	गुडूची	
136	मधुपर्णी निम्न में से किसका पर्याय है? (क.) दालचीनी (ख.) अमृता (ग.) एला (घ.) तेजपत्र	मधुपर्ण्या: निम्नेषु कस्य प्रतिरूपं अस्ति? (क.) दालचिनी (ख.) अमृता (ग.) एला (घ.) तेजपत्र	मधुपर्ण्या: निम्नेषु कस्य प्रतिरूपं अस्ति?	दालचिनी / अमृता / एला / तेजपत्र	अमृता	
137	गिलोय निम्न में से किसका पर्याय नहीं है? (क.) अमृतवल्लरी (ख.) छिन्नरूहा (ग.) सोमवल्ली (घ.) कोई नहीं	गुडूचि निम्नेषु कस्य पर्यायः नास्ति? (क.) अमृतवल्लरी (ख.) छिन्नरुहा (ग.) सोमवल्ली (घ.) कश्चित् न	गुडूचि निम्नेषु कस्य पर्यायः नास्ति?	अमृतवल्लरी / छिन्नरुहा / सोमवल्ली / कश्चित् न	कश्चित् न	
138	गुडूची निम्न में से किसका पर्याय है? (क.) वत्सादनी (ख.) तन्त्रिका (ग.) चक्रलक्षणिका (घ.) सभी	गुडूच्या: निम्नेषु कस्य प्रतिरूपं अस्ति? (क.) वत्सादनी (ख.) तन्त्रिका (ग.) चक्रलक्षणिका (घ.) सर्वे	गुडूच्या: निम्नेषु कस्य प्रतिरूपं अस्ति?	वत्सादनी / तन्त्रिका / चक्रलक्षणिका / सर्वे	सर्वे	
139	पान का वर्णन भावप्रकाश में किस वर्ग में मिलता है? (क.) हरिद्रादि (ख.) गुडूच्यादि (ग.) रसोनादि (घ.) सभी	पानस्य वर्णनं भावप्रकाशे तेजस्स्त्रीणां वर्गे कुतः लभते? (क.) हरिद्रादि (ख.) गुडूच्यादि (ग.) रसोनादि (घ.) सर्वे	पानस्य वर्णनं भावप्रकाशे तेजस्स्त्रीणां वर्गे कुतः लभते?	हरिद्रादि / गुडूच्यादि / रसोनादि / सर्वे	गुडूच्यादि	
140	श्रीफल निम्न में से किसका पर्याय है? (क.) धतूरा (ख.) बिल्व (ग.) भंगा (घ.) लवंग	श्रीफलः केषां पर्यायः अस्ति? (क.) धत्तूरः (ख.) बिल्वः (ग.) भङ्गः (घ.) लवङ्गः	श्रीफलः केषां पर्यायः अस्ति?	धत्तूरः / बिल्वः / भङ्गः / लवङ्गः	बिल्वः	
141	गम्भारी निम्न में से किसका पर्याय नहीं है? (क.) सोम बल्ली (ख.) मधुपर्णिका (ग.) पीतरोहिणी (घ.) काश्मरी	गम्भारी केषां पर्यायः नास्ति? (क.) सोमवल्ली (ख.) मधुपर्णिका (ग.) पीतरोहिणी (घ.) काश्मरी	गम्भारी केषां पर्यायः नास्ति?	सोमवल्ली / मधुपर्णिका / पीतरोहिणी / काश्मरी	सोमवल्ली	
142	गणिकारीका निम्न में से किसका पर्याय है? (क.) पाटला (ख.) अग्निमंथ (ग.) गम्भारी (घ.) बिल्व	गणिकारीका केषां पर्यायः अस्ति? (क.) पाटला (ख.) अग्निमन्थः (ग.) गम्भारी (घ.) बिल्वः	गणिकारीका केषां पर्यायः अस्ति?	पाटला / अग्निमन्थः / गम्भारी / बिल्वः	अग्निमन्थः	
143	बृहत पंचमूल का वर्णन भावप्रकाश के किस प्रकरण में किया है? (क.) हरीतक्यादि वर्ग (ख.) गुडूच्यादि वर्ग (ग.) वटादि वर्ग (घ.) वर्णन नहीं	बृहत्पञ्चमूलस्य वर्णनं भावप्रकाशस्य कस्मिन् प्रकरणे कृतम्? (क.) हरीतक्यादिवर्गे (ख.) गुडूच्यादिवर्गे (ग.) वटादिवर्गे (घ.) वर्णनं नास्ति	बृहत्पञ्चमूलस्य वर्णनं भावप्रकाशस्य कस्मिन् प्रकरणे कृतम्?	हरीतक्यादिवर्गे / गुडूच्यादिवर्गे / वटादिवर्गे / वर्णनं नास्ति	गुडूच्यादिवर्गे	
146	गोक्षुर निम्न में से किसका पर्याय नहीं है? (क.) पलङ्कषा (ख.) श्वदंष्ट्रा (ग.) इक्षुगंधिका (घ.) दुःस्पर्शा	गोक्षुरः केषां पर्यायः नास्ति? (क.) पलङ्कषा (ख.) श्वदंष्ट्रा (ग.) इक्षुगन्धिका (घ.) दुःस्पर्शा	गोक्षुरः केषां पर्यायः नास्ति?	पलङ्कषा / श्वदंष्ट्रा / इक्षुगन्धिका / दुःस्पर्शा	दुःस्पर्शा	
147	दशमूल का वर्णन भावप्रकाश में कहां है? (क.) गुडूच्यादि वर्ग (ख.) हरीतक्यादि वर्ग (ग.) वटादि वर्ग (घ.) वर्णन नहीं है	दशमूलस्य वर्णनं भावप्रकाशे कुत्र अस्ति? (क.) गुडूच्यादिवर्गे (ख.) हरीतक्यादिवर्गे (ग.) वटादिवर्गे (घ.) वर्णनं नास्ति	दशमूलस्य वर्णनं भावप्रकाशे कुत्र अस्ति?	गुडूच्यादिवर्गे / हरीतक्यादिवर्गे / वटादिवर्गे / वर्णनं नास्ति	गुडूच्यादिवर्गे	
151	भाव प्रकाश ने शुक्ल एवं रक्त किसके भेद बतायें हैं? (क.) एरण्ड (ख.) स्नुही (ग.) अर्क (घ.) क-ख	भावप्रकाशे शुक्लं रक्तं चेत्येतयोः भेदाः केषां उक्ताः? (क.) एरण्डः (ख.) स्नुही (ग.) अर्कः (घ.) क-ख	भावप्रकाशे शुक्लं रक्तं चेत्येतयोः भेदाः केषां उक्ताः?	एरण्डः / स्नुही / अर्कः / क-ख	क-ख	
153	"भक्षितं विषवन्मतम्" किसके बारे में कहा गया है? (क.) अर्क (ख.) स्नूही (ग.) कलिहारी (घ.) करवीर	"भक्षितं विषवन्मतम्" कस्य विषये उक्तम्? (क.) अर्कः (ख.) स्नूही (ग.) कलिहारी (घ.) करवीरः	भक्षितं विषवन्मतम् कस्य विषये उक्तम्?	अर्कः / स्नूही / कलिहारी / करवीरः	करवीरः	
154	मातुलपुत्रक किसके फल को कहते है? (क.) भंगा (ख.) अहिफेन (ग.) धतूरा (घ.) एरण्ड	मातुलपुत्रकं कस्य फलं कथ्यते? (क.) भङ्गः (ख.) अहिफेनः (ग.) धत्तूरः (घ.) एरण्डः	मातुलपुत्रकं कस्य फलं कथ्यते?	भङ्गः / अहिफेनः / धत्तूरः / एरण्डः	धत्तूरः	
155	हिङ्गुनिर्यास निम्न में से किसका पर्याय है? (क.) हिङगुल (ख.) निम्ब (ग.) पारद (घ.) हींग	हिङ्गुनिर्यासः केषां पर्यायः अस्ति? (क.) हिङ्गुलः (ख.) निम्बः (ग.) पारदः (घ.) हीङ्गः	हिङ्गुनिर्यासः केषां पर्यायः अस्ति?	हिङ्गुलः / निम्बः / पारदः / हीङ्गः	निम्बः	
156	निम्ब निम्न में से किसका पर्याय है? (क.) पारिभद्र (ख.) पिचुमर्द (ग.) अरिष्ट (घ.) सभी	निंबः एतेषु कस्मिन पर्यायः अस्ति? (क.) पारिभद्र (ख.) पिचुमर्द (ग.) अरिष्ट (घ.) सर्वे	निंबः एतेषु कस्मिन पर्यायः अस्ति?	पारिभद्र / पिचुमर्द / अरिष्ट / सर्वे	सर्वे	
157	विषमुष्टिक एवं केशमुष्टि किसके पर्याय है? (क.) कुचला (ख.) करवीर (ग.) महानिम्ब (घ.) अर्क	विषमुष्टिकः केशमुष्टिकः च कस्मिन पर्यायौ स्तः? (क.) कुचला (ख.) करवीर (ग.) महानिंब (घ.) अर्क	विषमुष्टिकः केशमुष्टिकः च कस्मिन पर्यायौ स्तः?	कुचला / करवीर / महानिंब / अर्क	महानिंब	
159	गण्डारि निम्न में से किसका पर्याय है? (क.)कांचनार (ख.) पारिभद्र (ग.) गुगुल (घ.) मधुयष्टी	गण्डारिः एतेषु कस्मिन पर्यायः अस्ति? (क.) काञ्चनारः (ख.) पारिभद्रः (ग.) गुग्गुलः (घ.) मधुयष्टी	गण्डारिः एतेषु कस्मिन पर्यायः अस्ति?	काञ्चनारः / पारिभद्रः / गुग्गुलः / मधुयष्टी	काञ्चनारः	
160	भावप्रकाश ने शिशु के कितने भेद बताए है? (क.) 2 (ख.) 3 (ग.) 4 (घ.) 5	भावप्रकाशेन शिशोः कति भेदाः उक्ताः? (क.) २ (ख.) ३ (ग.) ४ (घ.) ५	भावप्रकाशेन शिशोः कति भेदाः उक्ताः?	२ / ३ / ४ / ५	३	
162	भावप्रकाश के अनुसार विष्णुक्रान्ता निम्न में से किसका पर्याय है? (क.) शंखपुष्पी (ख.) अपराजिता (ग.) ब्रह्मी (घ.) गुड्डुची	भावप्रकाशस्य अनुसारं विष्णुक्रान्ता एतेषु कस्मिन पर्यायः अस्ति? (क.) शङ्खपुष्पी (ख.) अपराजिता (ग.) ब्रह्मी (घ.) गुडूची	भावप्रकाशस्य अनुसारं विष्णुक्रान्ता एतेषु कस्मिन पर्यायः अस्ति?	शङ्खपुष्पी / अपराजिता / ब्रह्मी / गुडूची	अपराजिता	
163	कुटज निम्न में से किसका पर्याय नहीं है? (क.) गिरिमल्लिका (ख.) कालिंग (ग.) सिन्दुवार घ पाण्डुरदुम	कुटजः एतेषु कस्मिन पर्यायः नास्ति? (क.) गिरिमल्लिका (ख.) कालिङ्गः (ग.) सिन्दुवारः (घ.) पाण्डुरद्रुमः	कुटजः एतेषु कस्मिन पर्यायः नास्ति?	गिरिमल्लिका / कालिङ्गः / सिन्दुवारः / पाण्डुरद्रुमः	सिन्दुवारः	
165	आत्मागुप्ता मर्कटी और दुस्पर्शा किसके पर्याय है? (क.) कपिकच्छु (ख.) गोक्षुर (ग.) शालमली (घ.) क-ख	आत्मागुप्ता मर्कटी दुस्पर्शा च कस्मिन पर्यायाः स्तः? (क.) कपिकच्छुः (ख.) गोक्षुरः (ग.) शालमली (घ.) क-ख	आत्मागुप्ता मर्कटी दुस्पर्शा च कस्मिन पर्यायाः स्तः?	कपिकच्छुः / गोक्षुरः / शालमली / क-ख	कपिकच्छुः	
166	"तद्बीजं वातशमनं स्मृतं वाजीकरं परम्।" किसके बारे में कहा है? (क.) रास्ना (ख.) एरण्ड (ग.) कपिकच्छु (घ.) बला	"तत् बीजं वातशमनं स्मृतं वाजीकरणं परम्।" कस्मिन विषये उक्तम्? (क.) रास्ना (ख.) एरण्डः (ग.) कपिकच्छुः (घ.) बला	तत् बीजं वातशमनं स्मृतं वाजीकरणं परम्। कस्मिन विषये उक्तम्?	रास्ना / एरण्डः / कपिकच्छुः / बला	कपिकच्छुः	
167	मूषक और सर्प का विष को दूर करने वाला द्रव्य कौन सा है? (क.) अङकोट (ख.) कपिकच्छु (ग.) गुन्जा (घ.) करंज	मूषकसर्पयोः विषनाशकं द्रव्यं किम्? (क.) अड्कोटः (ख.) कपिकच्छुः (ग.) गुन्जा (घ.) करञ्जः	मूषकसर्पयोः विषनाशकं द्रव्यं किम्?	अड्कोटः / कपिकच्छुः / गुन्जा / करञ्जः	अड्कोटः	
169	पुत्रदाऽवश्या (अवश्य पुत्र देने वाला) कौन सा द्रव्य बताया गया है? (क.) अङकोट (ख.) लाङगली (ग.) लक्ष्मणा (घ.) बला	पुत्रदाऽवश्यं (अवश्यः पुत्रं प्रयच्छति) कः द्रव्यः उक्तः अस्ति? (क.) अड्कोटः (ख.) लाङ्गली (ग.) लक्ष्मणा (घ.) बला	पुत्रदाऽवश्यं	अड्कोटः / लाङ्गली / लक्ष्मणा / बला	लक्ष्मणा	
170	लक्ष्मणा की गंध किसके समान होती है? (क.) वाराहगंध (ख.) बस्तगंध (ग.) अश्वगंध (घ.) गोमूत्र गंध	लक्ष्मणा गन्धः कस्यानुसारः अस्ति? (क.) वाराहगन्धः (ख.) बस्तगन्धः (ग.) अश्वगन्धः (घ.) गोमूत्रगन्धः	लक्ष्मणा गन्धः कस्यानुसारः अस्ति?	वाराहगन्धः / बस्तगन्धः / अश्वगन्धः / गोमूत्रगन्धः	बस्तगन्धः	
173	कौन सी त्रिवृत हीन गुण वाली है? (क.) श्वेत (ख.) कृष्ण (ग.) दोनों के गुण बराबर है (घ.) कोई नहीं	का त्रिवृत हीन गुणवत्ता अस्ति? (क.) श्वेत (ख.) कृष्ण (ग.) उभयोः गुणाः तुल्याः (घ.) न कदाचित्	का त्रिवृत हीन गुणवत्ता अस्ति?	श्वेत / कृष्ण / उभयोः गुणाः तुल्याः / न कदाचित्	कृष्ण	
174	प्लीहशत्रु निम्न में से किसका पर्याय है? (क.) रोहितक (ख.) शरपुंखा (ग.) पुनर्नवा (घ.) गिलोय	प्लीहशत्रुः निम्नलिखितेषु कस्मिनः पर्यायः अस्ति? (क.) रोहितकः (ख.) शरपुंखा (ग.) पुनर्नवा (घ.) गिलोय	प्लीहशत्रुः निम्नलिखितेषु कस्मिनः पर्यायः अस्ति?	रोहितकः / शरपुंखा / पुनर्नवा / गिलोय	शरपुंखा	
175	अधः शल्य निम्न में से किसका पर्याय है? (क.) त्रिवृत (ख.) गोक्षुर (ग.) अपामार्ग (घ.) अम्लतास	अधःशल्यः निम्नलिखितेषु कस्मिनः पर्यायः अस्ति? (क.) त्रिवृत् (ख.) गोक्षुरः (ग.) अपामार्गः (घ.) अम्लतासः	अधःशल्यः निम्नलिखितेषु कस्मिनः पर्यायः अस्ति?	त्रिवृत् / गोक्षुरः / अपामार्गः / अम्लतासः	अपामार्गः	
176	केशरंजन निम्न में से किसका पर्याय है? (क.) रीठा (ख.) शिकाकाई (ग.) भृङगराज (घ.) मंजिष्ठा	केशरञ्जनं निम्नलिखितेषु कस्मिनः पर्यायः अस्ति? (क.) रीठा (ख.) शिकाकाई (ग.) भृङगराजः (घ.) मंजिष्ठा	केशरञ्जनं निम्नलिखितेषु कस्मिनः पर्यायः अस्ति?	रीठा / शिकाकाई / भृङगराजः / मंजिष्ठा	भृङगराजः	
177	महौषधी निम्न में से किसका पर्याय है? (क.) श्रृंगवेर (ख.) मण्डूकपर्णी (ग.) गिलोय (घ.) आमलकी	महौषधीः निम्नलिखितेषु कस्मिनः पर्यायः अस्ति? (क.) श्रृंगवेरः (ख.) मण्डूकपर्णी (ग.) गिलोयः (घ.) आमलकी	महौषधीः निम्नलिखितेषु कस्मिनः पर्यायः अस्ति?	श्रृंगवेरः / मण्डूकपर्णी / गिलोयः / आमलकी	मण्डूकपर्णी	
178	पुष्पवर्ग में सर्वप्रथम किस द्रव्य का वर्णन है? (क.) कमल (ख.) गुलाब (ग.) चमेली (घ.) जूही	पुष्पवर्गे सर्वप्रथमतमः कस्मिनः द्रव्ये वर्णनं कृतं अस्ति? (क.) कमलम् (ख.) गुलाबः (ग.) चमेली (घ.) जूही	पुष्पवर्गे सर्वप्रथमतमः कस्मिनः द्रव्ये वर्णनं कृतं अस्ति?	कमलम् / गुलाबः / चमेली / जूही	कमलम्	
179	तुलसी निम्न में से किसका पर्याय है? (क.) बहुमंजरी (ख.) अपेतराक्षसी (ग.) भूतघ्नी (घ.) सभी	तुलसीः निम्नलिखितेषु कस्मिनः पर्यायः अस्ति? (क.) बहुमञ्जरीः (ख.) अपेतराक्षसी (ग.) भूतघ्नी (घ.) सर्वे	तुलसीः निम्नलिखितेषु कस्मिनः पर्यायः अस्ति?	बहुमञ्जरीः / अपेतराक्षसी / भूतघ्नी / सर्वे	सर्वे	
180	देवदुन्दुभि निम्न में से किसका पर्याय है? (क.) धतूरा (ख.) कर्पूर (ग.) तुलसी (घ.) पीपल	देवदुन्दुभिः निम्नलिखितेषु कस्मिनः पर्यायः अस्ति? (क.) धतूरः (ख.) कर्पूरः (ग.) तुलसीः (घ.) पीपलः	देवदुन्दुभिः निम्नलिखितेषु कस्मिनः पर्यायः अस्ति?	धतूरः / कर्पूरः / तुलसीः / पीपलः	तुलसीः	
184	गर्भपातन निम्न में से किसका पर्याय है? (क.) अरिष्टक (ख.) लाङगली (ग.) टंकण (घ.) उलट कम्बल	गर्भपातनं निम्नलिखितेषु कस्मिनः पर्यायः अस्ति? (क.) अरिष्टकः (ख.) लाङ्गली (ग.) टङ्कण (घ.) उलट्कालिकः	गर्भपातनं निम्नलिखितेषु कस्मिनः पर्यायः अस्ति?	अरिष्टकः / लाङ्गली / टङ्कण / उलट्कालिकः	अरिष्टकः	
186	मोचरस रस निम्न में से किसका निर्यास है? (क.) शाल्मली (ख.) शल्लकी (ग.) गुगुल (घ.) शिग्रु	मोदरसस्यान निम्नेषु कस्य निर्यासः? (क.) शाल्मली (ख.) श्ल्लकि (ग.) गुञ्जुल (घ.) शिग्रु:	मोदरसस्यान निम्नेषु कस्य निर्यासः?	शाल्मली / श्ल्लकि / गुञ्जुल / शिग्रु:	शाल्मली	
187	सुमेलित कीजिए -  क. स्थूलवल्कल 1. सप्तपर्ण  ख. बहुलवल्कल 2.भूर्जपत्र  ग. विशालत्वक् 3. कटफल  घ. सोमवल्कल 4. लोध्र? (क.) i-1, ii-2, iii-3-iv-4 (ख.) 1-2, ii-1-, iii-3 iv-4 (ग.)i-4, ii-2, iii-1, iv-3	सुमेलयतु  अ स्थूलवल्कल १ सप्तपर्ण  आ बहुलवल्कल २ भूर्जपत्र  इ विशालत्वक् ३ कटफल  ई सोमवल्कल ४ लोध्र? (क) अ-१, आ-२, इ-३, ई-४ (ख) १-२, आ-१, इ-३, ई-४ (ग) अ-४, आ-२, इ-१, ई-३	सुमेलयतु अ स्थूलवल्कल १ सप्तपर्ण आ बहुलवल्कल २ भूर्जपत्र इ विशालत्वक् ३ कटफल ई सोमवल्कल ४ लोध्र?	अ-१, आ-२, इ-३, ई-४ / १-२, आ-१, इ-३, ई-४ / अ-४, आ-२, इ-१, ई-३	अ-४, आ-२, इ-१, ई-३	
188	सुमेलित कीजिए -  i. आम आम्र फल 1. वातहर, स्लेष्मशुक्रवर्धन ii.शुष्कामाम्र फल 2. वातहर पितप्रकोप iii. पकवाम्र फल 3. वातपित कृत्त  iv. वृक्षापक्वान फल 4. कफवातजित   ? क i-3, ii-1, iii-4, iv-2 (ख.) i-1, ii-2, iii-3, iv-4 (ग.) i-1, ii-3, iii-4, iv-2 (घ.) i-3, ii-4, iii-2, iv-1	सुमेलयतु  अ. आम आम्र फल १ वातहर, स्लेष्मशुक्रवर्धन  ब. शुष्कामाम्र फल २ वातहर पित्तप्रकोप  क. पकवाम्र फल ३ वातपित्त कृत्त  ड. वृक्षापक्वान फल ४ कफवातजित  (क) अ-३, ब-१, क-४, ड-२ (ख) अ-१, ब-२, क-३, ड-४ (ग) अ-१, ब-३, क-४, ड-२ (घ) अ-३, ब-४, क-२, ड-१	सुमेलयतु अ. आम आम्र फल १ वातहर, स्लेष्मशुक्रवर्धन ब. शुष्कामाम्र फल २ वातहर पित्तप्रकोप क. पकवाम्र फल ३ वातपित्त कृत्त ड. वृक्षापक्वान फल ४ कफवातजित	अ-३, ब-१, क-४, ड-२ / अ-१, ब-२, क-३, ड-४ / अ-१, ब-३, क-४, ड-२ / अ-३, ब-४, क-२, ड-१	अ-३, ब-१, क-४, ड-२	
190	आम्रावर्त किस भाग से बनता है? (क.) आम्ररस (ख.) आम्र त्वक (ग.) आम्र फल (घ.) आम्र पुष्प	आम्रावर्तः कस्य भागतः भवति? (क.) आम्ररः (ख.) आम्र त्वक् (ग.) आम्र फल (घ.) आम्र पुष्प	आम्रावर्तः कस्य भागतः भवति?	आम्ररः / आम्र त्वक् / आम्र फल / आम्र पुष्प	आम्ररः	
192	अशुमतीफला निम्न में से किसका पर्याय है? (क.) कदली (केला) (ख.) आम्र (आम) (ग.) नारिकेल (नारियल) (घ.) कालिन्दस (तरबूज)	अशुमतीफलः निम्नेषु कस्य पर्यायः? (क.) कदली (ख.) आम्रः (ग.) नारिकेलम् (घ.) कालिन्दसः	अशुमतीफलः निम्नेषु कस्य पर्यायः?	कदली / आम्रः / नारिकेलम् / कालिन्दसः	कदली	
193	सुमेलित कीजिए- क. कण्टकिफल 1. कदलीफल ख. अंशुमती फला 2. त्रपुस ग. अतिवृहत फल 3. नारियल  घ. स्कन्ध फल 4. कटहल  ? क i-2, ii-1, iii-4, iv-3 (ख.) i-1, ii-2, iii-3, iv-4 (ग.) i-1, ii-3, iii-4, iv-2 (घ.) i-3, ii-4, iii-2, iv-1	सुमेलयतु- अ. कण्टकिफलः 1. कदलीफलम्  आ. अंशुमती फलम् 2. त्रपुसः  इ. अतिवृहत् फलम् 3. नारिकेलः  ई. स्कन्ध फ़लम् 4. कटफलः  (क) i-2, ii-1, iii-4, iv-3 (ख) i-1, ii-2, iii-3, iv-4 (ग) i-1, ii-3, iii-4, iv-2 (घ) i-3, ii-4, iii-2, iv-1	सुमेलयतु- अ. कण्टकिफलः 1. कदलीफलम् आ. अंशुमती फलम् 2. त्रपुसः इ. अतिवृहत् फलम् 3. नारिकेलः ई. स्कन्ध फ़लम् 4. कटफलः	i-2, ii-1, iii-4, iv-3 / i-1, ii-2, iii-3, iv-4 / i-1, ii-3, iii-4, iv-2 / i-3, ii-4, iii-2, iv-1	i-2, ii-1, iii-4, iv-3	
194	दशाङ्गुल निम्न में से किसका पर्याय है? (क.) कदली फल (ख.) पनस (कटहल) (ग.) तरबूज (घ.) खरबूजा	दशाङ्गुलः निम्नेषु कस्य पर्यायः? (क.) कदली फलम् (ख.) पनसः (कटफलः) (ग.) कालिन्दसः (तरबूजः) (घ.) खरबूजः	दशाङ्गुलः निम्नेषु कस्य पर्यायः?	कदली फलम् / पनसः / कालिन्दसः / खरबूजः	खरबूजः	
195	कौन सा फल शुष्क ही श्रेष्ठ होता है? (क.) द्राक्षा (ख.) बिल्व (ग.) हरड़ (घ.) सभी	कस्मिन फलं शुष्क एव श्रेष्ठम्? (क.) द्राक्षा (ख.) बिल्वः (ग.) हरिटकी (घ.) सर्वे	कस्मिन फलं शुष्क एव श्रेष्ठम्?	द्राक्षा / बिल्वः / हरिटकी / सर्वे	सर्वे	
196	पुष्पफल एवं दधिफल किसके पर्याय हैं? (क.) अम्लतास (ख.) नारिकेल फल (ग.) कपित्थ फल (घ.) स्नूही	पुष्पफलम् तथा दधिफलम् कस्य पर्यायौ? (क.) अम्लतासः (ख.) नारिकेल फलम् (ग.) कपित्थ फलम् (घ.) स्नूही	पुष्पफलम् तथा दधिफलम् कस्य पर्यायौ?	अम्लतासः / नारिकेल फलम् / कपित्थ फलम् / स्नूही	कपित्थ फलम्	
201	मुनक्का (द्राक्षा) का आकार कैसा है? (क.) गोमुख सम (ख.) गोस्तन (ग.) गोखुर सदृश (घ.) गाय के रंग समान	मुनक्का (द्राक्षा) कः आकारः अस्ति? (क.) गोमुखसम (ख.) गोस्तनसम (ग.) गोखुरसदृशम (घ.) गवां वर्णः समानम्	मुनक्का	गोमुखसम / गोस्तनसम / गोखुरसदृशम / गवां वर्णः समानम्	गोस्तनसम	
202	खजूर निम्न में से किसका पर्याय है? (क.) स्वल्प खजूर (ख.) पिण्डखजूर (ग.) छोहारा (घ.) सभी	खर्जूरः अधः कस्य पर्यायः अस्ति? (क.) स्वल्पखर्जूरः (ख.) पिण्डखर्जूरः (ग.) स्रोतःखर्जूरः (घ.) सर्वे	खर्जूरः अधः कस्य पर्यायः अस्ति?	स्वल्पखर्जूरः / पिण्डखर्जूरः / स्रोतःखर्जूरः / सर्वे	सर्वे	
203	सुलेमानि खर्जूर निम्न में से किसका पर्याय है? (क.) पिण्डखर्जूर (ख.) छोहारा (ग.) भूमि खर्जूर (घ.) स्वल्पखर्जूर	सुलेमानखर्जूरः कस्य पर्यायः अस्ति? (क.) पिण्डखर्जूरः (ख.) स्रोतःखर्जूरः (ग.) भूमिखर्जूरः (घ.) स्वल्पखर्जूरः	सुलेमानखर्जूरः कस्य पर्यायः अस्ति?	पिण्डखर्जूरः / स्रोतःखर्जूरः / भूमिखर्जूरः / स्वल्पखर्जूरः	पिण्डखर्जूरः	
204	नेत्रोपमफल निम्न में से किसका पर्याय है? (क.) वाताद (बादाम) (ख.) सेब (ग.) मुनक्का (घ.) अखरोट	नेत्रोपमफलः कस्य पर्यायः अस्ति? (क.) वातादः (ख.) सेवः (ग.) मुणकः (घ.) अकर्षोटः	नेत्रोपमफलः कस्य पर्यायः अस्ति?	वातादः / सेवः / मुणकः / अकर्षोटः	वातादः	
205	मुष्टिप्रमाण व बदर किस फल के नाम हैं? (क.) बादाम (ख.) आम्र (ग.) कोल (घ.) सेब	मुष्टिप्रमाणं च बदरं च कस्य फलस्य नामे इति? (क.) वातादः (ख.) आम्रः (ग.) कोलः (घ.) सेवः	मुष्टिप्रमाणं च बदरं च कस्य फलस्य नामे इति?	वातादः / आम्रः / कोलः / सेवः	सेवः	
209	कौन सा फल शुष्क अधिक गुणकारी होता है? (क.) बिल्व (ख.) द्राक्षा (ग.) हरड़ (घ.) सभी	कः फलः शुष्कः अधिकगुणकारीः अस्ति? (क.) बिल्वः (ख.) द्राक्षाः (ग.) हरटः (घ.) सर्वे	कः फलः शुष्कः अधिकगुणकारीः अस्ति?	बिल्वः / द्राक्षाः / हरटः / सर्वे	सर्वे	
210	कपिप्रिय दधिफल एवं दन्तराठ किसके पर्याय हैं? (क.) बिल्व (ख.) कपित्थ (ग.) गिलोय (घ.) नीम	कपिप्रियः दधिफलम् च दन्तराठः च कस्य पर्यायः अस्ति? (क.) बिल्वः (ख.) कपित्थः (ग.) गिलोयः (घ.) निम्बः	कपिप्रियः दधिफलम् च दन्तराठः च कस्य पर्यायः अस्ति?	बिल्वः / कपित्थः / गिलोयः / निम्बः	कपित्थः	
211	त्वक्सुगन्ध एवं मुखप्रिय किसके पर्याय हैं? (क.) एला (ख.) दालचीनी (ग.) नारङगी (घ.) लवंग	त्वक्सुगन्धः मुखप्रियश्च कस्य पर्यायः अस्ति? (क.) एला (ख.) त्वक् (ग.) नारङ्गिका (घ.) लवाङ्गः	त्वक्सुगन्धः मुखप्रियश्च कस्य पर्यायः अस्ति?	एला / त्वक् / नारङ्गिका / लवाङ्गः	नारङ्गिका	
212	भावप्रकाश ने स्वादानुसार अनार का फल कितने प्रकार का बताया है? (क.) 3 (ख.) 2 (ग.) 4 (घ.) 5	भावप्रकाशः स्वादानुसारं दाडिमस्य फलं कतिविधानि उक्तवान्? (क.) ३ (ख.) २ (ग.) ४ (घ.) ५	भावप्रकाशः स्वादानुसारं दाडिमस्य फलं कतिविधानि उक्तवान्?	३ / २ / ४ / ५	३	
213	पयः प्रसादी निम्न में से किसका पर्याय है? (क.) द्राक्षा (ख.) परूषक (ग.) कतक (घ.) शहतूत	पयःप्रसादी अधः कस्य पर्यायः अस्ति? (क.) द्राक्षा (ख.) परूषकः (ग.) कतकः (घ.) शहतूतः	पयःप्रसादी अधः कस्य पर्यायः अस्ति?	द्राक्षा / परूषकः / कतकः / शहतूतः	कतकः	
215	पंचाम्ल में चतुराम्ल के अतिरिक्त कौन सा द्रव्य होता है? (क.) इम्लिका (ख.) वृक्षाम्ल (ग.) बिजौरा निम्बू (घ.) कमरख	पञ्चाम्ले चतुराम्लादधिकं कः द्रव्यः भवति? (क.) इम्लिका (ख.) वृक्षाम्लः (ग.) बिजौरनिम्बूकः (घ.) करमर्दकः	पञ्चाम्ले चतुराम्लादधिकं कः द्रव्यः भवति?	इम्लिका / वृक्षाम्लः / बिजौरनिम्बूकः / करमर्दकः	बिजौरनिम्बूकः	
216	भावप्रकाश में कितनी धातुएँ बताई हैं? (क.) 5 (ख.) 7 (ग.) 9 (घ.) 6	भावप्रकाशे कति धातवः उक्ताः? (क.) ५ (ख.) ७ (ग.) ९ (घ.) ६	भावप्रकाशे कति धातवः उक्ताः?	५ / ७ / ९ / ६	७	
217	अग्निदेव के वीर्य से किस धातु की उत्पत्ति होती है? (क.) स्वर्ण (ख.) रजत (घ.) यशद	अग्निदेवस्य वीर्येण कस्मिन धातुः उत्पन्नः? (क.) स्वर्णम् (ख.) रजतम् (घ.) यशदम्	अग्निदेवस्य वीर्येण कस्मिन धातुः उत्पन्नः?	स्वर्णम् / रजतम् / यशदम्	स्वर्णम्	
218	कृत्रिम स्वर्ण की उत्पत्ति किस द्रव्य से होती है? (क.) हिंगुल (ख.) पारद के वेधन से (ग.) शिलाजतु (घ.) स्वर्ण माक्षिक	कृत्रिमस्वर्णस्य उत्पत्तिः कस्मात् द्रव्यात् भवति? (क.) हिङ्गुलम् (ख.) पारदस्य वेधनात् (ग.) शिलाजतु (घ.) स्वर्णमाक्षिकम्	कृत्रिमस्वर्णस्य उत्पत्तिः कस्मात् द्रव्यात् भवति?	हिङ्गुलम् / पारदस्य वेधनात् / शिलाजतु / स्वर्णमाक्षिकम्	पारदस्य वेधनात्	
221	ताम्र की उत्पति कैसे होती है? (क.) शिव जी के वीर्य से (ख.) अग्निदेव के वीर्य से (ग.) कार्तिकेय के वीर्य से (घ.) रूद्र के वीर्य से	ताम्रस्य उत्पत्तिः कथं भवति? (क.) शिवस्य वीर्येण (ख.) अग्निदेवस्य वीर्येण (ग.) कार्तिकेयस्य वीर्येण (घ.) रुद्रस्य वीर्येण	ताम्रस्य उत्पत्तिः कथं भवति?	शिवस्य वीर्येण / अग्निदेवस्य वीर्येण / कार्तिकेयस्य वीर्येण / रुद्रस्य वीर्येण	कार्तिकेयस्य वीर्येण	
222	ताम्र की अनुत्कृष्ट् भस्म से कितने दोष होते हैं? (क.) 5 (ख.) 6 (ग.) 8 (घ.) 9	ताम्रस्य अनुत्कृष्टभस्मना कति दोषाः भवन्ति? (क.) ५ (ख.) ६ (ग.) ८ (घ.) ९	ताम्रस्य अनुत्कृष्टभस्मना कति दोषाः भवन्ति?	५ / ६ / ८ / ९	८	
223	रांगा के कितने भेद भावप्रकाश में बताए हैं? (क.) 2 (ख.) 3 (ग.) 4 (घ.) केवल एक	राङ्गस्य कति भेदाः भावप्रकाशे उक्ताः? (क.) २ (ख.) ३ (ग.) ४ (घ.) केवलम् एकः	राङ्गस्य कति भेदाः भावप्रकाशे उक्ताः?	२ / ३ / ४ / केवलम् एकः	२	
224	रविप्रिय किस धातु निम्न में से किसका पर्याय है? (क.) स्वर्ण (ख.) रजत (ग.) यशद (घ.) ताम्र	रविप्रियः कस्मिन धातोः पर्यायः अस्ति? (क.) स्वर्णम् (ख.) रजतम् (ग.) यशदम् (घ.) ताम्रम्	रविप्रियः कस्मिन धातोः पर्यायः अस्ति?	स्वर्णम् / रजतम् / यशदम् / ताम्रम्	ताम्रम्	
225	किन देवताओं से किस धातु की उत्पति होती है सुमेलित कीजिए- i. शिव जी 1. सुवर्ण ii. कार्तिकेय 2. रजत iii. वासु की 3.ताम्र  iv. अगि्नदेव 4. नाग? (क.) i-2, ii-3, iii-4, iv-1 (ख.) i-2, ii-3, iii-4, iv-1 (ग.). i-1, ii-3, iii-4, iv-2 (घ.) i-3, ii-4, iii-2, iv-1	केभ्यः देवतेभ्यः का धातुः उत्पद्यते सुमेलितं कुरुत- i. शिवः 1. सुवर्णम् ii. कार्तिकेयः 2. रजतम् iii. वासुकिः 3. ताम्रम्  iv. अग्निदेवः 4. नागः?  (क.) i-2, ii-3, iii-4, iv-1  (ख.) i-2, ii-3, iii-4, iv-1  (ग.) i-1, ii-3, iii-4, iv-2  (घ.) i-3, ii-4, iii-2, iv-1	केभ्यः देवतेभ्यः का धातुः उत्पद्यते सुमेलितं कुरुत- i. शिवः 1. सुवर्णम् ii. कार्तिकेयः 2. रजतम् iii. वासुकिः 3. ताम्रम् iv. अग्निदेवः 4. नागः?	i-2, ii-3, iii-4, iv-1 / i-2, ii-3, iii-4, iv-1 / i-1, ii-3, iii-4, iv-2 / i-3, ii-4, iii-2, iv-1	i-2, ii-3, iii-4, iv-1	
226	लौह धातु के कितने दोष बताए हैं? (क.) 2 (ख.) 3 (ग.) 5 (घ.) 7	लौहधातोः कति दोषाः उक्ताः? (क.) २ (ख.) ३ (ग.) ५ (घ.) ७	लौहधातोः कति दोषाः उक्ताः?	२ / ३ / ५ / ७	७	
227	लौह सेवन के समय त्याज्य पदार्थ है? (क.) कूष्मांड (ख.) तिल तैल (ग.) मद्य (घ.) सभी	लौहसेवने समये त्याज्यः पदार्थः कः? (क.) कूष्माण्डम् (ख.) तिलतैलम् (ग.) मद्य (घ.) सर्वे	लौहसेवने समये त्याज्यः पदार्थः कः?	कूष्माण्डम् / तिलतैलम् / मद्य / सर्वे	सर्वे	
228	भावप्रकाश में कितनी उपधातुएँ बताई गईं हैं? (क.) 5 (ख.) 7 (ग.) 8 (घ.) 9	भावप्रकाशे कति उपधातवः उक्ताः सन्ति? (क.) ५ (ख.) ७ (ग.) ८ (घ.) ९	भावप्रकाशे कति उपधातवः उक्ताः सन्ति?	५ / ७ / ८ / ९	७	
229	वितुन्नक शिखिग्रीव एवं मयूरक किसके पर्याय है? (क.) ताम्र (ख.) स्वर्णमाक्षिक (ग.) तुत्थ (घ.) खर्पर	वितुन्नकः, शिखिग्रीवः, मयूरकः च कस्मिन पर्यायाः? (क.) ताम्र (ख.) स्वर्णमाक्षिक (ग.) तुत्थ (घ.) खर्पर	वितुन्नकः, शिखिग्रीवः, मयूरकः च कस्मिन पर्यायाः?	ताम्र / स्वर्णमाक्षिक / तुत्थ / खर्पर	तुत्थ	
233	सिंदूर निम्न में से किसकी उपधातु है? (क.) यशद (ख.) नाग (ग.) ताम्र (ग.) ताम्र	सिन्दूरः अधोलिखितेषु कस्य उपधातुः अस्ति? (क.) यशद (ख.) नाग (ग.) ताम्र (ग.) ताम्र	सिन्दूरः अधोलिखितेषु कस्य उपधातुः अस्ति?	यशद / नाग / ताम्र / ताम्र	नाग	
234	शिलाजीत के कितने भेद हैं? (क.) 2 (ख.) 3 (ग.) 4 (घ.) 6	शिलाजीतस्य कति भेदाः सन्ति? (क.) २ (ख.) ३ (ग.) ४ (घ.) ६	शिलाजीतस्य कति भेदाः सन्ति?	२ / ३ / ४ / ६	४	
239	कौन सा शिलाजीत सर्वश्रेष्ठ होता है? (क.) सौवर्ण (ख.) ताम्र (ग.) रजत (घ.) लौह	कः शिलाजीतः सर्वश्रेष्ठः भवति? (क.) सौवर्ण (ख.) ताम्र (ग.) रजत (घ.) लौह	कः शिलाजीतः सर्वश्रेष्ठः भवति?	सौवर्ण / ताम्र / रजत / लौह	लौह	
241	किस वर्ण का पारद रसायन कर्म में उत्तम है? (क.) श्वेत (ख.) रक्त (ग.) पीत (घ.) कृष्ण	कस्य वर्णस्य पारदं रसायनकर्मणि श्रेष्ठं भवति? (क.) श्वेत (ख.) रक्त (ग.) पीत (घ.) कृष्ण	कस्य वर्णस्य पारदं रसायनकर्मणि श्रेष्ठं भवति?	श्वेत / रक्त / पीत / कृष्ण	रक्त	
244	पारद के स्वाभाविक दोष कितने हैं? (क.) 4 (ख.) 5 (ग.) 6 (घ.) 7	पारदस्य स्वाभाविकदोषाः के? (क.) ४ (ख.) ५ (ग.) ६ (घ.) ७	पारदस्य स्वाभाविकदोषाः के?	४ / ५ / ६ / ७	७	
249	निम्नलिखित में से कौन सा हिंगुल का भेद नहीं है? (क.) चर्मार (ख.) मलेच्छ (ग.) शुक्रतुण्ड (घ.) हंसपाद	अधोलिखितेषु कः हिङ्गुलस्य भेदः न अस्ति? (क.) चर्मार (ख.) म्लेच्छ (ग.) शुक्रतुण्ड (घ.) हंसपाद	अधोलिखितेषु कः हिङ्गुलस्य भेदः न अस्ति?	चर्मार / म्लेच्छ / शुक्रतुण्ड / हंसपाद	म्लेच्छ	
251	गन्धक निम्न में से किसका पर्याय है? (क.) गन्धकपाषाण (ख.) बलि (ग.) बल रस (घ.) सभी	गन्धकः अधोलिखितेषु कस्य पर्यायः अस्ति? (क.) गन्धकपाषाण (ख.) बलि (ग.) बलरस (घ.) सर्वेषाम्	गन्धकः अधोलिखितेषु कस्य पर्यायः अस्ति?	गन्धकपाषाण / बलि / बलरस / सर्वेषाम्	सर्वेषाम्	
253	कौन सा गन्धक स्वर्ण बनाने के काम आता है? (क.) पीत वर्ण (ख.) रक्तवर्ण (ग.) श्वेत वर्ण (घ.) कृष्ण वर्ण	कः गन्धकः स्वर्णनिर्माणे उपयुज्यते? (क.) पीतवर्ण (ख.) रक्तवर्ण (ग.) श्वेतवर्ण (घ.) कृष्णवर्ण	कः गन्धकः स्वर्णनिर्माणे उपयुज्यते?	पीतवर्ण / रक्तवर्ण / श्वेतवर्ण / कृष्णवर्ण	रक्तवर्ण	
257	निम्नलिखित में से कौन-सा तथ्य गंधक के संदर्भ में गलत है? (क.) कफ वात हर (ख.) रसायन (ग.) मधुर विपाक (घ.) उष्ण वीर्य	अधोलिखितेषु कः तथ्यम sulphur संदर्भे त्रुटितम् अस्ति? (अ.) कफ वात हर (आ.) रसायन (इ.) मधुर विपाक (ई.) उष्ण वीर्य	अधोलिखितेषु कः तथ्यम sulphur संदर्भे त्रुटितम् अस्ति?	कफ वात हर / रसायन / मधुर विपाक / उष्ण वीर्य	मधुर विपाक	
258	निम्नलिखित में से कौन-सा अशुद्ध गंधक का दोष नहीं है? (क.) ओज नाशक (ख.) कुष्ठ (ग.) आमवात (घ.) विषम ज्वर	अधोलिखितेषु कः अशुद्ध sulphur दोषो नास्ति? (अ.) ओज: नाशकः (आ.) कुष्ठ (इ.) आमवात (ई.) विषम ज्वर:	अधोलिखितेषु कः अशुद्ध sulphur दोषो नास्ति?	ओज: नाशकः / कुष्ठ / आमवात / विषम ज्वर:	आमवात	
259	अभ्रक निम्न में से किसका पर्याय है? (क.) गगन (ख.) वज्र (ग.) दोनों (घ.) कोई नहीं	अभ्रकं अधोलिखितेषु कस्य पर्याय: अस्ति? (अ.) गगन (आ.) वज्र (इ.) उभयं (ई.) न कस्यापि	अभ्रकं अधोलिखितेषु कस्य पर्याय: अस्ति?	गगन / वज्र / उभयं / न कस्यापि	उभयं	
260	सुमेल्लित करें  i. श्वेत अभ्रक 1. रसायन कर्म ii. रक्त अभ्रक 2. चांदी बनाने हेतु iii. पीत अभ्रक 3. स्वर्ण बनाने हेतु iv. कृष्ण अभ्रक 4. रोग नष्ट करने हेतु? (क.) i-2, ii-1, iii-4, iv-3 (ख.) i-2, ii-1, iii-3, iv-4 (ग.) i-1, ii-3, iii-4, iv-2 (घ.) i-3, ii-4, iii-2, iv-1	सुमेलयत i. श्वेतम् अभ्रकम् 1. रसायनं कर्म ii. रक्तम् अभ्रकम् 2. रजतं निर्माणहेतु iii. पीतम् अभ्रकम् 3. सुवर्ण निर्माणहेतु iv. कृष्णम् अभ्रकम् 4. रोग नाशनहेतु (अ.) i-2, ii-1, iii-4, iv-3 (आ.) i-2, ii-1, iii-3, iv-4 (इ.) i-1, ii-3, iii-4, iv-2 (ई.) i-3, ii-4, iii-2, iv-1	सुमेलयत i. श्वेतम् अभ्रकम् 1. रसायनं कर्म ii. रक्तम् अभ्रकम् 2. रजतं निर्माणहेतु iii. पीतम् अभ्रकम् 3. सुवर्ण निर्माणहेतु iv. कृष्णम् अभ्रकम् 4. रोग नाशनहेतु	i-2, ii-1, iii-4, iv-3 / i-2, ii-1, iii-3, iv-4 / i-1, ii-3, iii-4, iv-2 / i-3, ii-4, iii-2, iv-1	i-2, ii-1, iii-3, iv-4	
261	पिनाक अभ्रक के सेवन से होने वाला रोग क्या है? (क.) मधुमेह (ख.) महाकुष्ठ (ग.) गांठे होना (घ.) मृत्यु	पिनाक अभ्रक सेवनात् कः रोगः जायते? (अ.) मधुमेह (आ.) महाकुष्ठ (इ.) गांठिकाः (ई.) मृत्यु	पिनाक अभ्रक सेवनात् कः रोगः जायते?	मधुमेह / महाकुष्ठ / गांठिकाः / मृत्यु	महाकुष्ठ	
269	स्फटिका निम्न में से किसका पर्याय है? (क.) श्वेता (ख.) शुभ्रा (ग.) दृढ़रङ्गा (घ.) सभी	स्फटिका अधोलिखितेषु कस्य पर्यायः अस्ति? (अ.) श्वेता (आ.) शुभ्रा (इ.) दृढ़रङ्गा (ई.) सर्वे	स्फटिका अधोलिखितेषु कस्य पर्यायः अस्ति?	श्वेता / शुभ्रा / दृढ़रङ्गा / सर्वे	सर्वे	
270	राजावर्त निम्न में से किसका पर्याय नहीं है? (क.) नृपावर्त (ख.) दृढ़रङ्गा (ग.) रेवटी (घ.) आवर्तमणिसंज्ञक	राजावर्त अधोलिखितेषु कस्य पर्यायः नास्ति? (अ.) नृपावर्त (आ.) दृढ़रङ्गा (इ.) रेवटी (ई.) आवर्तमणिसंज्ञकः	राजावर्त अधोलिखितेषु कस्य पर्यायः नास्ति?	नृपावर्त / दृढ़रङ्गा / रेवटी / आवर्तमणिसंज्ञकः	दृढ़रङ्गा	
271	तुत्थक निम्न में से किसका पर्याय है? (क.) खर्पर (ख.) खटिका (ग.) बालुका (घ.) गैरिक	तुत्थकः अधोलिखितेषु कस्य पर्यायः? (अ.) खर्परः (आ.) खटिका (इ.) बालुका (ई.) गैरिकः	तुत्थकः अधोलिखितेषु कस्य पर्यायः?	खर्परः / खटिका / बालुका / गैरिकः	खर्परः	
273	सौराष्ट्री निम्न में से किसका पर्याय है? (क.) मृत्तालक (ख.) आढकी (ग.) मृत्सना (घ.) सभी	सौराष्ट्री अधोलिखितेषु कस्य पर्यायः? (अ.) मृत्तालकः (आ.) आढकी (इ.) मृत्सना (ई.) सर्वे	सौराष्ट्री अधोलिखितेषु कस्य पर्यायः?	मृत्तालकः / आढकी / मृत्सना / सर्वे	सर्वे	
274	क्षेत्रजा निम्न में से किसका पर्याय है? (क.) कर्दम (ख.) शंख (ग.) बोल (घ.) कृष्ण मृत्तिका	क्षेत्रजा अधोलिखितेषु कस्य पर्यायः? (अ.) कर्दमः (आ.) शङ्खः (इ.) बोलः (ई.) कृष्णमृत्तिका	क्षेत्रजा अधोलिखितेषु कस्य पर्यायः?	कर्दमः / शङ्खः / बोलः / कृष्णमृत्तिका	कृष्णमृत्तिका	
280	किस वर्ण का हीरा रसायन उपयोगी होता है? (क.) ब्राहमण वर्ण (ख.) क्षत्रिय वर्ण (ग.) वेश्य वर्ण (घ.) क्षुद्र वर्ण	कस्य वर्णस्य हीरकः रसायनार्थे उपयुक्तः भवति? (क.) ब्राह्मण वर्णः (ख.) क्षत्रिय वर्णः (ग.) वैश्य वर्णः (घ.) शूद्र वर्णः	कस्य वर्णस्य हीरकः रसायनार्थे उपयुक्तः भवति?	ब्राह्मण वर्णः / क्षत्रिय वर्णः / वैश्य वर्णः / शूद्र वर्णः	ब्राह्मण वर्णः	
287	शालिधान्य की उत्पति किस ऋतु में होती है? (क.) शिशिर (ख.) शरद (ग.) वर्षा (घ.) हेमन्त	शालिधान्यस्य उत्पत्तिः कस्यां ऋतौ भवति? (क.) शिशिरः (ख.) शरदः (ग.) वर्षाः (घ.) हेमन्तः	शालिधान्यस्य उत्पत्तिः कस्यां ऋतौ भवति?	शिशिरः / शरदः / वर्षाः / हेमन्तः	हेमन्तः	
288	ब्रीहिधान्य किस ऋतु में उत्पन्न होते है? (क.) वर्षा (ख.) शरद (ग.) शिशिर (घ.) हेमन्त	ब्रीहि धान्याः कस्याम् ऋतौ उत्पद्यन्ते? (क.) वर्षः (ख.) शरदः (ग.) शिशिरः (घ.) हेमन्तः	ब्रीहि धान्याः कस्याम् ऋतौ उत्पद्यन्ते?	वर्षः / शरदः / शिशिरः / हेमन्तः	वर्षः	
295	सूप्य एवं वैदल किसके पर्याय है? (क.) शूकधान्य (ख.) शिम्बीधान्य (ग.) कृष्णब्रीहि (घ.) जतुमुख	सूप्यं वैदल च कस्य पर्यायौ स्तः? (क.) शूकधान्य (ख.) शिंबीधान्य (ग.) कृष्णब्रीहि (घ.) जातुमुख	सूप्यं वैदल च कस्य पर्यायौ स्तः?	शूकधान्य / शिंबीधान्य / कृष्णब्रीहि / जातुमुख	शिंबीधान्य	
302	निम्नलिखित में से क्षुज्जनिका किसका पर्याय है? (क.) सर्षप (ख.) राजिका (ग.) कंगु (घ.) चोमाक	नीचेषु क्षुज्जनिका कस्य पर्यायः अस्ति? (क.) सर्षप (ख.) राजिका (ग.) कंगु (घ.) चोमाक	नीचेषु क्षुज्जनिका कस्य पर्यायः अस्ति?	सर्षप / राजिका / कंगु / चोमाक	राजिका	
303	भावप्रकाश के अनुसार कितने वर्ष पुराने धान्य को पुराण कहते हैं? (क.) >1 वर्ष (ख.) >2 वर्ष (ग.) 5 वर्ष (घ.) 10 वर्ष	भावप्रकाशस्य अनुसारं कतानि वर्षाणि जातानि धान्यानि पुराणानि इति उच्यन्ते? (क.) >१ वर्ष (ख.) >२ वर्ष (ग.) ५ वर्ष (घ.) १० वर्ष	भावप्रकाशस्य अनुसारं कतानि वर्षाणि जातानि धान्यानि पुराणानि इति उच्यन्ते?	>१ वर्ष / >२ वर्ष / ५ वर्ष / १० वर्ष	>२ वर्ष	
304	शाक के कितने भेद होते हैं? (क.) 5 (ख.) 6 (ग.) 7 (घ.) 8	शाकस्य कति भेदाः भवन्ति? (क.) ५ (ख.) ६ (ग.) ७ (घ.) ८	शाकस्य कति भेदाः भवन्ति?	५ / ६ / ७ / ८	६	
305	निम्नलिखित को उत्तरोतर गुरूता के क्रम से लगाएं। नाल, पत्र, पुष्प, फल, कन्द, सस्वेदज? (क.) पत्र, पुष्प, फल, संस्वेदज, कन्द, नाल (ख.) पुष्पं, फलं, सस्वेदज, नाल, कन्द, पत्र (ग.) पत्र, पुष्प, फल, नाल, कन्द, स्सवेदज (घ.) पत्र पुष्प, नाल, फल, संस्वेदज, कन्द	निम्नलिखितान् उत्तरोत्तर गुरूत्वस्य क्रमेण व्यवस्थापयत। नाल, पत्रं, पुष्पं, फलं, कन्दं, सस्वेदज? (क.) पत्रं, पुष्पं, फलं, सस्वेदजं, कन्दं, नाल (ख.) पुष्पं, फलं, सस्वेदजं, नालं, कन्दं, पत्रं (ग.) पत्रं, पुष्पं, फलं, नालं, कन्दं, सस्वेदजं (घ.) पत्रं, पुष्पं, नालं, फलं, सस्वेदजं, कन्दं	निम्नलिखितान् उत्तरोत्तर गुरूत्वस्य क्रमेण व्यवस्थापयत। नाल, पत्रं, पुष्पं, फलं, कन्दं, सस्वेदज?	पत्रं, पुष्पं, फलं, सस्वेदजं, कन्दं, नाल / पुष्पं, फलं, सस्वेदजं, नालं, कन्दं, पत्रं / पत्रं, पुष्पं, फलं, नालं, कन्दं, सस्वेदजं / पत्रं, पुष्पं, नालं, फलं, सस्वेदजं, कन्दं	पत्रं, पुष्पं, फलं, नालं, कन्दं, सस्वेदजं	
306	कौन सा शाक दुग्धवर्धक एवं शुक्र को उत्पन्न करने वाला होता है? (क.) नाडीका (ख.) पालक (ग.) कलम्बी (घ.) पट	किं शाकं दुग्धवर्धकं शुक्रजनकं च भवति? (क.) नाडीका (ख.) पालक (ग.) कलम्बी (घ.) पट	किं शाकं दुग्धवर्धकं शुक्रजनकं च भवति?	नाडीका / पालक / कलम्बी / पट	कलम्बी	
307	अश्मन्तक निम्न में से किसका पर्याय है? (क.) चुक्रिका (ख.) नोनिया (ग.) कलम्बी (घ.) कालशाक	अश्मन्तकः कस्मिन पर्यायः भवति? (क.) चुक्रिका (ख.) नोनिया (ग.) कलम्बी (घ.) कालशाक	अश्मन्तकः कस्मिन पर्यायः भवति?	चुक्रिका / नोनिया / कलम्बी / कालशाक	चुक्रिका	
308	निम्नलिखित में से कौन सा शाक सर्वज्वरहर है? (क.) पटोल पत्र (ख.) गुडूची (ग.) कासमर्द (घ.) गोजिह्वा	अधोलिखितेषु कः शाकः सर्वज्वरहर्ता अस्ति? (क) पटोलपत्रम् (ख) गुडूची (ग) कासमर्दः (घ) गोजिह्वा	अधोलिखितेषु कः शाकः सर्वज्वरहर्ता अस्ति?	पटोलपत्रम् / गुडूची / कासमर्दः / गोजिह्वा	गुडूची	
309	भावप्रकाश के अनुसार निन्दनीय शाक कौन सा है? (क.) कलाय (ख.) सर्षप (ग.) अगस्त पुष्प (घ.) कदली पुष्प	भावप्रकाशस्य अनुसारं निन्दनीयः शाकः कः अस्ति? (क) कलायः (ख) सर्षपः (ग) अगस्त्यः पुष्पः (घ) कदली पुष्पम्	भावप्रकाशस्य अनुसारं निन्दनीयः शाकः कः अस्ति?	कलायः / सर्षपः / अगस्त्यः पुष्पः / कदली पुष्पम्	सर्षपः	
311	भावप्रकाश में सरसों का वर्णन किस वर्ग में किया है? (क.) शूक धान्य (ख.) शिम्बी धान्य (ग.) शालिधान्य (घ.) शाकवर्ग	भावप्रकाशे सरसापस्य वर्णनं कस्मिन् वर्गे कृतम् अस्ति? (क) शूकधान्यम् (ख) शिम्बीधान्यम् (ग) शालिधान्यम् (घ) शाकवर्गः	भावप्रकाशे सरसापस्य वर्णनं कस्मिन् वर्गे कृतम् अस्ति?	शूकधान्यम् / शिम्बीधान्यम् / शालिधान्यम् / शाकवर्गः	शिम्बीधान्यम्	
314	आलूक के कितने भेद हैं? (क.) 2 (ख.) 3 (ग.) 4 (घ.) 5	आलूकस्य कति भेदाः सन्ति? (क) २ (ख) ३ (ग) ४ (घ) ५	आलूकस्य कति भेदाः सन्ति?	२ / ३ / ४ / ५	५	
315	कौन सी शाक कच्ची एवं सूखी दोनों तरह से सेवन करना निषिद्ध नहीं है? (क.) पालक (ख.) चौलाई (ग.) सर्षप (घ.) मूलक	कः शाकः कच्चः च सुष्कः च उभयथापि सेवनं निषिद्धं न अस्ति? (क) पालकः (ख) चौलायः (ग) सर्षपः (घ) मूलकः	कः शाकः कच्चः च सुष्कः च उभयथापि सेवनं निषिद्धं न अस्ति?	पालकः / चौलायः / सर्षपः / मूलकः	मूलकः	
316	शाक के संदर्भ में कौन सी व्याख्या निषिद्ध है? (क.) व्याधितं (ख.) बिना ऋतु के उत्पन्न (ग.) सशुष्कं (घ.) सभी	शाकस्य संदर्भे कः व्याख्या निषिद्धा अस्ति? (क) व्याधितम् (ख) अऋतुजम् (ग) सशुष्कम् (घ) सर्वे	शाकस्य संदर्भे कः व्याख्या निषिद्धा अस्ति?	व्याधितम् / अऋतुजम् / सशुष्कम् / सर्वे	सर्वे	
317	मांस निम्न में से किसका पर्याय नहीं है? (क.) क्रव्य (ख.) आमिष (ग.) पलल (घ.) सभी पर्याय हैं	मांसः निम्नेषु कः पर्यायः न अस्ति? (क) क्रव्यः (ख) आमिषम् (ग) पललम् (घ) सर्वे पर्यायाः	मांसः निम्नेषु कः पर्यायः न अस्ति?	क्रव्यः / आमिषम् / पललम् / सर्वे पर्यायाः	सर्वे पर्यायाः	
322	निम्न में से किसका मांस नेत्र एवं गुदा के विकारों के लिए नित्य हितकर होता है? (क.) गुहाशय (ख.) विलेशय (ग.) पर्णमृग (घ.) प्रतुद	निम्नेषु कस्मिनस्मिन मांसं नेत्रगुदविकाराय नित्यं हितकरं भवति? (क) गुहाशयः (ख) विलेशयः (ग) पर्णमृगः (घ) प्रतुदः	निम्नेषु कस्मिनस्मिन मांसं नेत्रगुदविकाराय नित्यं हितकरं भवति?	गुहाशयः / विलेशयः / पर्णमृगः / प्रतुदः	गुहाशयः	
323	कौन से पक्षी कुरेद कर खाने वाले होते हैं? (क.) प्रतुद (ख.) विष्किर (ग.) प्रसह (घ.) विलेशय	कः पक्षिणः कुर्याच्छनं खादन्ति? (क) प्रतुदः (ख) विष्किरः (ग) प्रसहः (घ) विलेशयः	कः पक्षिणः कुर्याच्छनं खादन्ति?	प्रतुदः / विष्किरः / प्रसहः / विलेशयः	विष्किरः	
325	निम्नलिखित में से प्लव पक्षी कौन सा है? (क.) सारस (ख.) उलूक (ग.) पारावत (घ.) लाव	अधोलिखितेषु कस्मिन पक्षिणि प्लवः अस्ति? (क) सारसः (ख) उलूकः (ग) पारावतः (घ) लावः	अधोलिखितेषु कस्मिन पक्षिणि प्लवः अस्ति?	सारसः / उलूकः / पारावतः / लावः	सारसः	
326	कौन से पक्षियों का मांस अति उत्तम होता है? (क.) जल के किनारे रहने वाले पक्षियों का (ख.) धान के अंकुर चरने वाले पक्षियों का (ग.) विष्किर पक्षियों का (घ.) विलेशय पक्षियों का	कस्मिन पक्षिणां मांसं अत्युत्तमं स्यात्? (क.) जले निवसतां पक्षिणां (ख.) धान्यस्य अंकुरान् चरतां पक्षिणां (ग.) विस्किर पक्षिणाम् (घ.) विलेशय पक्षिणां	कस्मिन पक्षिणां मांसं अत्युत्तमं स्यात्?	जले निवसतां पक्षिणां / धान्यस्य अंकुरान् चरतां पक्षिणां / विस्किर पक्षिणाम् / विलेशय पक्षिणां	धान्यस्य अंकुरान् चरतां पक्षिणां	
327	विष्किर वर्ग के पक्षियों के कितने भेद हैं? (क.) 2 (ख.) 3 (ग.) 4 (घ.) 5	विष्किरवर्गस्य पक्षिणां कति भेदाः सन्ति? (क.) २ (ख.) ३ (ग.) ४ (घ.) ५	विष्किरवर्गस्य पक्षिणां कति भेदाः सन्ति?	२ / ३ / ४ / ५	४	
328	निम्नलिखित में से गलत कथन बताएं? (क.) पक्षियों में स्त्री जाति का मांस श्रेष्ठ है। (ख.) चौपायों में स्त्री जाति के जीवों का मांस श्रेष्ठ है। (ग.) पुरूष संज्ञक जीवों के शरीर में नीचे के भाग का मांस लघु होता है। (घ.) सभी गलत हैं।	अधोलिखितेषु कतमं वाक्यं मिथ्या अस्ति? (क.) पक्षिषु स्त्रीजातिं मांसं श्रेष्ठं वर्तते। (ख.) चतुष्पदेषु स्त्रीजातिं जीवानां मांसं श्रेष्ठं वर्तते। (ग.) पुरुषसंज्ञकस्य शरीरस्य अधःभागे मांसं लघु भवति। (घ.) सर्वं मिथ्या अस्ति।	अधोलिखितेषु कतमं वाक्यं मिथ्या अस्ति?	पक्षिषु स्त्रीजातिं मांसं श्रेष्ठं वर्तते। / चतुष्पदेषु स्त्रीजातिं जीवानां मांसं श्रेष्ठं वर्तते। / पुरुषसंज्ञकस्य शरीरस्य अधःभागे मांसं लघु भवति। / सर्वं मिथ्या अस्ति।	पक्षिषु स्त्रीजातिं मांसं श्रेष्ठं वर्तते।	
330	निम्नलिखित में से जल निम्न में से किसका पर्याय है? (क.) अमृत (ख.) घनरस (ग.) अर्ण (घ.) सभी	अधोलिखितेषु जलस्य पर्यायः कः? (क.) अमृत (ख.) घनरस (ग.) अर्ण (घ.) सर्वे	अधोलिखितेषु जलस्य पर्यायः कः?	अमृत / घनरस / अर्ण / सर्वे	सर्वे	
332	निम्नलिखित से कौन सा जल का भेद नहीं है? (क.) धाराज (ख.) वारि (ग.) करकाभव (घ.) तौषार	अधोलिखितेषु कः जलस्य भेदः नास्ति? (क.) धाराज (ख.) वारि (ग.) करकाभव (घ.) तौषार	अधोलिखितेषु कः जलस्य भेदः नास्ति?	धाराज / वारि / करकाभव / तौषार	वारि	
334	आकाशस्थ वायु तथा अग्नि से घन होकर कौन सा जल पाषाण खण्ड समबंध गिरता है? (क.) तौषार (ख.) करका (ग.) हैम (घ.) धाराण	आकाशे वायुना च अग्निना च घनं भूत्वा कः जलः शिलाखण्डरूपेण पतति? (क.) तौषार (ख.) करक (ग.) हैम (घ.) धाराण	आकाशे वायुना च अग्निना च घनं भूत्वा कः जलः शिलाखण्डरूपेण पतति?	तौषार / करक / हैम / धाराण	करक	
336	भौम जल किस समय ग्रहण करने से उत्तम फल देता है? (क.) प्रातः काल (ख.) दोपहर (ग.) सायंकाल (घ.) किसी भी समय	भौम जलः कस्मिन समये ग्राह्यमाणः उत्तमफलं ददाति? (क.) प्रातःकाले (ख.) मध्याह्ने (ग.) सायं काले (घ.) कस्यापि समये	भौम जलः कस्मिन समये ग्राह्यमाणः उत्तमफलं ददाति?	प्रातःकाले / मध्याह्ने / सायं काले / कस्यापि समये	प्रातःकाले	
338	शीतल जल पान किस रोग में निषेध है? (क.) दाह (ख.) मूर्च्छा (ग.) गलग्रह (घ.) तमकश्वास	शीतलं जलं पानं कस्मिन् रोगे निषिद्धं अस्ति? (क.) दाह (ख.) मूर्च्छा (ग.) गलग्रह (घ.) तमकश्वास	शीतलं जलं पानं कस्मिन् रोगे निषिद्धं अस्ति?	दाह / मूर्च्छा / गलग्रह / तमकश्वास	गलग्रह	
341	जीवनं जीविनां जीवौ जगत सर्वन्तु तन्मयम.....' किस संदर्भ में लिखा गया है? (क.) रक्त (ख.) जल (ग.) प्राण (घ.) नेत्र	जीवनं जीविनाम् जीवौ जगत् सर्वन्तु तन्मयम्.....' इत्येतत् कस्मिन् सन्दर्भे लिखितम् अस्ति? (क.) रक्त (ख.) जल (ग.) प्राण (घ.) नेत्र	जीवनं जीविनाम् जीवौ जगत् सर्वन्तु तन्मयम्.....' इत्येतत् कस्मिन् सन्दर्भे लिखितम् अस्ति?	रक्त / जल / प्राण / नेत्र	जल	
342	पीया हुआ साधारण जल का पाक कितने दिन में होता है? (क.) प्रहर (ख.) 1 प्रहर (ग.) 2 प्रहर (घ.) 3 प्रहर	पीतं साधारणं जलस्य पाकः कतिदिनेषु भवति? (क.) प्रहरः (ख.) १ प्रहरः (ग.) २ प्रहरः (घ.) ३ प्रहरः	पीतं साधारणं जलस्य पाकः कतिदिनेषु भवति?	प्रहरः / १ प्रहरः / २ प्रहरः / ३ प्रहरः	१ प्रहरः	
344	निम्न में से किसका दुग्ध अश्मरी नाशक होता है? (क.) आविक (ख.) घोटकी (ग.) औष्ट्र (घ.) हस्तिनी	निम्नेषु कस्य दुग्धं अश्मरीनाशकं भवति? (क.) आविकम् (ख.) घोटकी (ग.) औष्ट्रम् (घ.) हस्तिनी	निम्नेषु कस्य दुग्धं अश्मरीनाशकं भवति?	आविकम् / घोटकी / औष्ट्रम् / हस्तिनी	आविकम्	
345	नस्य एवं आश्च्योतन कर्म के लिए कौन सा दुग्ध प्रयोग में लाना चाहिए? (क.) स्त्री (ख.) धारोष्ण गव्य का (ग.) औष्ट्र (घ.) आविक	नस्य च आश्च्योतन कर्माय किम् दुग्धं प्रयोगेण भवेत्त? (क.) स्त्री (ख.) धारोष्णं गव्यम् (ग.) औष्ट्रम् (घ.) आविकम्	नस्य च आश्च्योतन कर्माय किम् दुग्धं प्रयोगेण भवेत्त?	स्त्री / धारोष्णं गव्यम् / औष्ट्रम् / आविकम्	स्त्री	
347	निम्न में से किसका दुग्ध धाराशीत उत्तम होता है? (क.) स्त्री (ख.) गव्य (ग.) माहिष (घ.) कोई नहीं	निम्नेषु कस्य दुग्धं धाराशीतं उत्तमं भवति? (क.) स्त्री (ख.) गव्यम् (ग.) माहिषम् (घ.) कोऽपि न	निम्नेषु कस्य दुग्धं धाराशीतं उत्तमं भवति?	स्त्री / गव्यम् / माहिषम् / कोऽपि न	माहिषम्	
348	जो दुग्ध बिना औटाए हुए ही फट गया हो उसे क्या कहते हैं? (क.) पीयूष (ख.) किलाट (ग.) क्षीरशाक (घ.) मोरट	यः दुग्धं विनाऽपाक्वीकृत्यैव विपक्वं जातं स किम्? (क.) पीयूषः (ख.) किलाटः (ग.) क्षीरशाकः (घ.) मोरट्	यः दुग्धं विनाऽपाक्वीकृत्यैव विपक्वं जातं स किम्?	पीयूषः / किलाटः / क्षीरशाकः / मोरट्	क्षीरशाकः	
349	जो दुग्ध दही के संयोग से फट गया हो उसमें से घन भाग निकालकर जो द्रव पदार्थ बच जाता है, उसे क्या कहते हैं? (क.) तक्रपिण्ड (ख.) मोरट (ग.) पीयूष (घ.) किलाट	यः दुग्धं दधिना सह संयोज्य खण्डितम् तथा तस्मात् अंशभूतं द्रवपदार्थः शिष्टः तं किम्? (क.) तक्रपिण्डः (ख.) मोरट् (ग.) पीयूषः (घ.) किलाटः	यः दुग्धं दधिना सह संयोज्य खण्डितम् तथा तस्मात् अंशभूतं द्रवपदार्थः शिष्टः तं किम्?	तक्रपिण्डः / मोरट् / पीयूषः / किलाटः	मोरट्	
351	रात्रि में दुग्ध पान करना चाहिए क्योंकि? (क.) पथ्य है (ख.) दोषशामक (ग.) नेत्रहितकर (घ.) सभी सही है	रात्रौ दुग्धं पातव्यं कुतः? (क.) पथ्यं (ख.) दोषशामकम् (ग.) नेत्रहितकरम् (घ.) सर्वे सम्यक्	रात्रौ दुग्धं पातव्यं कुतः?	पथ्यं / दोषशामकम् / नेत्रहितकरम् / सर्वे सम्यक्	सर्वे सम्यक्	
354	किस ऋतु में दधि सेवन निषेध्य है? (क.) हेमन्त (ख.) शिशिर (ग.) वर्षा (घ.) शरद	कस्मिन ऋतौ दधि सेवनं निषिद्धं? (क.) हेमन्ते (ख.) शिशिरे (ग.) वर्षासु (घ.) शरदि	कस्मिन ऋतौ दधि सेवनं निषिद्धं?	हेमन्ते / शिशिरे / वर्षासु / शरदि	शरदि	
355	दधि के ऊपर स्नेहयुक्त भाग को क्या कहते है? (क.) मस्तु (ख.) पीयूष (ग.) तक्र (घ.) सर	दध्नः उपरि स्नेहयुक्तं भागं किं नाम? (क.) मस्तु (ख.) पीयूषः (ग.) तक्रं (घ.) सः	दध्नः उपरि स्नेहयुक्तं भागं किं नाम?	मस्तु / पीयूषः / तक्रं / सः	सः	
358	किस ऋतु में तक्र सेवन निषेध्य है? (क.) ग्रीष्म ऋतु में (ख.) दाह में (ग.) रक्तपित (घ.) सभी	कस्मिन ऋतौ तक्र सेवनं निषिद्धं? (क.) ग्रीष्मे (ख.) दाहे (ग.) रक्तपित्ते (घ.) सर्वे	कस्मिन ऋतौ तक्र सेवनं निषिद्धं?	ग्रीष्मे / दाहे / रक्तपित्ते / सर्वे	सर्वे	
359	चक्षुष्य नवनीत कौन सा है? (क.) गव्यं नवनीतं (ख.) माहिषं नवनीतं (ग.) दुग्धोत्थम नवनीतं (घ.) तत्काल निकाला हुआ नवनीतं	चक्षुष्यं नवनीतं किम्? (क.) गव्यम् नवनीतं (ख.) माहिषं नवनीतं (ग.) दुग्धोत्थं नवनीतं (घ.) तत्कालं निष्कासितं नवनीतं	चक्षुष्यं नवनीतं किम्?	गव्यम् नवनीतं / माहिषं नवनीतं / दुग्धोत्थं नवनीतं / तत्कालं निष्कासितं नवनीतं	दुग्धोत्थं नवनीतं	
360	पुराण घृत किसे कहते है? (क.) 1 वर्ष पुराना (ख.) 2 वर्ष पुराना (ग.) 10 वर्ष पुराना (घ.) 100 वर्ष पुराना	पुरातनं घृतं किं उच्यते? (क.) एकवर्षप्राचीनं (ख.) द्विवर्षप्राचीनं (ग.) दशवर्षप्राचीनं (घ.) शतवर्षप्राचीनं	पुरातनं घृतं किं उच्यते?	एकवर्षप्राचीनं / द्विवर्षप्राचीनं / दशवर्षप्राचीनं / शतवर्षप्राचीनं	एकवर्षप्राचीनं	
366	विशेषेण चक्षुष्यं' घृत कौन सा है? (क.) माहिष (ख.) गव्य (ग.) औष्ट्र (घ.) ह्यस्तन	विषेशेण चक्षुष्यं' घृतं कतम‌? (क.) माहिषम् (ख.) गव्यम् (ग.) औष्ट्रम् (घ.) ह्यस्तनम्	विषेशेण चक्षुष्यं' घृतं कतम‌?	माहिषम् / गव्यम् / औष्ट्रम् / ह्यस्तनम्	गव्यम्	
367	भावप्रकाश में मूत्र वर्ग में कितने प्रकार के सूत्रों का वर्णन किया गया है? (क.) 2 (ख.) 3 (ग.) 5 (घ.) 7	भावप्रकाशे मूत्रवर्गे कति प्रकारस्य सूत्राणां वर्णनं कृतम्? (क.) २ (ख.) ३ (ग.) ५ (घ.) ७	भावप्रकाशे मूत्रवर्गे कति प्रकारस्य सूत्राणां वर्णनं कृतम्?	२ / ३ / ५ / ७	२	
368	भावप्रकाश ने मूत्र वर्ग में कौन से मूत्र का वर्णन नहीं किया है? (क.) गोमूत्र (ख.) मनुष्य मूत्र (ग.) दोनों (घ.) आविक मूत्र	भावप्रकाशे मूत्रवर्गे कस्य मूत्रस्य वर्णनं न कृतम्? (क.) गोमूत्रम् (ख.) मनुष्य मूत्रम् (ग.) उभयोः (घ.) आविक मूत्रम्	भावप्रकाशे मूत्रवर्गे कस्य मूत्रस्य वर्णनं न कृतम्?	गोमूत्रम् / मनुष्य मूत्रम् / उभयोः / आविक मूत्रम्	आविक मूत्रम्	
370	निम्नलिखित में कौन सा तेल बृहण एवं लेखन कर्म दोनों करता है? (क.) सर्षप (ख.) तिल (ग.) राई (घ.) अतसी	अधोलिखितेषु कः तैलः बृहणं लेखनं च करोति? (क.) सर्षपतैलम् (ख.) तिलतैलम् (ग.) राईतैलम् (घ.) अतसीतैलम्	अधोलिखितेषु कः तैलः बृहणं लेखनं च करोति?	सर्षपतैलम् / तिलतैलम् / राईतैलम् / अतसीतैलम्	राईतैलम्	
372	निम्नलिखित में से कौन सा अलसी तेल का गुण है? (क.) बल्य (ख.) चक्षुष्य (ग.) वस्ति कर्म (घ.) सभी	अधोलिखितेषु कः अलसी तैलस्य गुणः अस्ति? (क.) बल्यः (ख.) चक्षुष्यः (ग.) वस्तिकर्म (घ.) सर्वे	अधोलिखितेषु कः अलसी तैलस्य गुणः अस्ति?	बल्यः / चक्षुष्यः / वस्तिकर्म / सर्वे	सर्वे	
376	मधु निम्न में से किसका पर्याय है? (क.) वरटी (ख.) भृगंवान्त (ग.) पुष्परसोद्भव (घ.) सभी	मधुः अधोलिखितेषु कस्यानुयुक्तः पर्यायशब्दः अस्ति? (क.) वरटी (ख.) भृगंवान्त (ग.) पुष्परसोद्भवः (घ.) सर्वे	मधुः अधोलिखितेषु कस्यानुयुक्तः पर्यायशब्दः अस्ति?	वरटी / भृगंवान्त / पुष्परसोद्भवः / सर्वे	सर्वे	
387	हिम बनाने के लिए द्रव्य की मात्रा कितनी चाहिए? (क.) 2 पल (ख.) 4 पल (ग.) 6 पल (घ.) 8 पल	हिमं कर्तुम् कति मात्रया द्रव्यस्य आवश्यकता भवति? (क.) २ पल (ख.) ४ पल (ग.) ६ पल (घ.) ८ पल	हिमं कर्तुम् कति मात्रया द्रव्यस्य आवश्यकता भवति?	२ पल / ४ पल / ६ पल / ८ पल	६ पल	
388	मन्थ में द्रव्य मात्रा कितनी सम्यक् है? (क.) 2 पल (ख.) 4 पल (ग.) 6 पल (घ.) 8 पल	मन्थे द्रव्यस्य मात्रा कति सम्यक् अस्ति? (क.) २ पल (ख.) ४ पल (ग.) ६ पल (घ.) ८ पल	मन्थे द्रव्यस्य मात्रा कति सम्यक् अस्ति?	२ पल / ४ पल / ६ पल / ८ पल	४ पल	
397	स्नेह परिपाक के कितने प्रकार होते हैं? (क.) 2 (ख.) 3 (ग.)4 (घ.) 6	स्नेहपरिपाकस्य कति प्रकाराः भवन्ति? (क.) २ (ख.) ३ (ग.) ४ (घ.) ६	स्नेहपरिपाकस्य कति प्रकाराः भवन्ति?	२ / ३ / ४ / ६	३	
401	अरिष्ट बनाने की विधि में यदि द्रव पदार्थ की मात्रा नहीं कही गई हो, तो कितनी मात्रा लेनी चाहिए? (क.) 1 द्रोण (ख.) 1 तुला (ग.) 1/2 तुला (घ.) 8 पल	अरिष्टनिर्माणविधौ यदि द्रवपदार्थस्य मापं न प्रोक्तं भवेत् तर्हि कियद्भवेत्? (क.) 1 द्रोणः (ख.) 1 तुला (ग.) 1/2 तुला (घ.) 8 पलानि	अरिष्टनिर्माणविधौ यदि द्रवपदार्थस्य मापं न प्रोक्तं भवेत् तर्हि कियद्भवेत्?	1 द्रोणः / 1 तुला / 1/2 तुला / 8 पलानि	1 द्रोणः	
405	मारण योग्य चांदी के कितने गुण होने चाहिए? (क.) 5 (ख.) 7 (ग.) 9 (घ.) 12	मारणार्हं रजतं कति गुणानि भूयासुः? (क) ५ (ख) ७ (ग) ९ (घ) १२	मारणार्हं रजतं कति गुणानि भूयासुः?	५ / ७ / ९ / १२	९	
411	महती स्नेहमात्रा कौन सी है? (क.) 1 दिन एवं 1 रात्रि में जो पच जाए। (ख.) 1 दिन में पचने वाली मात्रा (ग.) आधे दिन में पचने वाली मात्रा (घ.) 4 घंटे में पचने वाली मात्रा	महती स्नेहमात्रा का? (क.) १ दिनं रात्रौ च पचेते (ख) १ दिवसः पच्यते (ग) अर्धदिने पच्यते (घ) चतस्रः घण्टाः पच्यते	महती स्नेहमात्रा का?	१ दिनं रात्रौ च पचेते / १ दिवसः पच्यते / अर्धदिने पच्यते / चतस्रः घण्टाः पच्यते	१ दिनं रात्रौ च पचेते	
412	स्नेह की कौन सी मात्रा अग्निदीपक एवं वीर्य वर्धक है? (क.) कनिष्ठा (ख.) मध्यमा (ग.) ज्येष्ठा (घ.) कोई भी नहीं	स्नेहस्य का या मात्रा अग्निदीपिका च वीर्यवर्धिका वा? (क) कनिष्ठा (ख) मध्यमा (ग) ज्येष्ठा (घ) कोई न	स्नेहस्य का या मात्रा अग्निदीपिका च वीर्यवर्धिका वा?	कनिष्ठा / मध्यमा / ज्येष्ठा / कोई न	कनिष्ठा	
417	विरेचन करवाने हेतु उतम ऋतुएं कौनसी हैं? (क.) शिशिर बसन्त (ख.) बसन्त शारद (ग.) हेमन्त. वर्षा (घ.) हेमन्त शिशिर	विरेचनाय उत्तमा ऋतवः काः? (क) शिशिरः वसन्तः च (ख) वसन्तः शारदः च (ग) हेमन्तः वर्षा च (घ) हेमन्तः शिशिरः च	विरेचनाय उत्तमा ऋतवः काः?	शिशिरः वसन्तः च / वसन्तः शारदः च / हेमन्तः वर्षा च / हेमन्तः शिशिरः च	वसन्तः शारदः च	
420	बस्ति हेतु 6 वर्ष तक के लिए बस्ति की लम्बाई कितनी होनी चाहिए? (क.) 6 अंगुल (ख.) 8 अंगुल (ग.) 10 अंगुल (घ.) 12 अंगुल	बस्तेरर्थं ६ वर्ष पर्यन्तं बस्तेरयामः कियत् स्यात्? (क) ६ अङ्गुलाः (ख) ८ अङ्गुलाः (ग) १० अङ्गुलाः (घ) १२ अङ्गुलाः	बस्तेरर्थं ६ वर्ष पर्यन्तं बस्तेरयामः कियत् स्यात्?	६ अङ्गुलाः / ८ अङ्गुलाः / १० अङ्गुलाः / १२ अङ्गुलाः	८ अङ्गुलाः	
422	रेचन नस्य के भेद कितने हैं? (क.) 2 (ख.) 3 (ग.) 4 (घ.) 5	रेचन नस्यस्य कति भेदाः? (क) २ (ख) ३ (ग) ४ (घ) ५	रेचन नस्यस्य कति भेदाः?	२ / ३ / ४ / ५	२	
423	नस्य कर्म में तीक्ष्ण औषधि की मात्रा? (क.) 1/2 शाण (ख.) 1 शाण (ग.) 1 1/2 शाण (घ.) 2 शाण	नस्यकर्मणि तीक्ष्णस्य औषधस्य माप? (क) १/२ शाणः (ख) १ शाणः (ग) १ १/२ शाणः (घ) २ शाणः	नस्यकर्मणि तीक्ष्णस्य औषधस्य माप?	१/२ शाणः / १ शाणः / १ १/२ शाणः / २ शाणः	१ शाणः	
424	स्नेह नस्य के भेद कितने हैं? (क.) 2 (ख.) 3 (ग.) 4 (घ.) कोई नहीं	स्नेहनस्यस्य कति भेदाः? (क) २ (ख) ३ (ग) ४ (घ) नास्ति	स्नेहनस्यस्य कति भेदाः?	२ / ३ / ४ / नास्ति	२	
427	प्रतिमर्श देने का क्या समय है? (क.) 10 (ख.) 12 (ग.) 14 (घ.) 20	प्रतिमर्शनस्य कदा कालः? (क) १० (ख) १२ (ग) १४ (घ) २०	प्रतिमर्शनस्य कदा कालः?	१० / १२ / १४ / २०	१४	
428	धूम्रपान के प्रकार कितने हैं? (क.) 4 (ख.) 6 (ग.) 7 (घ.) 8	धूम्रपानस्य प्रकाराः कति? (क.) ४ (ख.) ६ (ग.) ७ (घ.) ८	धूम्रपानस्य प्रकाराः कति?	४ / ६ / ७ / ८	६	
431	गण्डूष के कितने भेद हैं? (क.) 2 (ख.) 3 (ग.) 4 (घ.) 5	गण्डूषस्य कितिप्रकाराः? (क.) २ (ख.) ३ (ग.) ४ (घ.) ५	गण्डूषस्य कितिप्रकाराः?	२ / ३ / ४ / ५	४	
434	स्वेद के कितने प्रकार हैं? (क.) 4 (ख.) 10 (ग.) 13 (घ.) 14	स्वेदस्य प्रकाराः कति? (क.) ४ (ख.) १० (ग.) १३ (घ.) १४	स्वेदस्य प्रकाराः कति?	४ / १० / १३ / १४	४	
435	मूर्द्धतैल के कितने प्रकार हैं? (क.) 2 (ख.) 3 (ग.) 4 (घ.) 5	मूर्द्धतैलस्य प्रकाराः कति? (क.) २ (ख.) ३ (ग.) ४ (घ.) ५	मूर्द्धतैलस्य प्रकाराः कति?	२ / ३ / ४ / ५	४	
436	लेप के कितने प्रकार हैं? (क.) 2 (ख.) 3 (ग.) 4 (घ.) कोई नहीं	लेपस्य प्रकाराः कति? (क.) २ (ख.) ३ (ग.) ४ (घ.) न अस्ति	लेपस्य प्रकाराः कति?	२ / ३ / ४ / न अस्ति	३	
437	भावप्रकाश ने नेत्र चिकित्सा कितने प्रकार की बताई है? (क.) 3 (ख.) 5 (ग.) 7 (घ.) 9	भावप्रकाशेन नेत्रचिकित्सायाः कति प्रकाराः उक्ताः? (क.) ३ (ख.) ५ (ग.) ७ (घ.) ९	भावप्रकाशेन नेत्रचिकित्सायाः कति प्रकाराः उक्ताः?	३ / ५ / ७ / ९	७	
438	सेंक करने के लिए नेत्र एवं धार में कितनी दूरी सम्यक् है? (क.) 2 अंगुल (ख.) 4 अंगुल (ग.) 6 अंगुल (घ.) 3 अंगुल	सिक्तक्षालनाय नेत्रधारयोः सम्यक् दूरी कति? (क.) २ अङ्गुलः (ख.) ४ अङ्गुलः (ग.) ६ अङ्गुलः (घ.) ३ अङ्गुलः	सिक्तक्षालनाय नेत्रधारयोः सम्यक् दूरी कति?	२ अङ्गुलः / ४ अङ्गुलः / ६ अङ्गुलः / ३ अङ्गुलः	४ अङ्गुलः	
440	अंजन के कितने भेद हैं? (क.) 2 (ख.) 3 (ग.) 4 (घ.) 5	अञ्जनस्य भेदाः कति? (क.) २ (ख.) ३ (ग.) ४ (घ.) ५	अञ्जनस्य भेदाः कति?	२ / ३ / ४ / ५	३	
442	भावप्रकाश के अनुसार भेषज-भक्षण-समय कितने बताए गए हैं? (क.) 3 (ख.) 5 (ग.) 7 (घ.) 11	भावप्रकाशस्य अनुसारः भेषजभक्षणसमयाः कति उक्ताः? (क.) ३ (ख.) ५ (ग.) ७ (घ.) ११	भावप्रकाशस्य अनुसारः भेषजभक्षणसमयाः कति उक्ताः?	३ / ५ / ७ / ११	५	