QUESTION	ANSWER	gpt-4o	gpt-4	gpt-3.5-turbo	gpt-4o-RAG	gpt-4o-KG-RAG	claude-3-5-sonnet	claude-3.5-sonnet-RAG	gemini-1.0-pro	gemini-1.5-flash	gemini-1.5-pro	mistral-large	llama-3.1-405B-instruct	mistral-large-RAG	llama-3.1-80b-i-KG-RAG	gpt-4o-RAG-ft	gpt-4o-RAG-gl	gpt-4o-KG-RAG-responses	gpt-4o-KG-RAG-query
यस्मिन् विमाने उपाविश्य रामः स्वपत्न्या भ्रात्रा च सह अयोध्यां प्रत्याजगाम तस्य विमानस्य किं नाम?	पुष्पकम्	पुष्पक	पुष्पकम्	रामस्य विमानस्य नाम	पुष्पकम्	पुष्पके	पुष्पकविमानम्	पुष्पकम्	पुष्पकम्	पुष्पकम्	पुष्पकः	पुष्पकम्	पुष्पकविमान	पुष्पकम्	पुष्पक	पुष्पकम्	पुष्पक	पुष्पके	"```cypher
MATCH (राम:Human {lemma: 'राम'})-[:RETURNED_TO]->(अयोध्या:Town {lemma: 'अयोध्या'})
RETURN राम.lemma AS राम, अयोध्या.lemma AS अयोध्या
```"
का राम-वनप्रस्थानाय भरत-राज्याभिषेकाय च कैकेयीं चोदयामास?	मन्थरा	मन्थरा	मन्थरा	राम-वनप्रस्थानाय कैक	मन्थरा	मन्थरा	मन्थरा	मन्थरा		मंथरा		मन्थरा	मंथरा	कैकेयी	दशरथः	मन्थरा	मन्थरा		"```cypher
MATCH (k:King {lemma: 'भरत'})<-[:IS_REFERRED_BY]-(h:Human {lemma: 'कैकेयी'})
RETURN h.lemma AS person
```"
विश्वामित्रो यदा क्षत्रियः आसीत् तदा तस्य नाम किम्?	विश्वजित्	गाधिजः	विश्वामित्रः	विश्वामित्रस्य नाम र	गाधिनः	विश्वामित्रः	विश्वरथः	गाधिपुत्रः	कौशिकः	गौतमः	कौशिकः	गाधि	विश्वामित्रो यदा क्षत्रियः आसीत् तदा तस्य नाम कौशिकः आसीत्	गाधि	कौशिक	गाधिजः	कौशिकः	विश्वामित्रः	"```cypher
MATCH (rishi:Rishi {lemma: 'विश्वामित्र'})
RETURN rishi.lemma AS name
```"
विश्वामित्रस्य तपसो विघ्नः कस्याः अप्सरसः जज्ञे?	मेनकायाः	मेनकायाः	मेनकायाः	विश्वामित्रस्य तपसो	मेनकायाः	मेनकायाः	मेनकायाः	मेनकायाः	मेनका	**मेनका**	मेनकायाः	मेनकायाः	मेनकायाः	मेनका	मेनका	मेनकायाः	मेनेका	दृढनेत्रायाः	"```cypher
MATCH (apsara)-[:IS_CURSED_BY]->(rishi:Rishi {lemma: 'विश्वामित्र'})
RETURN apsara.lemma AS apsara
```"
देवासुरैः निर्मथित-क्षीरोदधेः योऽश्वो जातः तस्य किं नाम?	उच्चैःश्रवाः	उच्चैःश्रवाः	उच्चैःश्रवः	रामायणे अस्य अश्वस	उच्चैःश्रवाः	उच्चैःश्रवाः	उच्चैःश्रवाः	उच्चैःश्रवाः	समुद्रमंथनात् जातः अश्वः *उच्चैःश्रवाः* नाम	अश्वः	उच्चैःश्रवाः	उच्चैःश्रवस्	उच्चैःश्रवाः	उच्चैःश्रवाः	उच्चैःश्रवाः	उच्चैःश्रवाः	उच्चैःश्रवाः	उच्चैःश्रवाः	"```cypher
MATCH (sea:Sea)-[:IS_CHURNED_BY]->(gana:Gana {lemma: 'देव'}), 
      (sea)-[:IS_CHURNED_BY]->(gana2:Gana {lemma: 'असुर'}), 
      (rishi:Rishi {lemma: 'अश्व'})
RETURN rishi.lemma AS name
```"
का सा राक्षसी या उदधेः उपरि प्लवन्तं हनूमन्तं निवार्य तस्य भक्षणे च मतिं चकार?	सुरसा	सिंहिका	सूरसा	राक्षसी तातका इति न	सिंहिका	सुरसा	सुरसा	सिंहिका	सुरसा.	सुर्पणखा	सुरसा	सुरसा	सुरसा	सूर्पनखा	सुरसा	सिंहिका	सुरसा		"```cypher
MATCH (demoness:Human {lemma: 'राक्षसी'})-[:BLOCKED]->(hanuman:Human {lemma: 'हनूमन्तं'})
RETURN demoness.lemma AS demoness
```"
आत्मनः पुत्रम् इच्छन् दशरथः केनेष्टिना याजयामास?	पुत्रेकामेष्ट्या	पुत्रकामेष्ट्या	पुत्रकामेष्टि	दशरथः वसिष्ठेनेष	ऋष्यशृङ्गेण	पुत्रकामेष्टिना	पुत्रेष्टिः	ऋश्यशृङ्गेण	पुत्रकामेन दशरथेन ऋष्यशृङ्गेण ऋत्विग्कृतेन पुत्रकामेष्टिः कारितः	ऋषिं	पुत्रकामेष्ट्या	ऋष्यशृङ्गेण	पुत्रेष्टिना	वसिष्ठेन	रघुवंशे रामायणे बालकाण्डे १४.१४-१५ श्लोके अनुसार ऋषिश्रेष्ठः वसिष्ठः	पुत्रकामेष्ट्या	पुत्रकामेष्ट्या	पुत्रेष्ट्या	"```cypher
MATCH (yajna)-[:IS_SACRIFICE_OF]->(:Epithet {lemma: 'दशरथ'})
RETURN yajna.lemma AS yajna
```"
विदेहाधिपतेः जनकस्य पुरोहितः कः?	शतानन्दः	शतानन्दः	शतानन्दः	जनकस्य पुरोहितः वश	शतानन्दः	अज्ञातः	शतानन्दः	शतानन्दः	शतानंदः	शुक्राचार्यः	शतानन्दः	शतानन्दः	शतानंदः	शतानन्दः	शुक्र	शतानन्दः	शतानन्दः		"```cypher
MATCH (priest)-[:IS_PRIEST_OF]->(king:Human {lemma: 'जनक'})
RETURN priest.lemma AS priest
```"
जनकस्य कनीयसो भ्रातुः नाम किम्?	कुशध्वजः	कुशध्वजः	शत्रुघ्नः	जनकस्य कनीयसो भ्रातु	कुशध्वजः	कुशध्वजः	कुशध्वजः	कुशध्वजः	कुशध्वजः	सुमन्तुः	कुशध्वजः	कुशध्वजः	कुशध्वजः	कुशध्वजः	नास्ति	कुशध्वजः	कुशध्वजः		"```cypher
MATCH (youngerBrother)-[:IS_YOUNGER_BROTHER_OF]->(brother:Human {lemma: 'जनक'})
RETURN youngerBrother.lemma AS name
```"
कः स ऋषिः यः समुद्रान् अपिबत्?	अगस्त्यः	अगस्त्यः	अगस्त्यः	ऋषिः अगस्त्यः	अगस्त्यः	अगस्त्यः	अगस्त्यः	अगस्त्यः	अगस्त्यः	अगस्त्यः	अगस्त्यः	अगस्त्यः	अगस्त्यः	अगस्त्यः	अगस्त्यः	अगस्त्यः	अगस्त्यः		"```cypher
MATCH (rishi:Human)-[:DRANK]->(ocean:Ocean)
RETURN rishi.lemma AS rishi
```"
कः स इभः यः इन्द्रं वहति?	ऐरावतः	ऐरावतः	अश्वः	रामः इभः इन्द्रं व	ऐरावतः	ऐरावतः	ऐरावतः	ऐरावतः	गजः इन्द्रं वहति	ऐरावत:	ऐरावतः	ऐरावतः	ऐरावतः	ऐरावतः	Airāvaṭaḥ	ऐरावतः	सुदर्शनः	मातलिः	"```cypher
MATCH (elephant)-[:WAS_CHARIOTEER_OF]->(:God {lemma: 'इन्द्र'})
RETURN elephant.lemma AS elephant
```"
सीता-राम-विवाहस्य आचार्यः कः?	वसिष्ठः	वशिष्ठः	विश्वामित्रः	विवाहस्य आचार्यः	वसिष्ठः	वशिष्ठः	वसिष्ठः	जनकः	विश्वामित्रः	वशिष्ठः	जनकः	वशिष्ठः	वशिष्ठः	वसिष्ठः	वशिष्ठः	वसिष्ठः	वशिष्ठः	तक्षः	"```cypher
MATCH (acharya)-[:IS_CONSECRATED_BY]->(human:Human {lemma: 'राम'})
RETURN acharya.lemma AS acharya
```"
यस्य पुरी अमरावतीति श्रूयते स कः?	इन्द्रः	इन्द्रः	इन्द्रः	राजा इन्द्रद्युम्नः	शक्रः	इन्द्रः	इन्द्रः	शक्रः	इन्द्रः	कुबेरः	इन्द्रः	इन्द्रः	इन्द्रः	इन्द्रः	शाक्य	इन्द्रः	मघवान्		"```cypher
MATCH (god)-[:IS_THE_TOWN_OF]->(:Town {lemma: 'अमरावती'})
RETURN god.lemma AS god
```"
क्षीरोदधेः उत्पन्नं किं नाम विषम्?	हालाहलम्	कालकूटम्	हलाहलम्	क्षीरोदधेः उत्पन्न	कालकूटम्	हलाहलम्	हालाहलम्	हालाहलम्	हलाहलम्	हलहलम्	हालाहलम्	हालाहलम्	हलाहलम्	विषम्	हलाहलम्	हालाहलम्	हालाहलम्		"```cypher
MATCH (poison)-[:IS_BORN_FROM]->(source {lemma: 'क्षीरोदधि'})
RETURN poison.lemma AS poison
```"
येन पर्वतेन देवासुराः क्षीरोदं अमथ्नन् कः स पर्वतः?	मन्दरः	मन्दरः	मन्दरः	गरुडः स पर्वतः ग	मन्दारः	मन्दरः	मन्दरः	मन्दरः	मन्दरः	मन्दराचलः	मन्दरः	मन्दरः	मंदरः	द्रोणः	मण्डरः	मन्दरः	मन्दरः	मन्दरः	"```cypher
MATCH (sea:Sea)-[:IS_CHURNED_BY]->(gana:Gana {lemma: 'देव'})
MATCH (sea)-[:IS_CHURNED_BY]->(gana2:Gana {lemma: 'असुर'})
RETURN sea.lemma AS sea
```"
सूर्याचन्द्रमसौ कदाचित् काले को ग्राहयति?	राहुः	राहुः	राहुः	सूर्याचन्द्रमसौ कद	राहुः	कालिन्द्या	राहुः	राहुः	राहुः सूर्याचन्द्रमसौ ग्रहयति	राहुः	राहुः	रावणः	राहुः	सूर्यः	राहु	राहुः	मेघः	पिङ्गलः	"```cypher
MATCH (demiGod)-[:IS_A_DOOR_KIPPER_OF]->(:God {lemma: 'सूर्य'})
RETURN demiGod.lemma AS demiGod
```"
इन्द्रस्य स्यन्दनस्य क्षत्ता कः?	मातलिः	मातलिः	मातलिः	रामायणे इन्द्रस्य स्य	मातलिः	मातलिः	मातलिः	मातलिः	हनुमान्	त्वष्टा	मत्सरः	मातलिः	मातलिः	मातलिः	मातलि	मातलिः	मातलिः	मातलिः	"```cypher
MATCH (charioteer)-[:WAS_CHARIOTEER_OF]->(:God {lemma: 'इन्द्र'})
RETURN charioteer.lemma AS charioteer
```"
अमरावत्यां प्रसिद्धं वनं किम्?	नन्दनम्	काननम्	दण्डकारण्यम्	अमरावत्यां प्रसिद्धं	नन्दनम्	नन्दनवनम्	दण्डकारण्यम्	सन्दर्भेषु अमरावती-सम्बन्धेन विशेषतया वनस्य नाम न उल्लिखितम् अतः प्रश्नस्य उत्तरं दातुम् असमर्थोऽस्मि तथापि अमरावती इन्द्रस्य नगरी इति वर्णितम्	इन्‍द्रावनम्	चिंतामणि	नन्दनम्	चैत्ररथम्	पंचवटी	चैत्ररथम्	नागवनम्	नन्दनम्	कदम्बः		"```cypher
MATCH (town:Town {lemma: 'अमरावती'})-[:HAS_FOREST]->(forest)
RETURN forest.lemma AS forest
```"
रावणस्य भ्रता को यो रामम् आश्रयत?	विभीषणः	विभीषणः	विभीषणः	रावणस्य भ्राता विभी	विभीषणः	विभीषणः	विभीषणः	विभीषणः	विभीषणः	विभीषणः	विभीषणः	विभीषणः	विभीषणः	विभीषणः	विभीषण	विभीषणः	विभीषणः		"```cypher
MATCH (brother)-[:IS_BROTHER_OF]->(ravana:Rakshasa {lemma: 'रावण'}),
      (brother)-[:JOINED_THE_FORCE_OF]->(ram:Human {lemma: 'राम'})
RETURN brother.lemma AS brother
```"
को राक्षसः युगपद् षण्मासाः यावत् स्वपिति?	कुम्भकर्णः	कुम्भकर्णः	कुम्भकर्णः	राक्षसः रावणः यु	कुम्भकर्णः	कुम्भकर्णः	कुम्भकर्णः	कुम्भकर्णः	कुंभकर्णः	नीला	कुम्भकर्णः	खरः	कुम्भकर्णः	कुम्भकर्णः	निद्राक्षः	कुम्भकर्णः	कुम्भकर्णः		"```cypher
MATCH (g:Gana {lemma: 'राक्षस'})-[:IS_QUALITY_OF]->(q:quality {lemma: 'युगपद् षण्मासाः यावत् स्वपिति'})
RETURN g.lemma AS राक्षस
```"
रावणाज्ञाम् अनुसृत्य को राक्षसः सुवर्ण-हरिणो भुत्वा सीतायाः परितः चचाल?	मारीचः	मारीचः	मारीचः	रावणाज्ञाम् अनुसृत	मारीचः	मारीचः	मारीचः	मारीचः	मारीचः	मारीचः	मारिचः	मारीचः	मारीचः	मारीचः	मारीचः	मारीचः	मारीचः		"```cypher
MATCH (rakshasa:Gana)-[:BECAME]->(deer:Human {lemma: 'सीता'})
MATCH (rakshasa)-[:IS_COUNSELLOR_OF]->(ravana:Rakshasa {lemma: 'रावण'})
RETURN rakshasa.lemma AS rakshasa
```"
को ब्रह्मर्षिः यः क्षात्रे जातः सन् तपः प्रभावात् ब्राह्मं जगाम?	विश्वामित्रः	विष्वामित्रः	विश्वामित्रः	विश्वामित्रः ब्रह्मर	विश्वामित्रः	वसिष्ठः	विश्वामित्रः	विश्वामित्रः	"विश्वामित्रः 

विश्वामित्रः राजर्षिः आसीत्, किन्तु तपसा ब्राह्मणत्वम् आप्तवान्"	विश्वामित्रः	विश्वामित्रः	विश्वामित्रः	विश्वामित्रः	विश्वामित्रः	विश्वामित्रः	विष्वामित्रः	विष्वामित्रः		"```cypher
MATCH (person:Human {lemma: 'ब्रह्मर्षि'})-[:BORN_IN]->(:Caste {lemma: 'क्षात्र'}),
      (person)-[:ACHIEVED_BY_TAPAS]->(:Caste {lemma: 'ब्राह्म'})
RETURN person.lemma AS person
```"
को आसीत् यं सशरीरं विश्वामित्रः स्वर्लोकं प्रापयांचकार?	त्रिशङ्कुः	त्रिशङ्कुः	त्रिशंकुः	विश्वामित्रः राजर्ष	त्रिशङ्कुः	त्रिशङ्कुः	त्रिशङ्कुः	त्रिशङ्कुः	"माता 

विश्वामित्रेण ध्यानान्ते सप्तर्षीनां ध्यानं भंगम् कृतवान् तेन सप्तर्षयः कुपित्वा विश्वामित्रं शूद्रं बभूवुः क्रोधेन विश्वामित्रः कठोरं तपः चकार तस्य तपसा प्रसन्नः इन्द्र विश्वामित्रं राजत्वेन अभिषेकम् अकरोत् तथापि विश्वामित्रः ब्रह्मर्षिः भवितुम् इच्छति स्म तेन पुनः कठोरं तपः चकार 

विश्वामित्रः देवानाम् अनेकानि कष्टानि चकार अतः देवाः विश्वामित्रं ब्रह्मर्षिः नाकरोत् विश्वामित्रः पुनः तपः चकार विश्वामित्रः स्व-शरीरं अग्निं प्रविशति स्म अग्निदेवः विश्वामित्रं मातुः गर्भे प्रविष्टम् अकरोत् तदा विश्वामित्रः गर्भवासं न प्राप्तवान् अतः अग्निहोत्रः कर्तुम् अधिकृतः जातः ततः विश्वामित्रस्य पिता ब्रह्मा तं ब्रह्मर्षिः घोषितवान्"	त्रिशंकुः	त्रिशंकुः	त्रिशङ्कुः	त्रिशंकुः	त्रिशङ्कुः	वासिष्ठः	त्रिशङ्कुः	सगरः		"```cypher
MATCH (rishi:Rishi {lemma: 'विश्वामित्र'})-[:DEPUTED_ON_THE_RESPONSIBILITY_OF]->(human:Human)
RETURN human.lemma AS human
```"
कः स्वकीय-पितुः ययातेः जरां गृहीत्वा तस्मै आत्मनो यौवनम् ददे?	पुरुः	पुरुरवाः	पुरुः	स्वकीय-पितुः ययात	पुरुरवाः	पूष्णः	पुरुः	पूरुः	श्रीरामः	पुरूरवाः	पुरुः	पुरुः	पुरु	पुरुः	पुरु	पुरुः	पुरुः		"```cypher
MATCH (son)-[:IS_FATHER_OF]->(father:Human {lemma: 'ययाति'})
RETURN son.lemma AS son
```"
अश्विनौ पुरा सोमभागिनौ नास्ताम् । ततः कः ऋषिः तौ सोमपायिनै चकार यतो स जरां त्यक्त्वा ताभ्यां यौवनं प्राप्नोत्?	च्यवनः	च्यवनः	च्यवनः	रामायण-सम्बन्धे पृ	च्यवनः	च्यवनः	च्यवनः	च्यवनः	**विश्वामित्रः**	विश्वामित्रः	च्यवनः	च्यवनः	च्यवनः	च्यवनः	च्यवन	दधिचिः	च्यवनः		"```cypher
MATCH (rishi:Human)-[:MADE_SOMAPAYIN]->(ashvinau:Human {lemma: 'अश्विनौ'})
RETURN rishi.lemma AS rishi
```"
आयोध्यायाः को राजपुत्रो बालान् गृहीत्वा नद्यां पातयति स्म?	असमञ्जः	रावणः	भरतः	रामः राजपुत्रः आयो	भरतः	लवः	भरतः	न कोऽपि रामायणे आयोध्यायाः कोऽपि राजपुत्रः बालान् गृहीत्वा नद्यां न पातयति स्म एतादृशी कथा रामायणे न वर्तते	शत्रुघ्नः	बाली	शान्तनुः	कैकेयी	शम्बूकः	रामः	No answer	भरतः	भरतः		"```cypher
MATCH (prince:Human)-[:IS_A_PRINCE_OF]->(:Town {lemma: 'अयोध्या'}),
      (prince)-[:THREW_CHILDREN_INTO]->(river:River)
RETURN prince.lemma AS prince
```"
अम्ब्रीषस्य यज्ञे को वारुणो पशुः भूत्वा युपे अबध्यत यस्य स्तुतिभिः तुष्टेन वरुणेन च पाशैः यो अमुच्यत?	शुनःशेपः	नहुषः	दुर्वासः	अम्ब्रीषस्य यज्ञे	शुनःशेपः	अजमीढः	शुनःशेपः	शुनःशेपः	नहुषः	बली	**ऋषभः**	ऋष्यशृङ्गः	सुमन्त्रेण	शुनःशेपः	No answer	हरिश्चन्द्रः	नहुषः		"```cypher
MATCH (sacrifice:Event {lemma: 'यज्ञ'})-[:PART_OF]->(ambareesha:Human {lemma: 'अम्ब्रीष'}),
      (varuna:Deity {lemma: 'वरुण'}),
      (animal:Animal)-[:SACRIFICED_IN]->(sacrifice),
      (animal)-[:RELEASED_BY]->(varuna)
RETURN animal.lemma AS animal
```"
सगरेण सङ्कल्पित-हयमेधम् अवरोद्धुम् अश्वं को जहार?	इन्द्रः	कपिः	इन्द्रः	सगरेण सङ्कल्पित-हय	राक्षसः	इन्द्रः	इन्द्रः	वासवः	अश्वम् जहार *इन्द्र*	हनुमान्	इन्द्रः	इन्द्रः	इन्द्रः	वासवः	इन्द्रः	कपिलः	रामः		"```cypher
MATCH (rishi:Rishi {lemma: 'अश्व'})<-[:IS_POISONED_BY]-(human:Human {lemma: 'सगर'})
RETURN rishi.lemma AS rishi
```"
को रावणं बबन्ध यश्च पुनः तं पुलस्त्य-वचनात् मुमोच?	कार्तवीर्यार्जुनः	वालिः	विश्रवः	रावणं विश्रवस्य तन	अर्जुनः	वसिष्ठः	गरुडः	अर्जुनः	## इंद्र ##	हनुमान्	इन्द्रः	इन्द्रजित्	रामः	अर्जुनः	नारद	हनुमान्	वालिः		"```cypher
MATCH (captor)-[:IS_DEFEATED_BY]->(r:Rakshasa {lemma: 'रावण'})
MATCH (r)-[:WAS_REJECTED_BY]->(releaser)
RETURN captor.lemma AS captor, releaser.lemma AS releaser
```"
रामायणे कति श्लोकाः सन्ति?	चतुर्विंशतिसहस्रम्	सप्तसहस्राणि	सप्तसहस्रद्वयम्	रामायणे एक लाख श्लो	वाल्मीकि-रामायणे चतुर्सहस्राणि श्लोकाः सन्ति	अज्ञातम्	चतुर्विंशति-सहस्राणि	"सन्दर्भेषु रामायणस्य श्लोकसङ्ख्या न स्पष्टा तथापि, सामान्यतया रामायणे षट्सहस्राणि श्लोकाः सन्तीति प्रसिद्धम् अतः उत्तरम् -

षट्सहस्राणि"	चत्वारिंशत्सहस्राणि द्वाशतानि षडाधिकाः (24000 + 6 = 24006)	चतुर्विंशतिसहस्राणि	चतुर्विंशतिसहस्रम्	24,000	रामायणे २४००० श्लोकाः सन्ति	२४,०००	नास्ति	वाल्मीकि-रामायणे २४,००० श्लोकाः सन्ति	वाल्मीकि-रामायणे चतुर्सहस्राणि श्लोकाः सन्ति		"```cypher
MATCH (r:Text {lemma: 'रामायण'})
RETURN r.slokas_count AS slokas_count
```"
कति वर्ष-पर्याप्तं लक्ष्मणो निद्रां त्यक्त्वा ब्रह्मचर्यम् अपालयत्?	चतुर्दश	चतुर्दश	द्वादश	लक्ष्मणः द्वादश व	चतुर्दश	चतुर्दश	चतुर्दश	चतुर्दश	चतुर्दश वर्षाणि लक्ष्मणो निद्रां त्यक्त्वा ब्रह्मचर्यम् अपालयत्	चतुर्दश	चतुर्दश	चतुर्दश	चतुर्दश वर्षाणि	चतुर्दश	नव	चतुर्दश	चतुर्दश	एकवर्षम्	"```cypher
MATCH (human:Human {lemma: 'लक्ष्मण'})
RETURN human.lemma AS human
```"
लङ्कां प्राप्तुम् उदधिः कति योजन-विस्तीर्णः आसीत्?	शत	सप्ततिः	हुन्द्रेद	लङ्कां प्राप्तुम् उद	शतयोजनम्	सहस्र-योजनः	शतम्	शतयोजनम्	अष्टसहस्राणि योजनः	सप्त	शतयोजनम्	शतयोजनम्	सार्ध-शत-योजन-विस्तीर्णः	शतयोजनम्	नासीत्	सप्तशत	शत	निकुम्भिलायाः	"```cypher
MATCH (ocean)-[:IS_SITUATED_IN]->(:Country {lemma: 'लङ्का'})
RETURN ocean.lemma AS ocean
```"
कति वर्षाणि कालं रामस्य वने प्रवासम् अभवत्?	चतुर्दश	चतुर्दश	दश	रामस्य वने प्रवासं एक	दश	चतुर्दश	चतुर्दश	चतुर्दश	चतुर्दश	चतुर्दश	चतुर्दश	चतुर्दश	चतुर्दश वर्षाणि	चतुर्दश	द्वादश	दश	दश		"```cypher
MATCH (ram:Human {lemma: 'राम'})-[:IS_CROSSED_BY]->(river:River)
RETURN river.lemma AS river
```"
कार्तवीर्याजुनस्य कति भुजानि आसन्?	सहस्रम्	सहस्रम्	सहस्रम्	कार्तवीर्याजुनस्य ए	सहस्रम्	सहस्राणि	सहस्रम्	प्रश्नः अत्र असम्बद्धः रामायणस्य सन्दर्भेषु कार्तवीर्याजुनस्य वर्णनं नास्ति तस्य भुजानां सङ्ख्या अत्र न उल्लिखिता रामायणे हनूमतः कार्याणि वर्णितानि, न तु कार्तवीर्याजुनस्य	सहस्रम्	शतम्	सहस्रम्	सहस्रम्	सहस्र	सहस्रम्	एकहजार	सहस्रम्	सहस्रम्	षोडश	"```cypher
MATCH (k:Human {lemma: 'कार्तवीर्याजुन'})-[:HAS_PROPERTY]->(p:Property {lemma: 'भुज'})
RETURN p.value AS भुजानि
```"
दशरथस्य कति राज्ञ्यः आसन्?	तिस्रः	त्रयः	चतस्रः	दशरथस्य चत्वारो र	त्रयः	त्रयः	त्रयः	त्रयः	चत्वारः	त्रीणि	त्रयः	तिस्रः	तिस्रः	तिस्रः	तिस्रः	चतस्रः	चतस्रः	"दशरथस्य कति राज्ञ्यः आसन्?
शून्यः"	"```cypher
MATCH (queen)-[:IS_A_COURTIER_OF]->(:Human {lemma: 'दशरथ'})
RETURN count(queen) AS number_of_queens
```"
रावणस्य कति शिरांसि आसन्?	दश	दश	दश	रावणस्य दश शिरांसि	दश	दश	दश	दश	दश.	दश	दश	दश	दश	एकम्	दश	दश	दश	दश	"```cypher
MATCH (r:Rakshasa {lemma: 'रावण'})
RETURN r.heads AS number_of_heads
```"
भार्गवरामः कतिवारं पृथिवीं निःक्षत्रियां चकार?	एकविंशति	सप्तवारम्	त्रिवारम्	भार्गवरामः एकवार	अनेकशः	त्रिवारम्	एकविंशतिवारम्	अनेकशः	एको वंशः	एकवारम्	सप्त	सप्त	एकविंशतिवारम्	एकवारम्	एकवारम्	सप्तवारम्	त्रिवारम्	कदाचन	"```cypher
MATCH (b:Human {lemma: 'भार्गवराम'})-[:PERFORMED_ACTION]->(a:Action {lemma: 'निःक्षत्रियां चकार'})
RETURN COUNT(a) AS times
```"
आदित्यानां का सङ्ख्या?	द्वादश	द्वादश	द्वादश	रामायणे आदित्यानां	द्वादश	द्वादश	द्वादश	द्वादश	सप्त.	सप्त	द्वादश	बहुविधाः	बारह	द्वादश	द्वौ	द्वादश	द्वादश		"```cypher
MATCH (a:Aditya)
RETURN count(a) AS संख्या
```"
रुद्राणां का सङ्ख्या?	एकादश	एकादश	"एकादश
"	रुद्राणां सङ्ख्या एक	एकादश	एकादश	एकादश	"एकादश

रुद्राणां सङ्ख्या एकादश इति प्रसिद्धा यद्यपि प्रश्ने दत्तेषु श्लोकेषु रुद्राणां सङ्ख्या स्पष्टतया नोक्ता, तथापि हिन्दुधर्मे एकादश रुद्राः प्रसिद्धाः सन्ति"	एकादश. द्रुतोत्तरमिदम्, तथापि शास्त्रेषु रुद्राणां विविधाः स्वरूपाणि विद्यन्ते अथ शास्त्रेषु एतेषां स्वरूपाणां अधिकविवरणमपि विचारयेथाः?	एकादश	एकादश	एकादश	एकादश	अष्टौ	एकादश	एकादश	एकादश	एकम्	"```cypher
MATCH (d:Deva {lemma: 'रुद्र'})
RETURN count(d) AS संख्या
```"
वसूनां का सङ्ख्या?	अष्टौ	अष्ट	अष्टौ	वसूनां सप्त सङ्ख्या	अष्ट	अष्टौ	अष्ट	अष्टौ	अष्टau.	अष्टौ	अष्टौ	अष्टौ	आठ	अष्टौ	शून्य	अष्ट	अष्ट	अष्टौ	"```cypher
MATCH (h:Human {lemma: 'वसु'})
RETURN count(h) AS count
```"
जनस्थाने खर-दूषण-सहिताः कति राक्षसाः रामेण अहन्यन्त?	चतुर्दशसहस्रम्	त्रयोदश	षोडशसहस्राणि	रामेण जनस्थाने खर-द	चतुर्दशसहस्राणि	त्रयः	चतुर्दशसहस्राणि	चतुर्दशसहस्राणि	चत्वारः	दश	चतुर्दशसहस्राः	चतुर्दश	चतुर्दशसहस्राः	चतुर्दशसहस्राणि	चतुर्दश	त्रयः	त्रयः	द्वौ	"```cypher
MATCH (r:Rakshasa)-[:LIVED_AT]->(:Place {lemma: 'जनस्थान'}), (r)-[:IS_KILLED_BY]->(:Human {lemma: 'राम'})
RETURN count(r) AS number_of_rakshasas_killed
```"
कच्चिद् यूयं सीताम् अपश्यतेति को द्रुमान् गुल्मांश्च पुष्पाणिच लताश्च पप्रच्छ?	रामः	हनूमान्	हनुमान्	न अहं सीताम् अपश्यम्	रामः	रामः	रामः	रामः	हनुमान्	वृक्षाः	हनुमान्	हनुमान्	हनुमान्	रामः	न	हनुमान्	रामः	रामः	"```cypher
MATCH (inquirer)-[:DID_INQUIRE_ABOUT]->(sita:Human {lemma: 'सीता'})
RETURN inquirer.lemma AS inquirer
```"
किं दुराचरितं मया त्वयि इतः पूर्वं येनाऽहं त्वद् शरेणाऽपविद्धोऽस्मि? यदि त्वया उक्तश्चेत् रावणं निर्जित्य त्वच्चरणयोः स्थापयेयम्- इति को म्रियन् रामं प्रत्यभाषत?	वालिः	विभीषणः	वाली	मम दुराचारं नास्ति	जामदग्न्यः	रावणः	वालिः	परशुरामः	"वाली 
सर्वेषु रामायणेतिहासेषु वाली वानरेण रामेण निर्जित्य दैवयोगाध्द्वारा अपहृतः जातः 
पश्चात् स्वर्गं गच्छन् रामायणेतिहासे वानरराजः वाली रामेण एवमवदत् - 
_""किं दुराचरितं मया त्वयि इतः पूर्वं येनाऽहं त्वद् शरेणाऽपविद्धोऽस्मि?""_ 
_""यदि त्वया उक्तश्चेत् रावणं निर्जित्य त्वच्चरणयोः स्थापयेयम्- इति को म्रियन् रामं प्रत्यभाषत?""_
ततः भगवान् रामः कथयामास - 
_""अहं त्वामन्यथा न जितुं शक्नोमि, अतः कृतकौशलतः बाणप्रयोगं कृतवान् यथा त्वं स्वर्गं गच्छेः""_ 
एवं स्वर्गलोकं गत्वा वाली स्वर्गसुखानि भुंक्ते 
एतत् वानरराजस्यास्य पौराणिकं वृत्तान्तम्"	रावणः	शूर्पणखा	वाली	वाली	रावणः	शरभङ्ग	विभीषणः	सीता	धर्मभृत्	"```cypher
MATCH (speaker)-[:REPLIED_TO]->(target:Human {lemma: 'राम'})
RETURN speaker.lemma AS speaker
```"
" ""लक्ष्मण! अयं समुद्रोऽस्माभिः विनीतवद्भिः त्रयेभ्यो दिनेभ्यः पथ्यर्थेऽत्यन्तोऽभ्यर्थितोपि न प्रतिस्पन्दते। सद्य एनम् एकेन मे शरेणाविध्य शोषयामि किन्तु विना भीतिः न प्रीतिः खल्विहेष्यति"" इति कोऽब्रवीत्?"	रामः	रामः	रामः	"रामः अब्रवीत् ""अ"	रामः	रामः	रामः	रामः	लक्ष्मण:	रामा	रामः	रामः	रामः	रामः	रामः	रामः	रामः		"```cypher
MATCH (speaker)-[:IS_SEEN_BY]->(place:Residential_place {lemma: 'लक्ष्मण'})
RETURN speaker.lemma AS speaker
```"
" ""कुलपांसिनि! त्वं रामं वने प्रस्थाप्य महत् पापं अकरोः मम पितुश्च हन्ताऽसि। एवं मामपि पापभाक् चकार। न त्वं मातेति बोधामर्हसि"" इति क उवाच?"	भरतः	लक्ष्मणः	भरतः	शूर्पणखा उवाच	भरतः	लक्ष्मणः	भरतः	भरतः	कैकेयी	भरतः	शत्रुघ्नः	भरतः	लक्ष्मण उवाच	भरतः	कैकेयी	भरतः	लक्ष्मणः	कौशल्या।	"```
MATCH (speaker)-[:IS_MOTHER_OF]->(target:Human {lemma: 'राम'})
RETURN speaker.lemma AS speaker
```"
" ""अहं स्वेच्छारूपधृत् रक्षःस्त्री, रावणस्य च स्वसा"" इति रामं का स्वयम् आत्मानं न्यवेदयत्?"	शूर्पणखा	शूर्पणखा	शूर्पणखा	रामं सीता स्वयं आत्म	शूर्पणखा	शूर्पणखा	शूर्पणखा	शूर्पणखा	"""शूर्पणखा"" इति 
 
शूर्पणखा रावणस्य भगिनी आसीत्, राक्षसः यः सीताम् अपहर्तुम् इच्छति स्म रामः सीतायाः पतिः आसीत्, यः तस्यं राक्षसराज्यं लङ्कायाम् अन्वेष्टुं गतः आसीत्"	शूर्पणखा	शूर्पणखा	सूर्पणखा	शूर्पणखा	शूर्पणखा	शूर्पणखा	शूर्पणखा	शूर्पणखा		"```cypher
MATCH (self)-[:WAS_REJECTED_BY]->(rakshasa:Rakshasa {lemma: 'रावण'})
RETURN self.lemma AS self
```"
 रावणाय मनुष्य-वानरान् विहाय देवासुरगन्धर्वोरगयक्षराक्षसादिभिः अवध्यत्वं को वरं ददौ?	ब्रह्मा	ब्रह्मा	ब्रह्मा	रावणाय देवाः अवध	ब्रह्मा	ब्रह्मा	ब्रह्मा	ब्रह्मा	ब्रह्मा	ब्रह्मा	ब्रह्मा	विष्णुः	ब्रह्मा	ब्रह्मा	ब्रह्मा	ब्रह्मा	ब्रह्मा		"```cypher
MATCH (god)-[:WAS_CURSED_BY]->(rakshasa:Rakshasa {lemma: 'रावण'})
RETURN god.lemma AS god
```"
क ऐक्ष्वाकु-राजा आसीत् यं वसिष्ठपुत्राः चण्डालो भवेति शशाप?	त्रिशङ्कुः	सगरः	नृपः	दशरथः राजा ऐक्ष	सगरः	अम्बरीषः	त्रिशङ्कुः	त्रिशङ्कुः	विश्वामित्रः	त्रिशंकुः	नृगः	विश्वामित्रः	त्रिशङ्कुः	त्रिशङ्कुः	नृग	सगरः	सगरः		"```cypher
MATCH (v:Human)-[:BECAME]->(:Society_class {lemma: 'चण्डाल'})
RETURN v.lemma AS cursed_person
```"
निषाद! त्वं कदापि प्रतिष्ठां मा गमः यतो त्वं क्रौञ्च-मिथुनयोः एकम् अवधीः यः कामे मोहितः आसीत् इति व्याधं क ऋषिः शशप?	वाल्मीकिः	वाल्मीकिः	वाल्मीकिः	रामायण-सम्बन्धे पृ	वाल्मीकि	वाल्मीकिः	वाल्मीकिः	वाल्मीकिः	शूद्र! न, हताहं तौ कदापि न करिष्यामि, यतो यो कामान् न त्यजति सः नरके पतति!	वशिष्ठः	वाल्मीकिः	वाल्मीकिः	वाल्मीकिः	वाल्मीकिः	अगस्त्य	वाल्मीकिः	वाल्मीकिः		"```cypher
MATCH (rishi)-[:CURSES]->(hunter)-[:IS_KILLED_BY]->(:Bird)-[:BELONGS_TO]->(:Tribe {lemma: 'निषाद'})
RETURN rishi.lemma AS rishi
```"
यं धनुः ज्यां सन्धत्स्वेति दाशरथि-रामाय भार्गव-रामो ददौ तत् किं धनुः?	वैष्णवम्	शिवधनुः	पिनाकम्	रामो धनुः ज्यां सन्ध	वैष्णवम्	शिवधनुः	वैष्णवम्	वैष्णवम्	पिनाकम्	शरंगम्	शिवाय	वैष्णवम्	शैव-धनुः	विष्णुधनुः	शारंगम्	शिवधनुः	विष्णुधनुः		"```cypher
MATCH (giver:Human {lemma: 'भार्गव-राम'})-[:GAVE]->(item:Bow)-[:TO]->(receiver:Human {lemma: 'दाशरथि-राम'})
RETURN item.lemma AS bow
```"
येनास्त्रेण रामो रावणम् अवधीत् तस्य किं नाम?	ब्रह्मास्त्रम्	ब्रह्मास्त्र	ब्रह्मास्त्रम्	रामस्य अस्त्रेण रावण	ब्रह्मास्त्रम्	ब्रह्मास्त्रेण	ब्रह्मास्त्रम्	ब्राह्मम्	शक्त्या	बाणम्	ब्रह्मास्त्रम्	ब्रह्मास्त्रम्	ब्रह्मास्त्रेण	ब्रह्मास्त्रम्	बाणेन	ब्रह्मास्त्र	ब्रह्मास्त्र		"```cypher
MATCH (ram:Human {lemma: 'राम'})-[:WAS_READY_TO_KILL]->(ravana:Rakshasa {lemma: 'रावण'})
RETURN ram.lemma AS ram, ravana.lemma AS ravana
```"
को देवः यं प्रीणयित्वा विश्वामित्रो दिव्यास्त्रान् प्राप्तवान्?	शिवः	शिवः	वरुणः	इन्द्रः देवः यं प्री	महादेवः	इन्द्रः	इन्द्रः	शिवः	रवि:	त्रिदेवः	शिवाय	शिवः	गायत्री	शिवः	अग्निः	महादेवः	महादेवः		"```cypher
MATCH (gana:Gana {lemma: 'देव'})<-[:IS_CHURNED_BY]-(sea)
RETURN gana.lemma AS देव
```"
वाल्मीकेः आश्रमवासं कस्याः नद्यः तिरे वर्तेते?	तमसा	तमसः	तामसा	वाल्मीकेः आश्रमवास	तमसाः	तामस्याः	तमसायाः	तमसायाः	तमसा नदी	तमसा	तमसायाः	तमसायाः	तमसायाः	गङ्गायाः	ताम्रपर्णी	तमसा	तमसः	तमसाया:	"```cypher
MATCH (ashram)-[:BELONGED_TO]->(:Maharshi {lemma: 'वाल्मीकि'}), (ashram)-[:TOOK_A_BATH_IN]->(river:River)
RETURN river.lemma AS river
```"
किष्किन्धात् पलायितः सुग्रीवः कं पर्वतम् आश्रित्य न्यवसत्?	ऋष्यमूकम्	ऋष्यमूकम्	रिष्यमूकम्	सुग्रीवः ऋष्यमूक	ऋष्यमूकम्	ऋष्यमूकम्	ऋष्यमूकम्	ऋष्यमूकम्	"ऋष्यमूकपर्वतम 

##"	ऋष्यमूकम्	ऋष्यमूकम्	ऋष्यमूकम्	ऋष्यमूकम्	मन्दरोपमम्	ऋष्यमूकः	ऋष्यमूकम्	ऋश्यमूकम्	ऋष्यमूकम्	"```cypher
MATCH (sugriva:Monkey {lemma: 'सुग्रीव'})-[:SPENT_A_LIFE_OF_EXILE_AT]->(hill:Hill)
RETURN hill.lemma AS hill
```"
कस्याः नद्यः तिरे पञ्चवटी अस्ति यत्र सह पत्न्या सह भ्रात्रा च रामोऽवसत्?	गोदावर्याः	गोदावरी	गोदावर्याः	पञ्चवटी नद्याः त	गोदावरी	गोदावरी	गोदावर्याः	गोदावर्याः	गोदावरी	गोदावरी	गोदावरीम्	गोदावरी	गोदावरी	गोदावर्याः	गोदावरी	गोदावरी	गोदावरी	गोदावर्याः	"```cypher
MATCH (forest:Forest {lemma: 'पञ्चवटी'})<-[:FLOWED_BY_THE]-(river:River)
RETURN river.lemma AS river
```"
गुहो नम निषादाधिपतेः क्षेत्रं कत्र अवर्तत?	शृङ्गवेरपुरम्	श्रृङ्गवेरपुरम्	अयोध्या	गुहो निषादाधिपतेः क	गङ्गानूपे	अवंत्यां	श्रृंगवेरपुरे	गङ्गानूपे	"## आरण्यकाण्डम्

अयोध्यायाः निर्गमनानन्तरं भगवान् रामः अरण्यमाश्रितवान्  तदा गुहः निषादाधिपतिः श्रीरामस्य सहायार्थम् अगच्छत्  गुहस्य क्षेत्रं श्रृङ्गवेरापुरम् आसीत्, यत् गङ्गातीरे अस्ति  एतत् श्रृङ्गवेरापुरम् इदानीं इलाहाबाद इति नाम्ना ख्यातम् वर्तते  

तत्रैव वाल्मीकिमुनिराश्रमम् अकरोत् तथा रामायणग्रन्थमपि रचितवान्

## रामस्य गमनम्:

श्रीरामः अयोध्यातः श्रृङ्गवेरापुरं प्रति आसीत् तत्र गङ्गातीरे निषादेषु निवसन् गुहः श्रीरामं दृष्ट्वा अतिप्रसन्नः अभूत्  ततः गृहम् आनीय भोजनार्थम् आतिथ्यम् अकरोत् अपरमपि ददौ बहुविधम् द्रव्यम् ततः श्रीरामः निषादेश्वरम् निवास्य चरितव्यम् इति उक्तवान् 

यथा रामायणस्य आरण्यकाण्डे वर्णितम् -

> **निषादाधिपतेः क्षेत्रमभवन्नाम वल्गुम्** **|
> **यदस्तितीरे गङ्गायास्तत्र रामम्प्रापय्य सः** **|**
> **आनन्दान्महतः प्राप्य निवसाय च रामम्** **|
> **बहुधा सुखदं राज्ञे ददौ भोगान्विशेषतः** **|
> **स्वस्थो भव निषादेश्वर चरिताव्यामिह त्वया** **|
> **इत्युक्त्वाथ ततः रामो निषादपतिमुच्चरैः** **|**
> **सम्प्रार्थ्य विधिना राजा भरद्वाजम्समभ्यगात्** **|**

(वाल्मीकि रामायणम् अरण्यकाण्डः ३ सर्गः १-८ श्लोकः)

अत्र स्पष्टं दृश्यते यत्, गुहस्य क्षेत्रं श्रृङ्गवेरापुरम् आसीत्, यत् इदानीं इलाहाबाद इति नाम्ना ख्यातम् अस्ति

## इत्यारण्यकाण्डम्##"	चिदंबरम्	शृङ्गवेरपुरम्	सोरञ्जन	श्रृंगवेरपुरे	गङ्गानूपे	मलयाचले	श्रृङ्गवेरपुरम्	श्रृंगवेरपुरे	शृङ्गवेरपुरे	"```cypher
MATCH (tribe:Tribe {lemma: 'गुह'})-[:MET_AT]->(city:City)
RETURN city.lemma AS क्षेत्रं
```"
अगस्त्यः कान् पर्वतान् अवरुद्धवान्?	विन्ध्यः	विन्ध्य	विन्ध्यः	अगस्त्यः विन्ध्यप	महेन्द्रः	विन्ध्यपर्वतान्	विन्ध्यम्	महेन्द्रम्	विंध्यः	विंध्यान्	विन्ध्यम्	विन्ध्यम्	विन्ध्यपर्वतान्	महेन्द्रम्	विंध्य	विन्ध्यः	विन्ध्य	दण्डकान्	"```cypher
MATCH (rishi:Rishi {lemma: 'अगस्त्य'})-[:DWELT_IN]->(forest:Forest)
RETURN forest.lemma AS forest
```"
कस्मिन् अरण्ये जनस्थानः अवर्तत?	दण्डके	दण्डक:	दण्डके	रामायणे, दण्डकारण	दण्डकाः	दण्डकारण्ये	दण्डकारण्ये	दण्डकाः	दण्डकारण्ये	दण्डकारण्ये	दण्डके	दण्डकारण्यम्	दण्डकारण्ये जनस्थानः अवर्तत	दण्डकारण्ये	दण्डकारण्ये	दण्डक-अरण्ये	दण्डकः		"```cypher
MATCH (forest)-[:CONTAINS]->(place:Place {lemma: 'जनस्थान'})
RETURN forest.lemma AS forest
```"
रावणस्य माता का?	कैकसी	कैका	कैकसी	रावणस्य माता कैकेयी	कैकेयी	कैकेयी	कैकसी	केकसी	कैकसी	कैकेसी	कैकेसी	कैकसी	कैकसी	कैकसी	नास्ति	कैकेयी	कैकेसी		"```cypher
MATCH (mother)-[:IS_MOTHER_OF]->(child:Rakshasa {lemma: 'रावण'})
RETURN mother.lemma AS mother
```"
भार्गवरामस्य पिता कः?	जमदग्निः	जमदग्निः	जामदग्निः	भार्गवरामस्य पिता ज	जमदग्निः	जमदग्निः	जमदग्निः	जमदग्निः	भार्गव रामः ऋषि जमदग्नि महाराजस्य पुत्रः आसीत्	जामदग्निः	दशरथः	जमदग्निः	जमदग्निः	ऋचीकः	नास्ति	जमदग्निः	जमदग्निः		"```
MATCH (father)-[:IS_FATHER_OF]->(son:Human {lemma: 'भार्गवराम'})
RETURN father.lemma AS father
```"
